Dataset,Model,15 Bench density,Predicted Value
All,CatBoost,0.0001125942915153,438.5903784025289
All,CatBoost,0.00011483903896527375,438.5903784025289
All,CatBoost,0.00011708378641524747,438.5903784025289
All,CatBoost,0.00011932853386522122,438.5903784025289
All,CatBoost,0.00012157328131519496,440.60578575141136
All,CatBoost,0.0001238180287651687,440.60578575141136
All,CatBoost,0.00012606277621514243,440.60578575141136
All,CatBoost,0.00012830752366511616,440.60578575141136
All,CatBoost,0.0001305522711150899,440.60578575141136
All,CatBoost,0.00013279701856506364,440.60578575141136
All,CatBoost,0.00013504176601503737,440.60578575141136
All,CatBoost,0.00013728651346501112,440.60578575141136
All,CatBoost,0.00013953126091498485,440.60578575141136
All,CatBoost,0.00014177600836495858,440.60578575141136
All,CatBoost,0.0001440207558149323,440.4976989201201
All,CatBoost,0.00014626550326490606,440.4976989201201
All,CatBoost,0.0001485102507148798,440.4976989201201
All,CatBoost,0.00015075499816485352,440.4976989201201
All,CatBoost,0.00015299974561482728,440.4976989201201
All,CatBoost,0.000155244493064801,440.4976989201201
All,CatBoost,0.00015748924051477473,440.4844289483176
All,CatBoost,0.0001597339879647485,440.4844289483176
All,CatBoost,0.00016197873541472222,440.4844289483176
All,CatBoost,0.00016422348286469594,440.4844289483176
All,CatBoost,0.0001664682303146697,440.4844289483176
All,CatBoost,0.00016871297776464343,440.4844289483176
All,CatBoost,0.00017095772521461716,440.4844289483176
All,CatBoost,0.0001732024726645909,440.4844289483176
All,CatBoost,0.00017544722011456464,440.4844289483176
All,CatBoost,0.00017769196756453837,440.4844289483176
All,CatBoost,0.00017993671501451212,440.4844289483176
All,CatBoost,0.00018218146246448585,440.4844289483176
All,CatBoost,0.00018442620991445958,440.4844289483176
All,CatBoost,0.00018667095736443333,440.4844289483176
All,CatBoost,0.00018891570481440706,440.4844289483176
All,CatBoost,0.0001911604522643808,440.4844289483176
All,CatBoost,0.00019340519971435455,440.4844289483176
All,CatBoost,0.00019564994716432827,440.4844289483176
All,CatBoost,0.000197894694614302,440.4844289483176
All,CatBoost,0.00020013944206427576,440.4844289483176
All,CatBoost,0.0002023841895142495,440.4844289483176
All,CatBoost,0.00020462893696422322,535.7153474237156
All,CatBoost,0.00020687368441419697,535.7153474237156
All,CatBoost,0.0002091184318641707,535.7153474237156
All,CatBoost,0.00021136317931414443,487.7032304041442
All,CatBoost,0.00021360792676411818,498.0647492872603
All,CatBoost,0.0002158526742140919,498.0647492872603
All,CatBoost,0.00021809742166406564,498.0647492872603
All,CatBoost,0.0002203421691140394,498.0647492872603
All,CatBoost,0.00022258691656401312,498.0647492872603
All,CatBoost,0.00022483166401398685,498.08955851809066
All,CatBoost,0.0002270764114639606,498.08955851809066
All,CatBoost,0.00022932115891393433,498.08955851809066
All,CatBoost,0.00023156590636390806,498.08955851809066
All,CatBoost,0.00023381065381388182,498.08955851809066
All,CatBoost,0.00023605540126385555,498.08955851809066
All,CatBoost,0.00023830014871382927,497.87233190966344
All,CatBoost,0.00024054489616380303,497.87233190966344
All,CatBoost,0.00024278964361377676,497.87233190966344
All,CatBoost,0.0002450343910637505,497.87233190966344
All,CatBoost,0.00024727913851372424,497.87233190966344
All,CatBoost,0.000249523885963698,497.87233190966344
All,CatBoost,0.0002517686334136717,497.87233190966344
All,CatBoost,0.00025401338086364545,497.87233190966344
All,CatBoost,0.00025625812831361915,497.87233190966344
All,CatBoost,0.0002585028757635929,497.87233190966344
All,CatBoost,0.00026074762321356667,497.8281875542125
All,CatBoost,0.0002629923706635404,497.8281875542125
All,CatBoost,0.0002652371181135141,497.8281875542125
All,CatBoost,0.0002674818655634879,497.8281875542125
All,CatBoost,0.0002697266130134616,497.8281875542125
All,CatBoost,0.00027197136046343533,498.53682224614874
All,CatBoost,0.0002742161079134091,501.6923955279105
All,CatBoost,0.00027646085536338284,501.6923955279105
All,CatBoost,0.00027870560281335655,501.6923955279105
All,CatBoost,0.0002809503502633303,501.6923955279105
All,CatBoost,0.000283195097713304,501.8072578353455
All,CatBoost,0.00028543984516327776,501.82685524634013
All,CatBoost,0.0002876845926132515,502.2561941646473
All,CatBoost,0.00028992934006322527,502.2561941646473
All,CatBoost,0.00029217408751319897,868.464799213573
All,CatBoost,0.0002944188349631727,868.1485608919603
All,CatBoost,0.0002966635824131464,866.359662646282
All,CatBoost,0.0002989083298631202,866.359662646282
All,CatBoost,0.00030115307731309394,866.3117466717842
All,CatBoost,0.0003033978247630677,867.032736832863
All,CatBoost,0.0003056425722130414,867.032736832863
All,CatBoost,0.00030788731966301515,865.8595710656266
All,CatBoost,0.00031013206711298885,865.8595710656266
All,CatBoost,0.0003123768145629626,865.8595710656266
All,CatBoost,0.00031462156201293636,850.6855808396316
All,CatBoost,0.0003168663094629101,850.6855808396316
All,CatBoost,0.0003191110569128838,845.1784155378789
All,CatBoost,0.00032135580436285757,845.1784155378789
All,CatBoost,0.0003236005518128313,847.61673807816
All,CatBoost,0.00032584529926280503,847.61673807816
All,CatBoost,0.0003280900467127788,847.61673807816
All,CatBoost,0.00033033479416275254,843.9993309411213
All,CatBoost,0.00033257954161272624,831.2171679850525
All,CatBoost,0.0003348242890627,830.9067719021623
All,LightGBM,0.0001125942915153,481.620562541804
All,LightGBM,0.00011483903896527375,444.50406723098405
All,LightGBM,0.00011708378641524747,444.50406723098405
All,LightGBM,0.00011932853386522122,444.50406723098405
All,LightGBM,0.00012157328131519496,455.2723901369896
All,LightGBM,0.0001238180287651687,455.2723901369896
All,LightGBM,0.00012606277621514243,455.2723901369896
All,LightGBM,0.00012830752366511616,455.3163749346552
All,LightGBM,0.0001305522711150899,455.3163749346552
All,LightGBM,0.00013279701856506364,455.3163749346552
All,LightGBM,0.00013504176601503737,455.3163749346552
All,LightGBM,0.00013728651346501112,455.3163749346552
All,LightGBM,0.00013953126091498485,455.3163749346552
All,LightGBM,0.00014177600836495858,455.3163749346552
All,LightGBM,0.0001440207558149323,453.89881292378726
All,LightGBM,0.00014626550326490606,453.89881292378726
All,LightGBM,0.0001485102507148798,453.89881292378726
All,LightGBM,0.00015075499816485352,453.89881292378726
All,LightGBM,0.00015299974561482728,453.89881292378726
All,LightGBM,0.000155244493064801,453.89881292378726
All,LightGBM,0.00015748924051477473,453.35492224733804
All,LightGBM,0.0001597339879647485,453.35492224733804
All,LightGBM,0.00016197873541472222,453.35492224733804
All,LightGBM,0.00016422348286469594,453.35492224733804
All,LightGBM,0.0001664682303146697,453.35492224733804
All,LightGBM,0.00016871297776464343,453.35492224733804
All,LightGBM,0.00017095772521461716,453.35492224733804
All,LightGBM,0.0001732024726645909,453.35492224733804
All,LightGBM,0.00017544722011456464,452.8888476545744
All,LightGBM,0.00017769196756453837,452.8888476545744
All,LightGBM,0.00017993671501451212,452.8888476545744
All,LightGBM,0.00018218146246448585,454.5892044497142
All,LightGBM,0.00018442620991445958,455.0852351112516
All,LightGBM,0.00018667095736443333,455.0852351112516
All,LightGBM,0.00018891570481440706,455.0852351112516
All,LightGBM,0.0001911604522643808,455.0852351112516
All,LightGBM,0.00019340519971435455,455.18705982756495
All,LightGBM,0.00019564994716432827,455.18705982756495
All,LightGBM,0.000197894694614302,455.18705982756495
All,LightGBM,0.00020013944206427576,455.18705982756495
All,LightGBM,0.0002023841895142495,455.18705982756495
All,LightGBM,0.00020462893696422322,462.71709187430326
All,LightGBM,0.00020687368441419697,462.71709187430326
All,LightGBM,0.0002091184318641707,462.71709187430326
All,LightGBM,0.00021136317931414443,424.6648787623554
All,LightGBM,0.00021360792676411818,424.4270423436332
All,LightGBM,0.0002158526742140919,424.4270423436332
All,LightGBM,0.00021809742166406564,424.97507572658304
All,LightGBM,0.0002203421691140394,424.97507572658304
All,LightGBM,0.00022258691656401312,424.97507572658304
All,LightGBM,0.00022483166401398685,425.1392313187002
All,LightGBM,0.0002270764114639606,425.1392313187002
All,LightGBM,0.00022932115891393433,425.1392313187002
All,LightGBM,0.00023156590636390806,425.2429487600486
All,LightGBM,0.00023381065381388182,425.2429487600486
All,LightGBM,0.00023605540126385555,425.2429487600486
All,LightGBM,0.00023830014871382927,425.2484763458562
All,LightGBM,0.00024054489616380303,425.0966957007034
All,LightGBM,0.00024278964361377676,425.0966957007034
All,LightGBM,0.0002450343910637505,425.0966957007034
All,LightGBM,0.00024727913851372424,425.02790144954434
All,LightGBM,0.000249523885963698,425.02790144954434
All,LightGBM,0.0002517686334136717,425.02790144954434
All,LightGBM,0.00025401338086364545,425.02790144954434
All,LightGBM,0.00025625812831361915,425.02790144954434
All,LightGBM,0.0002585028757635929,425.02790144954434
All,LightGBM,0.00026074762321356667,425.02790144954434
All,LightGBM,0.0002629923706635404,425.02790144954434
All,LightGBM,0.0002652371181135141,425.02790144954434
All,LightGBM,0.0002674818655634879,425.02790144954434
All,LightGBM,0.0002697266130134616,425.02790144954434
All,LightGBM,0.00027197136046343533,416.7210803185701
All,LightGBM,0.0002742161079134091,417.14428179874443
All,LightGBM,0.00027646085536338284,417.14428179874443
All,LightGBM,0.00027870560281335655,417.08289055070003
All,LightGBM,0.0002809503502633303,417.08289055070003
All,LightGBM,0.000283195097713304,415.70364060732595
All,LightGBM,0.00028543984516327776,474.26173555007784
All,LightGBM,0.0002876845926132515,495.48140679060356
All,LightGBM,0.00028992934006322527,477.9233067719794
All,LightGBM,0.00029217408751319897,911.3473657993167
All,LightGBM,0.0002944188349631727,912.5570653764055
All,LightGBM,0.0002966635824131464,896.319341242726
All,LightGBM,0.0002989083298631202,896.319341242726
All,LightGBM,0.00030115307731309394,892.8482462823943
All,LightGBM,0.0003033978247630677,890.3748397430899
All,LightGBM,0.0003056425722130414,890.3748397430899
All,LightGBM,0.00030788731966301515,889.667866884756
All,LightGBM,0.00031013206711298885,889.667866884756
All,LightGBM,0.0003123768145629626,889.667866884756
All,LightGBM,0.00031462156201293636,887.396289016388
All,LightGBM,0.0003168663094629101,887.396289016388
All,LightGBM,0.0003191110569128838,867.4989543836228
All,LightGBM,0.00032135580436285757,867.4989543836228
All,LightGBM,0.0003236005518128313,867.990902225188
All,LightGBM,0.00032584529926280503,867.990902225188
All,LightGBM,0.0003280900467127788,867.990902225188
All,LightGBM,0.00033033479416275254,865.8888572387799
All,LightGBM,0.00033257954161272624,847.7142345071127
All,LightGBM,0.0003348242890627,854.7454916161045
All,XGBoost,0.0001125942915153,414.3407897949219
All,XGBoost,0.00011483903896527375,414.3407897949219
All,XGBoost,0.00011708378641524747,411.1687927246094
All,XGBoost,0.00011932853386522122,411.1687927246094
All,XGBoost,0.00012157328131519496,411.1687927246094
All,XGBoost,0.0001238180287651687,411.1687927246094
All,XGBoost,0.00012606277621514243,411.1687927246094
All,XGBoost,0.00012830752366511616,411.1687927246094
All,XGBoost,0.0001305522711150899,411.1687927246094
All,XGBoost,0.00013279701856506364,411.1687927246094
All,XGBoost,0.00013504176601503737,411.1687927246094
All,XGBoost,0.00013728651346501112,411.1687927246094
All,XGBoost,0.00013953126091498485,411.1687927246094
All,XGBoost,0.00014177600836495858,411.1687927246094
All,XGBoost,0.0001440207558149323,411.1687927246094
All,XGBoost,0.00014626550326490606,411.1687927246094
All,XGBoost,0.0001485102507148798,411.1687927246094
All,XGBoost,0.00015075499816485352,411.1687927246094
All,XGBoost,0.00015299974561482728,411.1687927246094
All,XGBoost,0.000155244493064801,411.1687927246094
All,XGBoost,0.00015748924051477473,411.1687927246094
All,XGBoost,0.0001597339879647485,411.1687927246094
All,XGBoost,0.00016197873541472222,411.1947326660156
All,XGBoost,0.00016422348286469594,411.1947326660156
All,XGBoost,0.0001664682303146697,411.1947326660156
All,XGBoost,0.00016871297776464343,411.4674072265625
All,XGBoost,0.00017095772521461716,411.4674072265625
All,XGBoost,0.0001732024726645909,411.4674072265625
All,XGBoost,0.00017544722011456464,411.4674072265625
All,XGBoost,0.00017769196756453837,411.4674072265625
All,XGBoost,0.00017993671501451212,411.4674072265625
All,XGBoost,0.00018218146246448585,412.1999816894531
All,XGBoost,0.00018442620991445958,412.2515869140625
All,XGBoost,0.00018667095736443333,412.2515869140625
All,XGBoost,0.00018891570481440706,412.2515869140625
All,XGBoost,0.0001911604522643808,412.2515869140625
All,XGBoost,0.00019340519971435455,412.2515869140625
All,XGBoost,0.00019564994716432827,412.2515869140625
All,XGBoost,0.000197894694614302,412.2515869140625
All,XGBoost,0.00020013944206427576,412.2515869140625
All,XGBoost,0.0002023841895142495,412.2515869140625
All,XGBoost,0.00020462893696422322,412.2515869140625
All,XGBoost,0.00020687368441419697,412.2515869140625
All,XGBoost,0.0002091184318641707,412.2515869140625
All,XGBoost,0.00021136317931414443,399.0224609375
All,XGBoost,0.00021360792676411818,399.0224609375
All,XGBoost,0.0002158526742140919,399.09130859375
All,XGBoost,0.00021809742166406564,399.09130859375
All,XGBoost,0.0002203421691140394,399.09130859375
All,XGBoost,0.00022258691656401312,399.1105041503906
All,XGBoost,0.00022483166401398685,399.1105041503906
All,XGBoost,0.0002270764114639606,399.1105041503906
All,XGBoost,0.00022932115891393433,399.1105041503906
All,XGBoost,0.00023156590636390806,399.1105041503906
All,XGBoost,0.00023381065381388182,399.1105041503906
All,XGBoost,0.00023605540126385555,399.1105041503906
All,XGBoost,0.00023830014871382927,398.4317626953125
All,XGBoost,0.00024054489616380303,397.65185546875
All,XGBoost,0.00024278964361377676,397.1531982421875
All,XGBoost,0.0002450343910637505,397.1531982421875
All,XGBoost,0.00024727913851372424,397.1531982421875
All,XGBoost,0.000249523885963698,397.1531982421875
All,XGBoost,0.0002517686334136717,397.1531982421875
All,XGBoost,0.00025401338086364545,396.9839172363281
All,XGBoost,0.00025625812831361915,396.9839172363281
All,XGBoost,0.0002585028757635929,396.9839172363281
All,XGBoost,0.00026074762321356667,396.9839172363281
All,XGBoost,0.0002629923706635404,396.9839172363281
All,XGBoost,0.0002652371181135141,396.9839172363281
All,XGBoost,0.0002674818655634879,396.9986877441406
All,XGBoost,0.0002697266130134616,398.3956604003906
All,XGBoost,0.00027197136046343533,398.0705261230469
All,XGBoost,0.0002742161079134091,397.055419921875
All,XGBoost,0.00027646085536338284,397.055419921875
All,XGBoost,0.00027870560281335655,397.055419921875
All,XGBoost,0.0002809503502633303,397.1025085449219
All,XGBoost,0.000283195097713304,397.1025085449219
All,XGBoost,0.00028543984516327776,427.4924621582031
All,XGBoost,0.0002876845926132515,532.9170532226562
All,XGBoost,0.00028992934006322527,532.8253784179688
All,XGBoost,0.00029217408751319897,532.8253784179688
All,XGBoost,0.0002944188349631727,1019.58740234375
All,XGBoost,0.0002966635824131464,1019.5780639648438
All,XGBoost,0.0002989083298631202,1020.6133422851562
All,XGBoost,0.00030115307731309394,1020.6133422851562
All,XGBoost,0.0003033978247630677,1007.98876953125
All,XGBoost,0.0003056425722130414,1008.0403442382812
All,XGBoost,0.00030788731966301515,1008.0403442382812
All,XGBoost,0.00031013206711298885,1008.0403442382812
All,XGBoost,0.0003123768145629626,996.4845581054688
All,XGBoost,0.00031462156201293636,996.4845581054688
All,XGBoost,0.0003168663094629101,1001.687255859375
All,XGBoost,0.0003191110569128838,987.7448120117188
All,XGBoost,0.00032135580436285757,987.7448120117188
All,XGBoost,0.0003236005518128313,987.7448120117188
All,XGBoost,0.00032584529926280503,987.7448120117188
All,XGBoost,0.0003280900467127788,994.3262939453125
All,XGBoost,0.00033033479416275254,993.4207763671875
All,XGBoost,0.00033257954161272624,993.9777221679688
All,XGBoost,0.0003348242890627,988.317626953125
Mornings,CatBoost,0.0001125942915153,642.452159518071
Mornings,CatBoost,0.00011483903896527375,642.452159518071
Mornings,CatBoost,0.00011708378641524747,642.452159518071
Mornings,CatBoost,0.00011932853386522122,642.452159518071
Mornings,CatBoost,0.00012157328131519496,642.452159518071
Mornings,CatBoost,0.0001238180287651687,642.452159518071
Mornings,CatBoost,0.00012606277621514243,642.452159518071
Mornings,CatBoost,0.00012830752366511616,642.452159518071
Mornings,CatBoost,0.0001305522711150899,642.452159518071
Mornings,CatBoost,0.00013279701856506364,642.452159518071
Mornings,CatBoost,0.00013504176601503737,642.4721775792013
Mornings,CatBoost,0.00013728651346501112,642.4721775792013
Mornings,CatBoost,0.00013953126091498485,642.4721775792013
Mornings,CatBoost,0.00014177600836495858,642.4721775792013
Mornings,CatBoost,0.0001440207558149323,642.4721775792013
Mornings,CatBoost,0.00014626550326490606,642.4721775792013
Mornings,CatBoost,0.0001485102507148798,642.4721775792013
Mornings,CatBoost,0.00015075499816485352,642.4721775792013
Mornings,CatBoost,0.00015299974561482728,642.4721775792013
Mornings,CatBoost,0.000155244493064801,642.4721775792013
Mornings,CatBoost,0.00015748924051477473,642.4721775792013
Mornings,CatBoost,0.0001597339879647485,642.4721775792013
Mornings,CatBoost,0.00016197873541472222,642.4721775792013
Mornings,CatBoost,0.00016422348286469594,642.4721775792013
Mornings,CatBoost,0.0001664682303146697,642.4721775792013
Mornings,CatBoost,0.00016871297776464343,642.4721775792013
Mornings,CatBoost,0.00017095772521461716,642.4721775792013
Mornings,CatBoost,0.0001732024726645909,642.4721775792013
Mornings,CatBoost,0.00017544722011456464,642.4721775792013
Mornings,CatBoost,0.00017769196756453837,642.4721775792013
Mornings,CatBoost,0.00017993671501451212,642.4721775792013
Mornings,CatBoost,0.00018218146246448585,642.4721775792013
Mornings,CatBoost,0.00018442620991445958,642.4721775792013
Mornings,CatBoost,0.00018667095736443333,642.4721775792013
Mornings,CatBoost,0.00018891570481440706,642.4721775792013
Mornings,CatBoost,0.0001911604522643808,642.4721775792013
Mornings,CatBoost,0.00019340519971435455,642.4721775792013
Mornings,CatBoost,0.00019564994716432827,642.4721775792013
Mornings,CatBoost,0.000197894694614302,642.4721775792013
Mornings,CatBoost,0.00020013944206427576,642.4721775792013
Mornings,CatBoost,0.0002023841895142495,642.4721775792013
Mornings,CatBoost,0.00020462893696422322,775.56041184678
Mornings,CatBoost,0.00020687368441419697,775.56041184678
Mornings,CatBoost,0.0002091184318641707,775.56041184678
Mornings,CatBoost,0.00021136317931414443,745.156536105229
Mornings,CatBoost,0.00021360792676411818,745.156536105229
Mornings,CatBoost,0.0002158526742140919,745.156536105229
Mornings,CatBoost,0.00021809742166406564,745.156536105229
Mornings,CatBoost,0.0002203421691140394,745.156536105229
Mornings,CatBoost,0.00022258691656401312,745.156536105229
Mornings,CatBoost,0.00022483166401398685,745.156536105229
Mornings,CatBoost,0.0002270764114639606,745.156536105229
Mornings,CatBoost,0.00022932115891393433,745.156536105229
Mornings,CatBoost,0.00023156590636390806,745.156536105229
Mornings,CatBoost,0.00023381065381388182,745.156536105229
Mornings,CatBoost,0.00023605540126385555,745.156536105229
Mornings,CatBoost,0.00023830014871382927,745.156536105229
Mornings,CatBoost,0.00024054489616380303,745.156536105229
Mornings,CatBoost,0.00024278964361377676,745.156536105229
Mornings,CatBoost,0.0002450343910637505,745.156536105229
Mornings,CatBoost,0.00024727913851372424,745.156536105229
Mornings,CatBoost,0.000249523885963698,745.156536105229
Mornings,CatBoost,0.0002517686334136717,745.156536105229
Mornings,CatBoost,0.00025401338086364545,745.156536105229
Mornings,CatBoost,0.00025625812831361915,745.156536105229
Mornings,CatBoost,0.0002585028757635929,745.156536105229
Mornings,CatBoost,0.00026074762321356667,745.156536105229
Mornings,CatBoost,0.0002629923706635404,745.156536105229
Mornings,CatBoost,0.0002652371181135141,745.156536105229
Mornings,CatBoost,0.0002674818655634879,745.1887852756826
Mornings,CatBoost,0.0002697266130134616,745.1887852756826
Mornings,CatBoost,0.00027197136046343533,745.1055956652015
Mornings,CatBoost,0.0002742161079134091,745.1055956652015
Mornings,CatBoost,0.00027646085536338284,745.1055956652015
Mornings,CatBoost,0.00027870560281335655,745.1055956652015
Mornings,CatBoost,0.0002809503502633303,745.1055956652015
Mornings,CatBoost,0.000283195097713304,745.1055956652015
Mornings,CatBoost,0.00028543984516327776,745.1055956652015
Mornings,CatBoost,0.0002876845926132515,758.2407933234983
Mornings,CatBoost,0.00028992934006322527,758.2407933234983
Mornings,CatBoost,0.00029217408751319897,758.2473253396391
Mornings,CatBoost,0.0002944188349631727,758.2473253396391
Mornings,CatBoost,0.0002966635824131464,758.2473253396391
Mornings,CatBoost,0.0002989083298631202,758.2473253396391
Mornings,CatBoost,0.00030115307731309394,758.2473253396391
Mornings,CatBoost,0.0003033978247630677,758.6357030209008
Mornings,CatBoost,0.0003056425722130414,758.6357030209008
Mornings,CatBoost,0.00030788731966301515,758.6357030209008
Mornings,CatBoost,0.00031013206711298885,758.6357030209008
Mornings,CatBoost,0.0003123768145629626,758.6357030209008
Mornings,CatBoost,0.00031462156201293636,759.8075085019842
Mornings,CatBoost,0.0003168663094629101,759.8075085019842
Mornings,CatBoost,0.0003191110569128838,765.6977087770733
Mornings,CatBoost,0.00032135580436285757,765.6977087770733
Mornings,CatBoost,0.0003236005518128313,768.193288143254
Mornings,CatBoost,0.00032584529926280503,768.193288143254
Mornings,CatBoost,0.0003280900467127788,768.193288143254
Mornings,CatBoost,0.00033033479416275254,763.1784959045823
Mornings,CatBoost,0.00033257954161272624,754.442636738178
Mornings,CatBoost,0.0003348242890627,754.2703590010851
Mornings,LightGBM,0.0001125942915153,679.9558111538663
Mornings,LightGBM,0.00011483903896527375,679.9558111538663
Mornings,LightGBM,0.00011708378641524747,679.9558111538663
Mornings,LightGBM,0.00011932853386522122,679.9558111538663
Mornings,LightGBM,0.00012157328131519496,679.9558111538663
Mornings,LightGBM,0.0001238180287651687,679.9558111538663
Mornings,LightGBM,0.00012606277621514243,679.9558111538663
Mornings,LightGBM,0.00012830752366511616,679.9558111538663
Mornings,LightGBM,0.0001305522711150899,679.9558111538663
Mornings,LightGBM,0.00013279701856506364,679.9558111538663
Mornings,LightGBM,0.00013504176601503737,679.9558111538663
Mornings,LightGBM,0.00013728651346501112,679.9558111538663
Mornings,LightGBM,0.00013953126091498485,679.9558111538663
Mornings,LightGBM,0.00014177600836495858,679.9558111538663
Mornings,LightGBM,0.0001440207558149323,679.9558111538663
Mornings,LightGBM,0.00014626550326490606,679.9558111538663
Mornings,LightGBM,0.0001485102507148798,679.9558111538663
Mornings,LightGBM,0.00015075499816485352,679.9558111538663
Mornings,LightGBM,0.00015299974561482728,681.2843349801636
Mornings,LightGBM,0.000155244493064801,681.2843349801636
Mornings,LightGBM,0.00015748924051477473,681.3792734178353
Mornings,LightGBM,0.0001597339879647485,681.3792734178353
Mornings,LightGBM,0.00016197873541472222,681.3792734178353
Mornings,LightGBM,0.00016422348286469594,681.3792734178353
Mornings,LightGBM,0.0001664682303146697,681.3792734178353
Mornings,LightGBM,0.00016871297776464343,681.3792734178353
Mornings,LightGBM,0.00017095772521461716,681.3792734178353
Mornings,LightGBM,0.0001732024726645909,681.3792734178353
Mornings,LightGBM,0.00017544722011456464,681.464219798977
Mornings,LightGBM,0.00017769196756453837,681.464219798977
Mornings,LightGBM,0.00017993671501451212,681.464219798977
Mornings,LightGBM,0.00018218146246448585,681.464219798977
Mornings,LightGBM,0.00018442620991445958,681.464219798977
Mornings,LightGBM,0.00018667095736443333,681.464219798977
Mornings,LightGBM,0.00018891570481440706,681.464219798977
Mornings,LightGBM,0.0001911604522643808,681.464219798977
Mornings,LightGBM,0.00019340519971435455,681.3734977999897
Mornings,LightGBM,0.00019564994716432827,681.3734977999897
Mornings,LightGBM,0.000197894694614302,681.3734977999897
Mornings,LightGBM,0.00020013944206427576,681.3734977999897
Mornings,LightGBM,0.0002023841895142495,681.3734977999897
Mornings,LightGBM,0.00020462893696422322,861.3048864596366
Mornings,LightGBM,0.00020687368441419697,861.3048864596366
Mornings,LightGBM,0.0002091184318641707,861.3048864596366
Mornings,LightGBM,0.00021136317931414443,739.3922609813867
Mornings,LightGBM,0.00021360792676411818,736.9603866943619
Mornings,LightGBM,0.0002158526742140919,736.9603866943619
Mornings,LightGBM,0.00021809742166406564,736.9569894808044
Mornings,LightGBM,0.0002203421691140394,736.9569894808044
Mornings,LightGBM,0.00022258691656401312,736.9569894808044
Mornings,LightGBM,0.00022483166401398685,736.9569894808044
Mornings,LightGBM,0.0002270764114639606,736.9569894808044
Mornings,LightGBM,0.00022932115891393433,736.9569894808044
Mornings,LightGBM,0.00023156590636390806,736.9188344643547
Mornings,LightGBM,0.00023381065381388182,736.9188344643547
Mornings,LightGBM,0.00023605540126385555,736.9188344643547
Mornings,LightGBM,0.00023830014871382927,736.9188344643547
Mornings,LightGBM,0.00024054489616380303,736.8700544700002
Mornings,LightGBM,0.00024278964361377676,736.8700544700002
Mornings,LightGBM,0.0002450343910637505,736.8700544700002
Mornings,LightGBM,0.00024727913851372424,736.8700544700002
Mornings,LightGBM,0.000249523885963698,736.8700544700002
Mornings,LightGBM,0.0002517686334136717,736.8700544700002
Mornings,LightGBM,0.00025401338086364545,736.8700544700002
Mornings,LightGBM,0.00025625812831361915,736.8700544700002
Mornings,LightGBM,0.0002585028757635929,736.8700544700002
Mornings,LightGBM,0.00026074762321356667,736.8700544700002
Mornings,LightGBM,0.0002629923706635404,736.8700544700002
Mornings,LightGBM,0.0002652371181135141,736.8700544700002
Mornings,LightGBM,0.0002674818655634879,736.8951803825091
Mornings,LightGBM,0.0002697266130134616,736.8951803825091
Mornings,LightGBM,0.00027197136046343533,736.8951803825091
Mornings,LightGBM,0.0002742161079134091,734.650216213714
Mornings,LightGBM,0.00027646085536338284,734.650216213714
Mornings,LightGBM,0.00027870560281335655,734.650216213714
Mornings,LightGBM,0.0002809503502633303,734.650216213714
Mornings,LightGBM,0.000283195097713304,734.650216213714
Mornings,LightGBM,0.00028543984516327776,734.7963270685575
Mornings,LightGBM,0.0002876845926132515,736.177680886207
Mornings,LightGBM,0.00028992934006322527,736.2912172028823
Mornings,LightGBM,0.00029217408751319897,736.2968159584137
Mornings,LightGBM,0.0002944188349631727,736.5934761850139
Mornings,LightGBM,0.0002966635824131464,736.6243482557187
Mornings,LightGBM,0.0002989083298631202,736.6243482557187
Mornings,LightGBM,0.00030115307731309394,736.5724902619671
Mornings,LightGBM,0.0003033978247630677,736.5724902619671
Mornings,LightGBM,0.0003056425722130414,736.5724902619671
Mornings,LightGBM,0.00030788731966301515,737.2058271940921
Mornings,LightGBM,0.00031013206711298885,737.2058271940921
Mornings,LightGBM,0.0003123768145629626,737.2058271940921
Mornings,LightGBM,0.00031462156201293636,738.4430341077588
Mornings,LightGBM,0.0003168663094629101,738.4430341077588
Mornings,LightGBM,0.0003191110569128838,738.9719409476035
Mornings,LightGBM,0.00032135580436285757,738.9719409476035
Mornings,LightGBM,0.0003236005518128313,739.6229252499395
Mornings,LightGBM,0.00032584529926280503,739.6229252499395
Mornings,LightGBM,0.0003280900467127788,739.6229252499395
Mornings,LightGBM,0.00033033479416275254,738.9136469522952
Mornings,LightGBM,0.00033257954161272624,737.269769891103
Mornings,LightGBM,0.0003348242890627,738.4484807157256
Lunches,CatBoost,0.0001125942915153,726.8255508140975
Lunches,CatBoost,0.00011483903896527375,726.8255508140975
Lunches,CatBoost,0.00011708378641524747,726.8255508140975
Lunches,CatBoost,0.00011932853386522122,726.8255508140975
Lunches,CatBoost,0.00012157328131519496,726.8255508140975
Lunches,CatBoost,0.0001238180287651687,726.8255508140975
Lunches,CatBoost,0.00012606277621514243,726.8255508140975
Lunches,CatBoost,0.00012830752366511616,726.8255508140975
Lunches,CatBoost,0.0001305522711150899,726.8255508140975
Lunches,CatBoost,0.00013279701856506364,726.8255508140975
Lunches,CatBoost,0.00013504176601503737,730.0091905917034
Lunches,CatBoost,0.00013728651346501112,730.0091905917034
Lunches,CatBoost,0.00013953126091498485,730.0091905917034
Lunches,CatBoost,0.00014177600836495858,730.0091905917034
Lunches,CatBoost,0.0001440207558149323,729.6759173796988
Lunches,CatBoost,0.00014626550326490606,729.6759173796988
Lunches,CatBoost,0.0001485102507148798,729.6759173796988
Lunches,CatBoost,0.00015075499816485352,729.6759173796988
Lunches,CatBoost,0.00015299974561482728,729.6759173796988
Lunches,CatBoost,0.000155244493064801,729.6759173796988
Lunches,CatBoost,0.00015748924051477473,729.7699402157139
Lunches,CatBoost,0.0001597339879647485,729.7699402157139
Lunches,CatBoost,0.00016197873541472222,729.7699402157139
Lunches,CatBoost,0.00016422348286469594,729.7699402157139
Lunches,CatBoost,0.0001664682303146697,729.7699402157139
Lunches,CatBoost,0.00016871297776464343,729.7699402157139
Lunches,CatBoost,0.00017095772521461716,729.7699402157139
Lunches,CatBoost,0.0001732024726645909,729.7699402157139
Lunches,CatBoost,0.00017544722011456464,729.7699402157139
Lunches,CatBoost,0.00017769196756453837,729.7699402157139
Lunches,CatBoost,0.00017993671501451212,729.7699402157139
Lunches,CatBoost,0.00018218146246448585,729.7699402157139
Lunches,CatBoost,0.00018442620991445958,729.7699402157139
Lunches,CatBoost,0.00018667095736443333,729.7699402157139
Lunches,CatBoost,0.00018891570481440706,729.7699402157139
Lunches,CatBoost,0.0001911604522643808,729.7699402157139
Lunches,CatBoost,0.00019340519971435455,736.1152431300565
Lunches,CatBoost,0.00019564994716432827,736.1152431300565
Lunches,CatBoost,0.000197894694614302,736.1152431300565
Lunches,CatBoost,0.00020013944206427576,736.1152431300565
Lunches,CatBoost,0.0002023841895142495,736.1152431300565
Lunches,CatBoost,0.00020462893696422322,736.1152431300565
Lunches,CatBoost,0.00020687368441419697,736.1152431300565
Lunches,CatBoost,0.0002091184318641707,736.1152431300565
Lunches,CatBoost,0.00021136317931414443,736.1152431300565
Lunches,CatBoost,0.00021360792676411818,736.1152431300565
Lunches,CatBoost,0.0002158526742140919,736.1152431300565
Lunches,CatBoost,0.00021809742166406564,736.1152431300565
Lunches,CatBoost,0.0002203421691140394,736.1152431300565
Lunches,CatBoost,0.00022258691656401312,736.1152431300565
Lunches,CatBoost,0.00022483166401398685,736.1152431300565
Lunches,CatBoost,0.0002270764114639606,736.1152431300565
Lunches,CatBoost,0.00022932115891393433,736.1152431300565
Lunches,CatBoost,0.00023156590636390806,736.1443306495383
Lunches,CatBoost,0.00023381065381388182,736.1443306495383
Lunches,CatBoost,0.00023605540126385555,736.1443306495383
Lunches,CatBoost,0.00023830014871382927,736.1443306495383
Lunches,CatBoost,0.00024054489616380303,736.1443306495383
Lunches,CatBoost,0.00024278964361377676,736.1443306495383
Lunches,CatBoost,0.0002450343910637505,736.1443306495383
Lunches,CatBoost,0.00024727913851372424,736.1443306495383
Lunches,CatBoost,0.000249523885963698,736.1443306495383
Lunches,CatBoost,0.0002517686334136717,736.1443306495383
Lunches,CatBoost,0.00025401338086364545,736.1443306495383
Lunches,CatBoost,0.00025625812831361915,736.1443306495383
Lunches,CatBoost,0.0002585028757635929,736.1443306495383
Lunches,CatBoost,0.00026074762321356667,736.3766580072175
Lunches,CatBoost,0.0002629923706635404,736.3766580072175
Lunches,CatBoost,0.0002652371181135141,736.3766580072175
Lunches,CatBoost,0.0002674818655634879,736.9479707786002
Lunches,CatBoost,0.0002697266130134616,736.9479707786002
Lunches,CatBoost,0.00027197136046343533,735.5973219174255
Lunches,CatBoost,0.0002742161079134091,735.8125708133729
Lunches,CatBoost,0.00027646085536338284,735.8125708133729
Lunches,CatBoost,0.00027870560281335655,740.0997055745023
Lunches,CatBoost,0.0002809503502633303,740.0997055745023
Lunches,CatBoost,0.000283195097713304,744.1633429964702
Lunches,CatBoost,0.00028543984516327776,748.905724492002
Lunches,CatBoost,0.0002876845926132515,749.9303235094205
Lunches,CatBoost,0.00028992934006322527,747.9611698309488
Lunches,CatBoost,0.00029217408751319897,1686.4562148239968
Lunches,CatBoost,0.0002944188349631727,1685.9427950186591
Lunches,CatBoost,0.0002966635824131464,1689.0275739053704
Lunches,CatBoost,0.0002989083298631202,1689.0275739053704
Lunches,CatBoost,0.00030115307731309394,1688.3501742527294
Lunches,CatBoost,0.0003033978247630677,1688.2749444147535
Lunches,CatBoost,0.0003056425722130414,1688.2749444147535
Lunches,CatBoost,0.00030788731966301515,1686.015874367295
Lunches,CatBoost,0.00031013206711298885,1686.015874367295
Lunches,CatBoost,0.0003123768145629626,1686.015874367295
Lunches,CatBoost,0.00031462156201293636,1685.907014024797
Lunches,CatBoost,0.0003168663094629101,1685.907014024797
Lunches,CatBoost,0.0003191110569128838,1686.672805543357
Lunches,CatBoost,0.00032135580436285757,1686.672805543357
Lunches,CatBoost,0.0003236005518128313,1687.7970946227872
Lunches,CatBoost,0.00032584529926280503,1687.7970946227872
Lunches,CatBoost,0.0003280900467127788,1687.7970946227872
Lunches,CatBoost,0.00033033479416275254,1686.1983283984453
Lunches,CatBoost,0.00033257954161272624,1680.4909041257256
Lunches,CatBoost,0.0003348242890627,1675.258037527654
Lunches,LightGBM,0.0001125942915153,666.0092950635474
Lunches,LightGBM,0.00011483903896527375,666.0092950635474
Lunches,LightGBM,0.00011708378641524747,666.0092950635474
Lunches,LightGBM,0.00011932853386522122,666.0092950635474
Lunches,LightGBM,0.00012157328131519496,666.0092950635474
Lunches,LightGBM,0.0001238180287651687,666.0092950635474
Lunches,LightGBM,0.00012606277621514243,666.0092950635474
Lunches,LightGBM,0.00012830752366511616,666.0092950635474
Lunches,LightGBM,0.0001305522711150899,666.0092950635474
Lunches,LightGBM,0.00013279701856506364,666.0092950635474
Lunches,LightGBM,0.00013504176601503737,665.9880955103358
Lunches,LightGBM,0.00013728651346501112,665.9880955103358
Lunches,LightGBM,0.00013953126091498485,665.9880955103358
Lunches,LightGBM,0.00014177600836495858,665.9880955103358
Lunches,LightGBM,0.0001440207558149323,665.9880955103358
Lunches,LightGBM,0.00014626550326490606,665.9880955103358
Lunches,LightGBM,0.0001485102507148798,665.9880955103358
Lunches,LightGBM,0.00015075499816485352,665.9880955103358
Lunches,LightGBM,0.00015299974561482728,665.9880955103358
Lunches,LightGBM,0.000155244493064801,665.9880955103358
Lunches,LightGBM,0.00015748924051477473,665.9880955103358
Lunches,LightGBM,0.0001597339879647485,665.9880955103358
Lunches,LightGBM,0.00016197873541472222,665.9880955103358
Lunches,LightGBM,0.00016422348286469594,665.9880955103358
Lunches,LightGBM,0.0001664682303146697,665.9880955103358
Lunches,LightGBM,0.00016871297776464343,665.9880955103358
Lunches,LightGBM,0.00017095772521461716,665.9880955103358
Lunches,LightGBM,0.0001732024726645909,665.9880955103358
Lunches,LightGBM,0.00017544722011456464,676.2783986824197
Lunches,LightGBM,0.00017769196756453837,676.2783986824197
Lunches,LightGBM,0.00017993671501451212,676.2783986824197
Lunches,LightGBM,0.00018218146246448585,676.2783986824197
Lunches,LightGBM,0.00018442620991445958,679.7535884320305
Lunches,LightGBM,0.00018667095736443333,679.7535884320305
Lunches,LightGBM,0.00018891570481440706,679.7535884320305
Lunches,LightGBM,0.0001911604522643808,679.7535884320305
Lunches,LightGBM,0.00019340519971435455,679.7535884320305
Lunches,LightGBM,0.00019564994716432827,679.7535884320305
Lunches,LightGBM,0.000197894694614302,679.7535884320305
Lunches,LightGBM,0.00020013944206427576,679.7535884320305
Lunches,LightGBM,0.0002023841895142495,679.7535884320305
Lunches,LightGBM,0.00020462893696422322,679.7451303374692
Lunches,LightGBM,0.00020687368441419697,679.7451303374692
Lunches,LightGBM,0.0002091184318641707,679.7451303374692
Lunches,LightGBM,0.00021136317931414443,678.8187207033307
Lunches,LightGBM,0.00021360792676411818,678.8187207033307
Lunches,LightGBM,0.0002158526742140919,678.8187207033307
Lunches,LightGBM,0.00021809742166406564,678.7716971555888
Lunches,LightGBM,0.0002203421691140394,678.7716971555888
Lunches,LightGBM,0.00022258691656401312,678.7716971555888
Lunches,LightGBM,0.00022483166401398685,678.7716971555888
Lunches,LightGBM,0.0002270764114639606,678.7716971555888
Lunches,LightGBM,0.00022932115891393433,678.7716971555888
Lunches,LightGBM,0.00023156590636390806,678.7716971555888
Lunches,LightGBM,0.00023381065381388182,678.7716971555888
Lunches,LightGBM,0.00023605540126385555,678.7716971555888
Lunches,LightGBM,0.00023830014871382927,678.7558203235999
Lunches,LightGBM,0.00024054489616380303,678.3300347608299
Lunches,LightGBM,0.00024278964361377676,678.2631425595952
Lunches,LightGBM,0.0002450343910637505,678.2631425595952
Lunches,LightGBM,0.00024727913851372424,678.210430220589
Lunches,LightGBM,0.000249523885963698,678.210430220589
Lunches,LightGBM,0.0002517686334136717,678.210430220589
Lunches,LightGBM,0.00025401338086364545,678.210430220589
Lunches,LightGBM,0.00025625812831361915,678.210430220589
Lunches,LightGBM,0.0002585028757635929,678.210430220589
Lunches,LightGBM,0.00026074762321356667,688.2330785853252
Lunches,LightGBM,0.0002629923706635404,688.2330785853252
Lunches,LightGBM,0.0002652371181135141,688.2330785853252
Lunches,LightGBM,0.0002674818655634879,688.7436897825262
Lunches,LightGBM,0.0002697266130134616,688.7436897825262
Lunches,LightGBM,0.00027197136046343533,688.3957638220268
Lunches,LightGBM,0.0002742161079134091,688.6849422753571
Lunches,LightGBM,0.00027646085536338284,688.6849422753571
Lunches,LightGBM,0.00027870560281335655,688.7023921667335
Lunches,LightGBM,0.0002809503502633303,688.7023921667335
Lunches,LightGBM,0.000283195097713304,688.6983500986076
Lunches,LightGBM,0.00028543984516327776,691.6409711624893
Lunches,LightGBM,0.0002876845926132515,713.6069544500917
Lunches,LightGBM,0.00028992934006322527,713.2701306970009
Lunches,LightGBM,0.00029217408751319897,1861.4059393317514
Lunches,LightGBM,0.0002944188349631727,1862.0155949898733
Lunches,LightGBM,0.0002966635824131464,1861.8742214412116
Lunches,LightGBM,0.0002989083298631202,1861.8742214412116
Lunches,LightGBM,0.00030115307731309394,1861.8548269947255
Lunches,LightGBM,0.0003033978247630677,1861.8423920113898
Lunches,LightGBM,0.0003056425722130414,1861.8423920113898
Lunches,LightGBM,0.00030788731966301515,1861.72505222026
Lunches,LightGBM,0.00031013206711298885,1861.72505222026
Lunches,LightGBM,0.0003123768145629626,1861.72505222026
Lunches,LightGBM,0.00031462156201293636,1861.559625976371
Lunches,LightGBM,0.0003168663094629101,1861.559625976371
Lunches,LightGBM,0.0003191110569128838,1860.5262150305657
Lunches,LightGBM,0.00032135580436285757,1860.5262150305657
Lunches,LightGBM,0.0003236005518128313,1860.0684045471614
Lunches,LightGBM,0.00032584529926280503,1860.0684045471614
Lunches,LightGBM,0.0003280900467127788,1860.0684045471614
Lunches,LightGBM,0.00033033479416275254,1858.8689649314276
Lunches,LightGBM,0.00033257954161272624,1858.4384664026522
Lunches,LightGBM,0.0003348242890627,1858.2885232779713
Lunches,XGBoost,0.0001125942915153,659.1118774414062
Lunches,XGBoost,0.00011483903896527375,659.1118774414062
Lunches,XGBoost,0.00011708378641524747,659.1118774414062
Lunches,XGBoost,0.00011932853386522122,659.1118774414062
Lunches,XGBoost,0.00012157328131519496,659.1118774414062
Lunches,XGBoost,0.0001238180287651687,659.1118774414062
Lunches,XGBoost,0.00012606277621514243,659.1118774414062
Lunches,XGBoost,0.00012830752366511616,659.1118774414062
Lunches,XGBoost,0.0001305522711150899,659.1118774414062
Lunches,XGBoost,0.00013279701856506364,659.1118774414062
Lunches,XGBoost,0.00013504176601503737,659.1118774414062
Lunches,XGBoost,0.00013728651346501112,663.1719360351562
Lunches,XGBoost,0.00013953126091498485,663.1719360351562
Lunches,XGBoost,0.00014177600836495858,663.1719360351562
Lunches,XGBoost,0.0001440207558149323,663.1719360351562
Lunches,XGBoost,0.00014626550326490606,663.1719360351562
Lunches,XGBoost,0.0001485102507148798,663.1719360351562
Lunches,XGBoost,0.00015075499816485352,663.1905517578125
Lunches,XGBoost,0.00015299974561482728,663.1905517578125
Lunches,XGBoost,0.000155244493064801,663.1905517578125
Lunches,XGBoost,0.00015748924051477473,663.1905517578125
Lunches,XGBoost,0.0001597339879647485,663.1905517578125
Lunches,XGBoost,0.00016197873541472222,663.16455078125
Lunches,XGBoost,0.00016422348286469594,663.16455078125
Lunches,XGBoost,0.0001664682303146697,663.16455078125
Lunches,XGBoost,0.00016871297776464343,663.16455078125
Lunches,XGBoost,0.00017095772521461716,663.16455078125
Lunches,XGBoost,0.0001732024726645909,663.16455078125
Lunches,XGBoost,0.00017544722011456464,663.16455078125
Lunches,XGBoost,0.00017769196756453837,663.16455078125
Lunches,XGBoost,0.00017993671501451212,663.16455078125
Lunches,XGBoost,0.00018218146246448585,665.2368774414062
Lunches,XGBoost,0.00018442620991445958,668.545654296875
Lunches,XGBoost,0.00018667095736443333,668.545654296875
Lunches,XGBoost,0.00018891570481440706,668.545654296875
Lunches,XGBoost,0.0001911604522643808,668.545654296875
Lunches,XGBoost,0.00019340519971435455,668.545654296875
Lunches,XGBoost,0.00019564994716432827,668.545654296875
Lunches,XGBoost,0.000197894694614302,668.545654296875
Lunches,XGBoost,0.00020013944206427576,668.447265625
Lunches,XGBoost,0.0002023841895142495,668.447265625
Lunches,XGBoost,0.00020462893696422322,668.447265625
Lunches,XGBoost,0.00020687368441419697,668.447265625
Lunches,XGBoost,0.0002091184318641707,668.447265625
Lunches,XGBoost,0.00021136317931414443,668.419189453125
Lunches,XGBoost,0.00021360792676411818,668.419189453125
Lunches,XGBoost,0.0002158526742140919,668.656982421875
Lunches,XGBoost,0.00021809742166406564,668.656982421875
Lunches,XGBoost,0.0002203421691140394,668.656982421875
Lunches,XGBoost,0.00022258691656401312,672.31591796875
Lunches,XGBoost,0.00022483166401398685,672.31591796875
Lunches,XGBoost,0.0002270764114639606,669.709716796875
Lunches,XGBoost,0.00022932115891393433,669.709716796875
Lunches,XGBoost,0.00023156590636390806,669.709716796875
Lunches,XGBoost,0.00023381065381388182,669.709716796875
Lunches,XGBoost,0.00023605540126385555,669.709716796875
Lunches,XGBoost,0.00023830014871382927,669.4359130859375
Lunches,XGBoost,0.00024054489616380303,669.4708251953125
Lunches,XGBoost,0.00024278964361377676,668.8491821289062
Lunches,XGBoost,0.0002450343910637505,668.8491821289062
Lunches,XGBoost,0.00024727913851372424,668.8491821289062
Lunches,XGBoost,0.000249523885963698,668.8491821289062
Lunches,XGBoost,0.0002517686334136717,668.8491821289062
Lunches,XGBoost,0.00025401338086364545,668.8717041015625
Lunches,XGBoost,0.00025625812831361915,668.8717041015625
Lunches,XGBoost,0.0002585028757635929,668.8717041015625
Lunches,XGBoost,0.00026074762321356667,668.8717041015625
Lunches,XGBoost,0.0002629923706635404,668.8717041015625
Lunches,XGBoost,0.0002652371181135141,668.8717041015625
Lunches,XGBoost,0.0002674818655634879,670.3432006835938
Lunches,XGBoost,0.0002697266130134616,669.8959350585938
Lunches,XGBoost,0.00027197136046343533,669.8959350585938
Lunches,XGBoost,0.0002742161079134091,669.8959350585938
Lunches,XGBoost,0.00027646085536338284,669.8959350585938
Lunches,XGBoost,0.00027870560281335655,669.8959350585938
Lunches,XGBoost,0.0002809503502633303,669.598388671875
Lunches,XGBoost,0.000283195097713304,669.598388671875
Lunches,XGBoost,0.00028543984516327776,670.5186157226562
Lunches,XGBoost,0.0002876845926132515,672.6192016601562
Lunches,XGBoost,0.00028992934006322527,670.1610717773438
Lunches,XGBoost,0.00029217408751319897,670.1610717773438
Lunches,XGBoost,0.0002944188349631727,1933.883056640625
Lunches,XGBoost,0.0002966635824131464,1933.289306640625
Lunches,XGBoost,0.0002989083298631202,1933.382080078125
Lunches,XGBoost,0.00030115307731309394,1933.382080078125
Lunches,XGBoost,0.0003033978247630677,1933.5068359375
Lunches,XGBoost,0.0003056425722130414,1933.60302734375
Lunches,XGBoost,0.00030788731966301515,1933.60302734375
Lunches,XGBoost,0.00031013206711298885,1933.60302734375
Lunches,XGBoost,0.0003123768145629626,1933.9312744140625
Lunches,XGBoost,0.00031462156201293636,1933.9312744140625
Lunches,XGBoost,0.0003168663094629101,1933.239013671875
Lunches,XGBoost,0.0003191110569128838,1933.354736328125
Lunches,XGBoost,0.00032135580436285757,1933.354736328125
Lunches,XGBoost,0.0003236005518128313,1933.354736328125
Lunches,XGBoost,0.00032584529926280503,1933.354736328125
Lunches,XGBoost,0.0003280900467127788,1934.255615234375
Lunches,XGBoost,0.00033033479416275254,1932.2352294921875
Lunches,XGBoost,0.00033257954161272624,1932.318603515625
Lunches,XGBoost,0.0003348242890627,1929.8660888671875
Afternoons,CatBoost,0.0001125942915153,899.3150141505088
Afternoons,CatBoost,0.00011483903896527375,899.3150141505088
Afternoons,CatBoost,0.00011708378641524747,899.3150141505088
Afternoons,CatBoost,0.00011932853386522122,899.3150141505088
Afternoons,CatBoost,0.00012157328131519496,899.3150141505088
Afternoons,CatBoost,0.0001238180287651687,899.3150141505088
Afternoons,CatBoost,0.00012606277621514243,899.3150141505088
Afternoons,CatBoost,0.00012830752366511616,899.3150141505088
Afternoons,CatBoost,0.0001305522711150899,899.3150141505088
Afternoons,CatBoost,0.00013279701856506364,899.3150141505088
Afternoons,CatBoost,0.00013504176601503737,899.3150141505088
Afternoons,CatBoost,0.00013728651346501112,899.3150141505088
Afternoons,CatBoost,0.00013953126091498485,899.3150141505088
Afternoons,CatBoost,0.00014177600836495858,899.3150141505088
Afternoons,CatBoost,0.0001440207558149323,899.3150141505088
Afternoons,CatBoost,0.00014626550326490606,899.3150141505088
Afternoons,CatBoost,0.0001485102507148798,899.3150141505088
Afternoons,CatBoost,0.00015075499816485352,899.3150141505088
Afternoons,CatBoost,0.00015299974561482728,899.3150141505088
Afternoons,CatBoost,0.000155244493064801,899.3150141505088
Afternoons,CatBoost,0.00015748924051477473,899.3150141505088
Afternoons,CatBoost,0.0001597339879647485,899.3150141505088
Afternoons,CatBoost,0.00016197873541472222,899.3150141505088
Afternoons,CatBoost,0.00016422348286469594,899.3150141505088
Afternoons,CatBoost,0.0001664682303146697,899.3150141505088
Afternoons,CatBoost,0.00016871297776464343,899.3150141505088
Afternoons,CatBoost,0.00017095772521461716,899.3150141505088
Afternoons,CatBoost,0.0001732024726645909,899.3150141505088
Afternoons,CatBoost,0.00017544722011456464,899.3150141505088
Afternoons,CatBoost,0.00017769196756453837,899.3150141505088
Afternoons,CatBoost,0.00017993671501451212,899.3150141505088
Afternoons,CatBoost,0.00018218146246448585,899.3150141505088
Afternoons,CatBoost,0.00018442620991445958,899.3150141505088
Afternoons,CatBoost,0.00018667095736443333,899.3150141505088
Afternoons,CatBoost,0.00018891570481440706,899.3150141505088
Afternoons,CatBoost,0.0001911604522643808,899.3150141505088
Afternoons,CatBoost,0.00019340519971435455,899.3150141505088
Afternoons,CatBoost,0.00019564994716432827,899.3150141505088
Afternoons,CatBoost,0.000197894694614302,899.3150141505088
Afternoons,CatBoost,0.00020013944206427576,899.3150141505088
Afternoons,CatBoost,0.0002023841895142495,899.3150141505088
Afternoons,CatBoost,0.00020462893696422322,933.4130438890659
Afternoons,CatBoost,0.00020687368441419697,933.4130438890659
Afternoons,CatBoost,0.0002091184318641707,933.4130438890659
Afternoons,CatBoost,0.00021136317931414443,933.467642834891
Afternoons,CatBoost,0.00021360792676411818,941.0918154216415
Afternoons,CatBoost,0.0002158526742140919,941.0918154216415
Afternoons,CatBoost,0.00021809742166406564,941.0918154216415
Afternoons,CatBoost,0.0002203421691140394,941.0918154216415
Afternoons,CatBoost,0.00022258691656401312,941.0918154216415
Afternoons,CatBoost,0.00022483166401398685,941.0918154216415
Afternoons,CatBoost,0.0002270764114639606,941.0918154216415
Afternoons,CatBoost,0.00022932115891393433,941.0918154216415
Afternoons,CatBoost,0.00023156590636390806,941.0918154216415
Afternoons,CatBoost,0.00023381065381388182,941.0918154216415
Afternoons,CatBoost,0.00023605540126385555,941.0918154216415
Afternoons,CatBoost,0.00023830014871382927,941.050403315192
Afternoons,CatBoost,0.00024054489616380303,941.050403315192
Afternoons,CatBoost,0.00024278964361377676,940.6015274844244
Afternoons,CatBoost,0.0002450343910637505,940.6015274844244
Afternoons,CatBoost,0.00024727913851372424,940.6015274844244
Afternoons,CatBoost,0.000249523885963698,940.6015274844244
Afternoons,CatBoost,0.0002517686334136717,940.6015274844244
Afternoons,CatBoost,0.00025401338086364545,940.6015274844244
Afternoons,CatBoost,0.00025625812831361915,940.6015274844244
Afternoons,CatBoost,0.0002585028757635929,940.6015274844244
Afternoons,CatBoost,0.00026074762321356667,940.6015274844244
Afternoons,CatBoost,0.0002629923706635404,940.6015274844244
Afternoons,CatBoost,0.0002652371181135141,940.6015274844244
Afternoons,CatBoost,0.0002674818655634879,940.6015274844244
Afternoons,CatBoost,0.0002697266130134616,940.6015274844244
Afternoons,CatBoost,0.00027197136046343533,940.6015274844244
Afternoons,CatBoost,0.0002742161079134091,940.6015274844244
Afternoons,CatBoost,0.00027646085536338284,940.6015274844244
Afternoons,CatBoost,0.00027870560281335655,940.6015274844244
Afternoons,CatBoost,0.0002809503502633303,940.6015274844244
Afternoons,CatBoost,0.000283195097713304,940.5258279191818
Afternoons,CatBoost,0.00028543984516327776,943.1149231409787
Afternoons,CatBoost,0.0002876845926132515,952.8623657762977
Afternoons,CatBoost,0.00028992934006322527,957.396191706961
Afternoons,CatBoost,0.00029217408751319897,1630.3308780383893
Afternoons,CatBoost,0.0002944188349631727,1630.3904557938115
Afternoons,CatBoost,0.0002966635824131464,1638.118501453398
Afternoons,CatBoost,0.0002989083298631202,1638.118501453398
Afternoons,CatBoost,0.00030115307731309394,1638.118501453398
Afternoons,CatBoost,0.0003033978247630677,1638.118501453398
Afternoons,CatBoost,0.0003056425722130414,1638.118501453398
Afternoons,CatBoost,0.00030788731966301515,1638.515909730406
Afternoons,CatBoost,0.00031013206711298885,1638.515909730406
Afternoons,CatBoost,0.0003123768145629626,1638.515909730406
Afternoons,CatBoost,0.00031462156201293636,1633.9389554033526
Afternoons,CatBoost,0.0003168663094629101,1633.9389554033526
Afternoons,CatBoost,0.0003191110569128838,1634.1743691580243
Afternoons,CatBoost,0.00032135580436285757,1634.1743691580243
Afternoons,CatBoost,0.0003236005518128313,1629.4497454688312
Afternoons,CatBoost,0.00032584529926280503,1629.4497454688312
Afternoons,CatBoost,0.0003280900467127788,1629.4497454688312
Afternoons,CatBoost,0.00033033479416275254,1629.427522926416
Afternoons,CatBoost,0.00033257954161272624,1631.1600146066696
Afternoons,CatBoost,0.0003348242890627,1630.9742434251868
Afternoons,LightGBM,0.0001125942915153,769.589900083171
Afternoons,LightGBM,0.00011483903896527375,770.1646827651106
Afternoons,LightGBM,0.00011708378641524747,770.1646827651106
Afternoons,LightGBM,0.00011932853386522122,770.1646827651106
Afternoons,LightGBM,0.00012157328131519496,770.1646827651106
Afternoons,LightGBM,0.0001238180287651687,770.1646827651106
Afternoons,LightGBM,0.00012606277621514243,770.1646827651106
Afternoons,LightGBM,0.00012830752366511616,770.1646827651106
Afternoons,LightGBM,0.0001305522711150899,770.1646827651106
Afternoons,LightGBM,0.00013279701856506364,770.1646827651106
Afternoons,LightGBM,0.00013504176601503737,770.1646827651106
Afternoons,LightGBM,0.00013728651346501112,770.1646827651106
Afternoons,LightGBM,0.00013953126091498485,770.1646827651106
Afternoons,LightGBM,0.00014177600836495858,770.1646827651106
Afternoons,LightGBM,0.0001440207558149323,770.2406057161968
Afternoons,LightGBM,0.00014626550326490606,770.2406057161968
Afternoons,LightGBM,0.0001485102507148798,770.2406057161968
Afternoons,LightGBM,0.00015075499816485352,770.2406057161968
Afternoons,LightGBM,0.00015299974561482728,770.2406057161968
Afternoons,LightGBM,0.000155244493064801,770.2406057161968
Afternoons,LightGBM,0.00015748924051477473,770.2406057161968
Afternoons,LightGBM,0.0001597339879647485,770.2406057161968
Afternoons,LightGBM,0.00016197873541472222,770.2406057161968
Afternoons,LightGBM,0.00016422348286469594,770.2406057161968
Afternoons,LightGBM,0.0001664682303146697,770.2406057161968
Afternoons,LightGBM,0.00016871297776464343,770.2406057161968
Afternoons,LightGBM,0.00017095772521461716,770.2406057161968
Afternoons,LightGBM,0.0001732024726645909,770.2406057161968
Afternoons,LightGBM,0.00017544722011456464,781.1787827955726
Afternoons,LightGBM,0.00017769196756453837,781.1787827955726
Afternoons,LightGBM,0.00017993671501451212,781.1787827955726
Afternoons,LightGBM,0.00018218146246448585,781.9184231559718
Afternoons,LightGBM,0.00018442620991445958,796.3271182813737
Afternoons,LightGBM,0.00018667095736443333,796.3271182813737
Afternoons,LightGBM,0.00018891570481440706,796.3271182813737
Afternoons,LightGBM,0.0001911604522643808,796.3271182813737
Afternoons,LightGBM,0.00019340519971435455,796.3271182813737
Afternoons,LightGBM,0.00019564994716432827,796.3271182813737
Afternoons,LightGBM,0.000197894694614302,796.3271182813737
Afternoons,LightGBM,0.00020013944206427576,796.3271182813737
Afternoons,LightGBM,0.0002023841895142495,796.3271182813737
Afternoons,LightGBM,0.00020462893696422322,796.3271182813737
Afternoons,LightGBM,0.00020687368441419697,796.3271182813737
Afternoons,LightGBM,0.0002091184318641707,796.3271182813737
Afternoons,LightGBM,0.00021136317931414443,795.7609925338619
Afternoons,LightGBM,0.00021360792676411818,795.7783876558268
Afternoons,LightGBM,0.0002158526742140919,795.7783876558268
Afternoons,LightGBM,0.00021809742166406564,807.9197431813952
Afternoons,LightGBM,0.0002203421691140394,807.9197431813952
Afternoons,LightGBM,0.00022258691656401312,807.9197431813952
Afternoons,LightGBM,0.00022483166401398685,807.8826990293883
Afternoons,LightGBM,0.0002270764114639606,807.8826990293883
Afternoons,LightGBM,0.00022932115891393433,807.8826990293883
Afternoons,LightGBM,0.00023156590636390806,807.852913515444
Afternoons,LightGBM,0.00023381065381388182,807.852913515444
Afternoons,LightGBM,0.00023605540126385555,807.852913515444
Afternoons,LightGBM,0.00023830014871382927,807.852913515444
Afternoons,LightGBM,0.00024054489616380303,810.5380053042023
Afternoons,LightGBM,0.00024278964361377676,810.5446539037684
Afternoons,LightGBM,0.0002450343910637505,810.5446539037684
Afternoons,LightGBM,0.00024727913851372424,810.5523443570605
Afternoons,LightGBM,0.000249523885963698,810.5523443570605
Afternoons,LightGBM,0.0002517686334136717,810.5523443570605
Afternoons,LightGBM,0.00025401338086364545,810.5523443570605
Afternoons,LightGBM,0.00025625812831361915,810.5523443570605
Afternoons,LightGBM,0.0002585028757635929,810.5523443570605
Afternoons,LightGBM,0.00026074762321356667,810.5711477821097
Afternoons,LightGBM,0.0002629923706635404,810.5711477821097
Afternoons,LightGBM,0.0002652371181135141,810.5711477821097
Afternoons,LightGBM,0.0002674818655634879,810.6426448557397
Afternoons,LightGBM,0.0002697266130134616,810.6426448557397
Afternoons,LightGBM,0.00027197136046343533,810.6426448557397
Afternoons,LightGBM,0.0002742161079134091,810.7044238367637
Afternoons,LightGBM,0.00027646085536338284,810.7044238367637
Afternoons,LightGBM,0.00027870560281335655,810.651629270148
Afternoons,LightGBM,0.0002809503502633303,810.651629270148
Afternoons,LightGBM,0.000283195097713304,810.651629270148
Afternoons,LightGBM,0.00028543984516327776,813.4300371065425
Afternoons,LightGBM,0.0002876845926132515,862.5260654411458
Afternoons,LightGBM,0.00028992934006322527,862.2521672428504
Afternoons,LightGBM,0.00029217408751319897,2005.214057366542
Afternoons,LightGBM,0.0002944188349631727,2005.4542426487687
Afternoons,LightGBM,0.0002966635824131464,2007.3226990791786
Afternoons,LightGBM,0.0002989083298631202,2007.3226990791786
Afternoons,LightGBM,0.00030115307731309394,2007.3377443886657
Afternoons,LightGBM,0.0003033978247630677,2007.265904452653
Afternoons,LightGBM,0.0003056425722130414,2007.265904452653
Afternoons,LightGBM,0.00030788731966301515,2006.7417692887364
Afternoons,LightGBM,0.00031013206711298885,2006.7417692887364
Afternoons,LightGBM,0.0003123768145629626,2006.7417692887364
Afternoons,LightGBM,0.00031462156201293636,2007.1206446307922
Afternoons,LightGBM,0.0003168663094629101,2007.1206446307922
Afternoons,LightGBM,0.0003191110569128838,2005.4833997450507
Afternoons,LightGBM,0.00032135580436285757,2005.4833997450507
Afternoons,LightGBM,0.0003236005518128313,2005.5020180082845
Afternoons,LightGBM,0.00032584529926280503,2005.5020180082845
Afternoons,LightGBM,0.0003280900467127788,2005.5020180082845
Afternoons,LightGBM,0.00033033479416275254,2003.0279904967758
Afternoons,LightGBM,0.00033257954161272624,2007.525160063012
Afternoons,LightGBM,0.0003348242890627,1991.9010675770346
Afternoons,XGBoost,0.0001125942915153,797.6666870117188
Afternoons,XGBoost,0.00011483903896527375,797.6666870117188
Afternoons,XGBoost,0.00011708378641524747,797.6666870117188
Afternoons,XGBoost,0.00011932853386522122,797.6666870117188
Afternoons,XGBoost,0.00012157328131519496,797.6666870117188
Afternoons,XGBoost,0.0001238180287651687,797.6666870117188
Afternoons,XGBoost,0.00012606277621514243,797.6666870117188
Afternoons,XGBoost,0.00012830752366511616,797.6666870117188
Afternoons,XGBoost,0.0001305522711150899,797.6666870117188
Afternoons,XGBoost,0.00013279701856506364,797.6666870117188
Afternoons,XGBoost,0.00013504176601503737,797.6666870117188
Afternoons,XGBoost,0.00013728651346501112,797.6666870117188
Afternoons,XGBoost,0.00013953126091498485,797.6666870117188
Afternoons,XGBoost,0.00014177600836495858,797.6666870117188
Afternoons,XGBoost,0.0001440207558149323,797.6666870117188
Afternoons,XGBoost,0.00014626550326490606,797.6666870117188
Afternoons,XGBoost,0.0001485102507148798,797.6666870117188
Afternoons,XGBoost,0.00015075499816485352,797.6666870117188
Afternoons,XGBoost,0.00015299974561482728,797.6666870117188
Afternoons,XGBoost,0.000155244493064801,797.6666870117188
Afternoons,XGBoost,0.00015748924051477473,797.6666870117188
Afternoons,XGBoost,0.0001597339879647485,797.6666870117188
Afternoons,XGBoost,0.00016197873541472222,797.6666870117188
Afternoons,XGBoost,0.00016422348286469594,797.6666870117188
Afternoons,XGBoost,0.0001664682303146697,797.6666870117188
Afternoons,XGBoost,0.00016871297776464343,797.6666870117188
Afternoons,XGBoost,0.00017095772521461716,797.6666870117188
Afternoons,XGBoost,0.0001732024726645909,797.6666870117188
Afternoons,XGBoost,0.00017544722011456464,797.6666870117188
Afternoons,XGBoost,0.00017769196756453837,797.6666870117188
Afternoons,XGBoost,0.00017993671501451212,797.6666870117188
Afternoons,XGBoost,0.00018218146246448585,804.5836181640625
Afternoons,XGBoost,0.00018442620991445958,804.5836181640625
Afternoons,XGBoost,0.00018667095736443333,804.5836181640625
Afternoons,XGBoost,0.00018891570481440706,804.5836181640625
Afternoons,XGBoost,0.0001911604522643808,804.5836181640625
Afternoons,XGBoost,0.00019340519971435455,804.5836181640625
Afternoons,XGBoost,0.00019564994716432827,804.5836181640625
Afternoons,XGBoost,0.000197894694614302,804.5836181640625
Afternoons,XGBoost,0.00020013944206427576,804.5836181640625
Afternoons,XGBoost,0.0002023841895142495,804.5836181640625
Afternoons,XGBoost,0.00020462893696422322,804.5836181640625
Afternoons,XGBoost,0.00020687368441419697,804.5836181640625
Afternoons,XGBoost,0.0002091184318641707,804.5836181640625
Afternoons,XGBoost,0.00021136317931414443,804.5836181640625
Afternoons,XGBoost,0.00021360792676411818,804.5836181640625
Afternoons,XGBoost,0.0002158526742140919,804.5836181640625
Afternoons,XGBoost,0.00021809742166406564,804.5836181640625
Afternoons,XGBoost,0.0002203421691140394,804.5836181640625
Afternoons,XGBoost,0.00022258691656401312,804.5836181640625
Afternoons,XGBoost,0.00022483166401398685,804.5836181640625
Afternoons,XGBoost,0.0002270764114639606,804.5513305664062
Afternoons,XGBoost,0.00022932115891393433,804.5513305664062
Afternoons,XGBoost,0.00023156590636390806,804.5513305664062
Afternoons,XGBoost,0.00023381065381388182,804.5513305664062
Afternoons,XGBoost,0.00023605540126385555,804.5513305664062
Afternoons,XGBoost,0.00023830014871382927,804.4942626953125
Afternoons,XGBoost,0.00024054489616380303,804.5897827148438
Afternoons,XGBoost,0.00024278964361377676,804.5897827148438
Afternoons,XGBoost,0.0002450343910637505,804.5897827148438
Afternoons,XGBoost,0.00024727913851372424,804.5897827148438
Afternoons,XGBoost,0.000249523885963698,804.5897827148438
Afternoons,XGBoost,0.0002517686334136717,804.5897827148438
Afternoons,XGBoost,0.00025401338086364545,804.62890625
Afternoons,XGBoost,0.00025625812831361915,804.62890625
Afternoons,XGBoost,0.0002585028757635929,804.62890625
Afternoons,XGBoost,0.00026074762321356667,804.62890625
Afternoons,XGBoost,0.0002629923706635404,804.62890625
Afternoons,XGBoost,0.0002652371181135141,804.62890625
Afternoons,XGBoost,0.0002674818655634879,804.62890625
Afternoons,XGBoost,0.0002697266130134616,804.9171752929688
Afternoons,XGBoost,0.00027197136046343533,809.3836059570312
Afternoons,XGBoost,0.0002742161079134091,809.437744140625
Afternoons,XGBoost,0.00027646085536338284,809.437744140625
Afternoons,XGBoost,0.00027870560281335655,809.437744140625
Afternoons,XGBoost,0.0002809503502633303,809.4348754882812
Afternoons,XGBoost,0.000283195097713304,809.4348754882812
Afternoons,XGBoost,0.00028543984516327776,809.7673950195312
Afternoons,XGBoost,0.0002876845926132515,913.9578247070312
Afternoons,XGBoost,0.00028992934006322527,914.1470947265625
Afternoons,XGBoost,0.00029217408751319897,914.1470947265625
Afternoons,XGBoost,0.0002944188349631727,2076.70361328125
Afternoons,XGBoost,0.0002966635824131464,2076.4580078125
Afternoons,XGBoost,0.0002989083298631202,2076.774658203125
Afternoons,XGBoost,0.00030115307731309394,2076.774658203125
Afternoons,XGBoost,0.0003033978247630677,2076.774658203125
Afternoons,XGBoost,0.0003056425722130414,2076.839599609375
Afternoons,XGBoost,0.00030788731966301515,2076.839599609375
Afternoons,XGBoost,0.00031013206711298885,2076.839599609375
Afternoons,XGBoost,0.0003123768145629626,2074.73583984375
Afternoons,XGBoost,0.00031462156201293636,2074.73583984375
Afternoons,XGBoost,0.0003168663094629101,2074.945068359375
Afternoons,XGBoost,0.0003191110569128838,2074.861328125
Afternoons,XGBoost,0.00032135580436285757,2074.861328125
Afternoons,XGBoost,0.0003236005518128313,2074.861328125
Afternoons,XGBoost,0.00032584529926280503,2074.861328125
Afternoons,XGBoost,0.0003280900467127788,2074.73974609375
Afternoons,XGBoost,0.00033033479416275254,2071.906494140625
Afternoons,XGBoost,0.00033257954161272624,2074.810546875
Afternoons,XGBoost,0.0003348242890627,2074.650634765625
Evenings,CatBoost,0.0001125942915153,404.29575032110154
Evenings,CatBoost,0.00011483903896527375,403.6881259686932
Evenings,CatBoost,0.00011708378641524747,403.6881259686932
Evenings,CatBoost,0.00011932853386522122,403.6881259686932
Evenings,CatBoost,0.00012157328131519496,403.6881259686932
Evenings,CatBoost,0.0001238180287651687,403.6881259686932
Evenings,CatBoost,0.00012606277621514243,403.6881259686932
Evenings,CatBoost,0.00012830752366511616,403.18077919475587
Evenings,CatBoost,0.0001305522711150899,403.18077919475587
Evenings,CatBoost,0.00013279701856506364,403.18077919475587
Evenings,CatBoost,0.00013504176601503737,403.18077919475587
Evenings,CatBoost,0.00013728651346501112,403.18077919475587
Evenings,CatBoost,0.00013953126091498485,403.18077919475587
Evenings,CatBoost,0.00014177600836495858,403.18077919475587
Evenings,CatBoost,0.0001440207558149323,402.5215586340443
Evenings,CatBoost,0.00014626550326490606,402.5215586340443
Evenings,CatBoost,0.0001485102507148798,402.5215586340443
Evenings,CatBoost,0.00015075499816485352,402.5215586340443
Evenings,CatBoost,0.00015299974561482728,402.5215586340443
Evenings,CatBoost,0.000155244493064801,402.5215586340443
Evenings,CatBoost,0.00015748924051477473,400.22991464834996
Evenings,CatBoost,0.0001597339879647485,400.22991464834996
Evenings,CatBoost,0.00016197873541472222,400.22991464834996
Evenings,CatBoost,0.00016422348286469594,400.22991464834996
Evenings,CatBoost,0.0001664682303146697,400.22991464834996
Evenings,CatBoost,0.00016871297776464343,400.22991464834996
Evenings,CatBoost,0.00017095772521461716,400.22991464834996
Evenings,CatBoost,0.0001732024726645909,400.22991464834996
Evenings,CatBoost,0.00017544722011456464,400.63403307506894
Evenings,CatBoost,0.00017769196756453837,400.63403307506894
Evenings,CatBoost,0.00017993671501451212,400.63403307506894
Evenings,CatBoost,0.00018218146246448585,400.63403307506894
Evenings,CatBoost,0.00018442620991445958,400.63403307506894
Evenings,CatBoost,0.00018667095736443333,400.63403307506894
Evenings,CatBoost,0.00018891570481440706,400.63403307506894
Evenings,CatBoost,0.0001911604522643808,400.63403307506894
Evenings,CatBoost,0.00019340519971435455,400.2477834424659
Evenings,CatBoost,0.00019564994716432827,400.2477834424659
Evenings,CatBoost,0.000197894694614302,400.2477834424659
Evenings,CatBoost,0.00020013944206427576,400.2477834424659
Evenings,CatBoost,0.0002023841895142495,400.2477834424659
Evenings,CatBoost,0.00020462893696422322,399.3230914041038
Evenings,CatBoost,0.00020687368441419697,399.3230914041038
Evenings,CatBoost,0.0002091184318641707,399.3230914041038
Evenings,CatBoost,0.00021136317931414443,394.9289900914379
Evenings,CatBoost,0.00021360792676411818,397.1355800055003
Evenings,CatBoost,0.0002158526742140919,397.1355800055003
Evenings,CatBoost,0.00021809742166406564,397.1355800055003
Evenings,CatBoost,0.0002203421691140394,397.1355800055003
Evenings,CatBoost,0.00022258691656401312,397.1355800055003
Evenings,CatBoost,0.00022483166401398685,397.1355800055003
Evenings,CatBoost,0.0002270764114639606,397.1355800055003
Evenings,CatBoost,0.00022932115891393433,397.1355800055003
Evenings,CatBoost,0.00023156590636390806,397.1135941389727
Evenings,CatBoost,0.00023381065381388182,397.1135941389727
Evenings,CatBoost,0.00023605540126385555,397.1135941389727
Evenings,CatBoost,0.00023830014871382927,397.1135941389727
Evenings,CatBoost,0.00024054489616380303,396.7257553420677
Evenings,CatBoost,0.00024278964361377676,396.7257553420677
Evenings,CatBoost,0.0002450343910637505,396.7257553420677
Evenings,CatBoost,0.00024727913851372424,396.57548312582276
Evenings,CatBoost,0.000249523885963698,396.57548312582276
Evenings,CatBoost,0.0002517686334136717,396.57548312582276
Evenings,CatBoost,0.00025401338086364545,396.57548312582276
Evenings,CatBoost,0.00025625812831361915,396.57548312582276
Evenings,CatBoost,0.0002585028757635929,396.57548312582276
Evenings,CatBoost,0.00026074762321356667,396.57548312582276
Evenings,CatBoost,0.0002629923706635404,396.57548312582276
Evenings,CatBoost,0.0002652371181135141,396.57548312582276
Evenings,CatBoost,0.0002674818655634879,396.9868666673337
Evenings,CatBoost,0.0002697266130134616,396.9868666673337
Evenings,CatBoost,0.00027197136046343533,396.9868666673337
Evenings,CatBoost,0.0002742161079134091,396.3447102833834
Evenings,CatBoost,0.00027646085536338284,396.3447102833834
Evenings,CatBoost,0.00027870560281335655,396.3057715202267
Evenings,CatBoost,0.0002809503502633303,396.3057715202267
Evenings,CatBoost,0.000283195097713304,393.94322946420453
Evenings,CatBoost,0.00028543984516327776,429.16501577288676
Evenings,CatBoost,0.0002876845926132515,442.9837195760545
Evenings,CatBoost,0.00028992934006322527,452.41950962194846
Evenings,CatBoost,0.00029217408751319897,877.7063226914571
Evenings,CatBoost,0.0002944188349631727,881.0984672827002
Evenings,CatBoost,0.0002966635824131464,855.1979843572341
Evenings,CatBoost,0.0002989083298631202,855.1979843572341
Evenings,CatBoost,0.00030115307731309394,855.0123991433056
Evenings,CatBoost,0.0003033978247630677,854.9958577924286
Evenings,CatBoost,0.0003056425722130414,854.9958577924286
Evenings,CatBoost,0.00030788731966301515,855.0949916599504
Evenings,CatBoost,0.00031013206711298885,855.0949916599504
Evenings,CatBoost,0.0003123768145629626,855.0949916599504
Evenings,CatBoost,0.00031462156201293636,840.4268688723583
Evenings,CatBoost,0.0003168663094629101,840.4268688723583
Evenings,CatBoost,0.0003191110569128838,846.8982247911232
Evenings,CatBoost,0.00032135580436285757,846.8982247911232
Evenings,CatBoost,0.0003236005518128313,845.2373797381739
Evenings,CatBoost,0.00032584529926280503,845.2373797381739
Evenings,CatBoost,0.0003280900467127788,845.2373797381739
Evenings,CatBoost,0.00033033479416275254,844.7469835050476
Evenings,CatBoost,0.00033257954161272624,835.381240708941
Evenings,CatBoost,0.0003348242890627,831.1406947535312
Evenings,LightGBM,0.0001125942915153,355.3730281087074
Evenings,LightGBM,0.00011483903896527375,344.67654441873935
Evenings,LightGBM,0.00011708378641524747,344.67654441873935
Evenings,LightGBM,0.00011932853386522122,344.67654441873935
Evenings,LightGBM,0.00012157328131519496,344.67654441873935
Evenings,LightGBM,0.0001238180287651687,344.67654441873935
Evenings,LightGBM,0.00012606277621514243,344.67654441873935
Evenings,LightGBM,0.00012830752366511616,344.67654441873935
Evenings,LightGBM,0.0001305522711150899,344.67654441873935
Evenings,LightGBM,0.00013279701856506364,344.67654441873935
Evenings,LightGBM,0.00013504176601503737,344.67654441873935
Evenings,LightGBM,0.00013728651346501112,344.67654441873935
Evenings,LightGBM,0.00013953126091498485,344.67654441873935
Evenings,LightGBM,0.00014177600836495858,344.67654441873935
Evenings,LightGBM,0.0001440207558149323,344.67654441873935
Evenings,LightGBM,0.00014626550326490606,344.67654441873935
Evenings,LightGBM,0.0001485102507148798,344.67654441873935
Evenings,LightGBM,0.00015075499816485352,344.67654441873935
Evenings,LightGBM,0.00015299974561482728,344.67654441873935
Evenings,LightGBM,0.000155244493064801,344.67654441873935
Evenings,LightGBM,0.00015748924051477473,344.67654441873935
Evenings,LightGBM,0.0001597339879647485,344.67654441873935
Evenings,LightGBM,0.00016197873541472222,344.67654441873935
Evenings,LightGBM,0.00016422348286469594,344.67654441873935
Evenings,LightGBM,0.0001664682303146697,344.67654441873935
Evenings,LightGBM,0.00016871297776464343,344.67654441873935
Evenings,LightGBM,0.00017095772521461716,344.67654441873935
Evenings,LightGBM,0.0001732024726645909,344.67654441873935
Evenings,LightGBM,0.00017544722011456464,344.67654441873935
Evenings,LightGBM,0.00017769196756453837,344.67654441873935
Evenings,LightGBM,0.00017993671501451212,344.67654441873935
Evenings,LightGBM,0.00018218146246448585,347.242984761862
Evenings,LightGBM,0.00018442620991445958,347.242984761862
Evenings,LightGBM,0.00018667095736443333,347.242984761862
Evenings,LightGBM,0.00018891570481440706,347.242984761862
Evenings,LightGBM,0.0001911604522643808,347.242984761862
Evenings,LightGBM,0.00019340519971435455,347.242984761862
Evenings,LightGBM,0.00019564994716432827,347.242984761862
Evenings,LightGBM,0.000197894694614302,347.242984761862
Evenings,LightGBM,0.00020013944206427576,347.242984761862
Evenings,LightGBM,0.0002023841895142495,347.242984761862
Evenings,LightGBM,0.00020462893696422322,347.242984761862
Evenings,LightGBM,0.00020687368441419697,347.242984761862
Evenings,LightGBM,0.0002091184318641707,347.242984761862
Evenings,LightGBM,0.00021136317931414443,347.242984761862
Evenings,LightGBM,0.00021360792676411818,347.242984761862
Evenings,LightGBM,0.0002158526742140919,347.242984761862
Evenings,LightGBM,0.00021809742166406564,347.242984761862
Evenings,LightGBM,0.0002203421691140394,347.242984761862
Evenings,LightGBM,0.00022258691656401312,347.242984761862
Evenings,LightGBM,0.00022483166401398685,347.2608010099879
Evenings,LightGBM,0.0002270764114639606,347.2608010099879
Evenings,LightGBM,0.00022932115891393433,347.2608010099879
Evenings,LightGBM,0.00023156590636390806,347.23085890664015
Evenings,LightGBM,0.00023381065381388182,347.23085890664015
Evenings,LightGBM,0.00023605540126385555,347.23085890664015
Evenings,LightGBM,0.00023830014871382927,347.20509919792346
Evenings,LightGBM,0.00024054489616380303,347.41177165877843
Evenings,LightGBM,0.00024278964361377676,347.6285536086778
Evenings,LightGBM,0.0002450343910637505,347.6285536086778
Evenings,LightGBM,0.00024727913851372424,347.61792311529075
Evenings,LightGBM,0.000249523885963698,347.61792311529075
Evenings,LightGBM,0.0002517686334136717,347.61792311529075
Evenings,LightGBM,0.00025401338086364545,347.61792311529075
Evenings,LightGBM,0.00025625812831361915,347.61792311529075
Evenings,LightGBM,0.0002585028757635929,347.61792311529075
Evenings,LightGBM,0.00026074762321356667,347.7347365028526
Evenings,LightGBM,0.0002629923706635404,347.7347365028526
Evenings,LightGBM,0.0002652371181135141,347.7347365028526
Evenings,LightGBM,0.0002674818655634879,347.7603626203394
Evenings,LightGBM,0.0002697266130134616,347.7603626203394
Evenings,LightGBM,0.00027197136046343533,347.7622961826656
Evenings,LightGBM,0.0002742161079134091,344.161415356086
Evenings,LightGBM,0.00027646085536338284,344.161415356086
Evenings,LightGBM,0.00027870560281335655,343.9973175220726
Evenings,LightGBM,0.0002809503502633303,343.9973175220726
Evenings,LightGBM,0.000283195097713304,343.62517664791494
Evenings,LightGBM,0.00028543984516327776,345.89049190389784
Evenings,LightGBM,0.0002876845926132515,550.6333128294332
Evenings,LightGBM,0.00028992934006322527,550.487544056083
Evenings,LightGBM,0.00029217408751319897,985.5827698759624
Evenings,LightGBM,0.0002944188349631727,985.7954276378711
Evenings,LightGBM,0.0002966635824131464,985.2638281314468
Evenings,LightGBM,0.0002989083298631202,985.2638281314468
Evenings,LightGBM,0.00030115307731309394,984.8768873879235
Evenings,LightGBM,0.0003033978247630677,984.6937751480782
Evenings,LightGBM,0.0003056425722130414,984.6937751480782
Evenings,LightGBM,0.00030788731966301515,983.8107217143803
Evenings,LightGBM,0.00031013206711298885,983.8107217143803
Evenings,LightGBM,0.0003123768145629626,983.8107217143803
Evenings,LightGBM,0.00031462156201293636,983.1472827913345
Evenings,LightGBM,0.0003168663094629101,983.1472827913345
Evenings,LightGBM,0.0003191110569128838,933.0163175208934
Evenings,LightGBM,0.00032135580436285757,933.0163175208934
Evenings,LightGBM,0.0003236005518128313,932.5125588117747
Evenings,LightGBM,0.00032584529926280503,932.5125588117747
Evenings,LightGBM,0.0003280900467127788,932.5125588117747
Evenings,LightGBM,0.00033033479416275254,932.1890212277731
Evenings,LightGBM,0.00033257954161272624,927.3079666495414
Evenings,LightGBM,0.0003348242890627,927.1900654592633
Evenings,XGBoost,0.0001125942915153,331.14031982421875
Evenings,XGBoost,0.00011483903896527375,331.14031982421875
Evenings,XGBoost,0.00011708378641524747,324.1653137207031
Evenings,XGBoost,0.00011932853386522122,324.1653137207031
Evenings,XGBoost,0.00012157328131519496,324.1653137207031
Evenings,XGBoost,0.0001238180287651687,324.1653137207031
Evenings,XGBoost,0.00012606277621514243,324.1653137207031
Evenings,XGBoost,0.00012830752366511616,324.1653137207031
Evenings,XGBoost,0.0001305522711150899,324.1653137207031
Evenings,XGBoost,0.00013279701856506364,324.1653137207031
Evenings,XGBoost,0.00013504176601503737,324.1653137207031
Evenings,XGBoost,0.00013728651346501112,323.55230712890625
Evenings,XGBoost,0.00013953126091498485,323.55230712890625
Evenings,XGBoost,0.00014177600836495858,323.55230712890625
Evenings,XGBoost,0.0001440207558149323,323.55230712890625
Evenings,XGBoost,0.00014626550326490606,323.55230712890625
Evenings,XGBoost,0.0001485102507148798,323.55230712890625
Evenings,XGBoost,0.00015075499816485352,323.55230712890625
Evenings,XGBoost,0.00015299974561482728,323.55230712890625
Evenings,XGBoost,0.000155244493064801,323.55230712890625
Evenings,XGBoost,0.00015748924051477473,323.55230712890625
Evenings,XGBoost,0.0001597339879647485,323.55230712890625
Evenings,XGBoost,0.00016197873541472222,322.21978759765625
Evenings,XGBoost,0.00016422348286469594,322.21978759765625
Evenings,XGBoost,0.0001664682303146697,322.21978759765625
Evenings,XGBoost,0.00016871297776464343,323.0992736816406
Evenings,XGBoost,0.00017095772521461716,323.0992736816406
Evenings,XGBoost,0.0001732024726645909,323.0992736816406
Evenings,XGBoost,0.00017544722011456464,323.0992736816406
Evenings,XGBoost,0.00017769196756453837,323.0992736816406
Evenings,XGBoost,0.00017993671501451212,323.0992736816406
Evenings,XGBoost,0.00018218146246448585,323.10577392578125
Evenings,XGBoost,0.00018442620991445958,323.1468200683594
Evenings,XGBoost,0.00018667095736443333,323.1468200683594
Evenings,XGBoost,0.00018891570481440706,323.1468200683594
Evenings,XGBoost,0.0001911604522643808,323.1468200683594
Evenings,XGBoost,0.00019340519971435455,323.1468200683594
Evenings,XGBoost,0.00019564994716432827,323.1468200683594
Evenings,XGBoost,0.000197894694614302,323.1468200683594
Evenings,XGBoost,0.00020013944206427576,323.2644348144531
Evenings,XGBoost,0.0002023841895142495,323.2644348144531
Evenings,XGBoost,0.00020462893696422322,323.2644348144531
Evenings,XGBoost,0.00020687368441419697,323.2644348144531
Evenings,XGBoost,0.0002091184318641707,323.2644348144531
Evenings,XGBoost,0.00021136317931414443,323.0552673339844
Evenings,XGBoost,0.00021360792676411818,323.0552673339844
Evenings,XGBoost,0.0002158526742140919,323.0370788574219
Evenings,XGBoost,0.00021809742166406564,323.0370788574219
Evenings,XGBoost,0.0002203421691140394,323.0370788574219
Evenings,XGBoost,0.00022258691656401312,323.0180969238281
Evenings,XGBoost,0.00022483166401398685,323.0180969238281
Evenings,XGBoost,0.0002270764114639606,320.69525146484375
Evenings,XGBoost,0.00022932115891393433,320.69525146484375
Evenings,XGBoost,0.00023156590636390806,320.69525146484375
Evenings,XGBoost,0.00023381065381388182,320.69525146484375
Evenings,XGBoost,0.00023605540126385555,320.69525146484375
Evenings,XGBoost,0.00023830014871382927,326.760498046875
Evenings,XGBoost,0.00024054489616380303,326.760498046875
Evenings,XGBoost,0.00024278964361377676,326.760498046875
Evenings,XGBoost,0.0002450343910637505,326.760498046875
Evenings,XGBoost,0.00024727913851372424,326.760498046875
Evenings,XGBoost,0.000249523885963698,326.760498046875
Evenings,XGBoost,0.0002517686334136717,326.760498046875
Evenings,XGBoost,0.00025401338086364545,326.1205139160156
Evenings,XGBoost,0.00025625812831361915,326.1205139160156
Evenings,XGBoost,0.0002585028757635929,326.1205139160156
Evenings,XGBoost,0.00026074762321356667,326.1205139160156
Evenings,XGBoost,0.0002629923706635404,326.1205139160156
Evenings,XGBoost,0.0002652371181135141,326.1205139160156
Evenings,XGBoost,0.0002674818655634879,326.01123046875
Evenings,XGBoost,0.0002697266130134616,332.07318115234375
Evenings,XGBoost,0.00027197136046343533,318.7510681152344
Evenings,XGBoost,0.0002742161079134091,315.8358154296875
Evenings,XGBoost,0.00027646085536338284,315.8358154296875
Evenings,XGBoost,0.00027870560281335655,315.8358154296875
Evenings,XGBoost,0.0002809503502633303,315.7903747558594
Evenings,XGBoost,0.000283195097713304,315.7903747558594
Evenings,XGBoost,0.00028543984516327776,348.8661804199219
Evenings,XGBoost,0.0002876845926132515,644.4284057617188
Evenings,XGBoost,0.00028992934006322527,642.7766723632812
Evenings,XGBoost,0.00029217408751319897,642.7766723632812
Evenings,XGBoost,0.0002944188349631727,1026.200927734375
Evenings,XGBoost,0.0002966635824131464,1006.3095092773438
Evenings,XGBoost,0.0002989083298631202,1006.6309814453125
Evenings,XGBoost,0.00030115307731309394,1006.6309814453125
Evenings,XGBoost,0.0003033978247630677,1006.749267578125
Evenings,XGBoost,0.0003056425722130414,1006.6188354492188
Evenings,XGBoost,0.00030788731966301515,1006.6188354492188
Evenings,XGBoost,0.00031013206711298885,1006.6188354492188
Evenings,XGBoost,0.0003123768145629626,1007.2898559570312
Evenings,XGBoost,0.00031462156201293636,1007.2898559570312
Evenings,XGBoost,0.0003168663094629101,1006.7506713867188
Evenings,XGBoost,0.0003191110569128838,1003.2412719726562
Evenings,XGBoost,0.00032135580436285757,1003.2412719726562
Evenings,XGBoost,0.0003236005518128313,1003.2412719726562
Evenings,XGBoost,0.00032584529926280503,1003.2412719726562
Evenings,XGBoost,0.0003280900467127788,1001.3217163085938
Evenings,XGBoost,0.00033033479416275254,1000.51611328125
Evenings,XGBoost,0.00033257954161272624,1001.4188842773438
Evenings,XGBoost,0.0003348242890627,991.4210205078125
Mornings Special,CatBoost,0.0001125942915153,248.31790600545128
Mornings Special,CatBoost,0.00011483903896527375,248.31790600545128
Mornings Special,CatBoost,0.00011708378641524747,248.31790600545128
Mornings Special,CatBoost,0.00011932853386522122,248.31790600545128
Mornings Special,CatBoost,0.00012157328131519496,248.31790600545128
Mornings Special,CatBoost,0.0001238180287651687,248.31790600545128
Mornings Special,CatBoost,0.00012606277621514243,248.31790600545128
Mornings Special,CatBoost,0.00012830752366511616,248.31790600545128
Mornings Special,CatBoost,0.0001305522711150899,248.31790600545128
Mornings Special,CatBoost,0.00013279701856506364,248.31790600545128
Mornings Special,CatBoost,0.00013504176601503737,250.4285177117228
Mornings Special,CatBoost,0.00013728651346501112,250.4285177117228
Mornings Special,CatBoost,0.00013953126091498485,250.4285177117228
Mornings Special,CatBoost,0.00014177600836495858,250.4285177117228
Mornings Special,CatBoost,0.0001440207558149323,252.56758583345018
Mornings Special,CatBoost,0.00014626550326490606,252.56758583345018
Mornings Special,CatBoost,0.0001485102507148798,252.56758583345018
Mornings Special,CatBoost,0.00015075499816485352,252.56758583345018
Mornings Special,CatBoost,0.00015299974561482728,253.42558812272776
Mornings Special,CatBoost,0.000155244493064801,253.42558812272776
Mornings Special,CatBoost,0.00015748924051477473,253.42558812272776
Mornings Special,CatBoost,0.0001597339879647485,253.42558812272776
Mornings Special,CatBoost,0.00016197873541472222,253.42558812272776
Mornings Special,CatBoost,0.00016422348286469594,253.40788774888307
Mornings Special,CatBoost,0.0001664682303146697,253.40788774888307
Mornings Special,CatBoost,0.00016871297776464343,253.40788774888307
Mornings Special,CatBoost,0.00017095772521461716,253.40788774888307
Mornings Special,CatBoost,0.0001732024726645909,253.40788774888307
Mornings Special,CatBoost,0.00017544722011456464,253.40788774888307
Mornings Special,CatBoost,0.00017769196756453837,253.40788774888307
Mornings Special,CatBoost,0.00017993671501451212,253.40788774888307
Mornings Special,CatBoost,0.00018218146246448585,253.40788774888307
Mornings Special,CatBoost,0.00018442620991445958,253.40788774888307
Mornings Special,CatBoost,0.00018667095736443333,253.40788774888307
Mornings Special,CatBoost,0.00018891570481440706,253.40788774888307
Mornings Special,CatBoost,0.0001911604522643808,253.40788774888307
Mornings Special,CatBoost,0.00019340519971435455,253.40788774888307
Mornings Special,CatBoost,0.00019564994716432827,253.40788774888307
Mornings Special,CatBoost,0.000197894694614302,253.40788774888307
Mornings Special,CatBoost,0.00020013944206427576,253.40788774888307
Mornings Special,CatBoost,0.0002023841895142495,253.40788774888307
Mornings Special,CatBoost,0.00020462893696422322,253.40788774888307
Mornings Special,CatBoost,0.00020687368441419697,253.40788774888307
Mornings Special,CatBoost,0.0002091184318641707,253.40788774888307
Mornings Special,CatBoost,0.00021136317931414443,253.40788774888307
Mornings Special,CatBoost,0.00021360792676411818,253.40788774888307
Mornings Special,CatBoost,0.0002158526742140919,253.40788774888307
Mornings Special,CatBoost,0.00021809742166406564,253.44742027654945
Mornings Special,CatBoost,0.0002203421691140394,253.44742027654945
Mornings Special,CatBoost,0.00022258691656401312,253.44742027654945
Mornings Special,CatBoost,0.00022483166401398685,254.10073522180994
Mornings Special,CatBoost,0.0002270764114639606,254.10073522180994
Mornings Special,CatBoost,0.00022932115891393433,254.10073522180994
Mornings Special,CatBoost,0.00023156590636390806,254.46236556294116
Mornings Special,CatBoost,0.00023381065381388182,254.46236556294116
Mornings Special,CatBoost,0.00023605540126385555,254.46236556294116
Mornings Special,CatBoost,0.00023830014871382927,254.46236556294116
Mornings Special,CatBoost,0.00024054489616380303,254.46236556294116
Mornings Special,CatBoost,0.00024278964361377676,254.4788710358889
Mornings Special,CatBoost,0.0002450343910637505,254.4788710358889
Mornings Special,CatBoost,0.00024727913851372424,254.4788710358889
Mornings Special,CatBoost,0.000249523885963698,254.4788710358889
Mornings Special,CatBoost,0.0002517686334136717,254.4788710358889
Mornings Special,CatBoost,0.00025401338086364545,254.4788710358889
Mornings Special,CatBoost,0.00025625812831361915,254.4788710358889
Mornings Special,CatBoost,0.0002585028757635929,254.4788710358889
Mornings Special,CatBoost,0.00026074762321356667,254.4788710358889
Mornings Special,CatBoost,0.0002629923706635404,254.4788710358889
Mornings Special,CatBoost,0.0002652371181135141,254.4788710358889
Mornings Special,CatBoost,0.0002674818655634879,254.4788710358889
Mornings Special,CatBoost,0.0002697266130134616,254.4788710358889
Mornings Special,CatBoost,0.00027197136046343533,254.4788710358889
Mornings Special,CatBoost,0.0002742161079134091,254.4788710358889
Mornings Special,CatBoost,0.00027646085536338284,254.4788710358889
Mornings Special,CatBoost,0.00027870560281335655,254.49134986727753
Mornings Special,CatBoost,0.0002809503502633303,254.49134986727753
Mornings Special,CatBoost,0.000283195097713304,254.66408455931787
Mornings Special,CatBoost,0.00028543984516327776,255.56128255219218
Mornings Special,CatBoost,0.0002876845926132515,314.15408202778326
Mornings Special,CatBoost,0.00028992934006322527,376.9194422452721
Mornings Special,CatBoost,0.00029217408751319897,393.176031828263
Mornings Special,CatBoost,0.0002944188349631727,393.38958337551344
Mornings Special,CatBoost,0.0002966635824131464,393.4671941336728
Mornings Special,CatBoost,0.0002989083298631202,393.4671941336728
Mornings Special,CatBoost,0.00030115307731309394,393.4671941336728
Mornings Special,CatBoost,0.0003033978247630677,393.4671941336728
Mornings Special,CatBoost,0.0003056425722130414,393.4671941336728
Mornings Special,CatBoost,0.00030788731966301515,393.49481098657174
Mornings Special,CatBoost,0.00031013206711298885,393.49481098657174
Mornings Special,CatBoost,0.0003123768145629626,393.49481098657174
Mornings Special,CatBoost,0.00031462156201293636,392.5868067354629
Mornings Special,CatBoost,0.0003168663094629101,392.5868067354629
Mornings Special,CatBoost,0.0003191110569128838,391.9683040560772
Mornings Special,CatBoost,0.00032135580436285757,391.9683040560772
Mornings Special,CatBoost,0.0003236005518128313,394.4466728020865
Mornings Special,CatBoost,0.00032584529926280503,394.4466728020865
Mornings Special,CatBoost,0.0003280900467127788,394.4466728020865
Mornings Special,CatBoost,0.00033033479416275254,394.30403404692254
Mornings Special,CatBoost,0.00033257954161272624,395.94773571339385
Mornings Special,CatBoost,0.0003348242890627,396.004120926312
Mornings Special,LightGBM,0.0001125942915153,200.64350424987657
Mornings Special,LightGBM,0.00011483903896527375,200.64350424987657
Mornings Special,LightGBM,0.00011708378641524747,200.64350424987657
Mornings Special,LightGBM,0.00011932853386522122,200.64350424987657
Mornings Special,LightGBM,0.00012157328131519496,207.26630030306026
Mornings Special,LightGBM,0.0001238180287651687,207.26630030306026
Mornings Special,LightGBM,0.00012606277621514243,207.26630030306026
Mornings Special,LightGBM,0.00012830752366511616,209.13188970157793
Mornings Special,LightGBM,0.0001305522711150899,209.13188970157793
Mornings Special,LightGBM,0.00013279701856506364,209.13188970157793
Mornings Special,LightGBM,0.00013504176601503737,209.13188970157793
Mornings Special,LightGBM,0.00013728651346501112,209.13188970157793
Mornings Special,LightGBM,0.00013953126091498485,209.13188970157793
Mornings Special,LightGBM,0.00014177600836495858,209.13188970157793
Mornings Special,LightGBM,0.0001440207558149323,209.0494444826713
Mornings Special,LightGBM,0.00014626550326490606,209.0494444826713
Mornings Special,LightGBM,0.0001485102507148798,209.0494444826713
Mornings Special,LightGBM,0.00015075499816485352,209.0494444826713
Mornings Special,LightGBM,0.00015299974561482728,209.8143358142316
Mornings Special,LightGBM,0.000155244493064801,209.8143358142316
Mornings Special,LightGBM,0.00015748924051477473,209.80077687866745
Mornings Special,LightGBM,0.0001597339879647485,209.80077687866745
Mornings Special,LightGBM,0.00016197873541472222,209.80077687866745
Mornings Special,LightGBM,0.00016422348286469594,211.13076301796255
Mornings Special,LightGBM,0.0001664682303146697,211.13076301796255
Mornings Special,LightGBM,0.00016871297776464343,211.13076301796255
Mornings Special,LightGBM,0.00017095772521461716,211.13076301796255
Mornings Special,LightGBM,0.0001732024726645909,211.13076301796255
Mornings Special,LightGBM,0.00017544722011456464,211.13076301796255
Mornings Special,LightGBM,0.00017769196756453837,211.13076301796255
Mornings Special,LightGBM,0.00017993671501451212,211.13076301796255
Mornings Special,LightGBM,0.00018218146246448585,211.04031624375887
Mornings Special,LightGBM,0.00018442620991445958,211.01474364857276
Mornings Special,LightGBM,0.00018667095736443333,211.01474364857276
Mornings Special,LightGBM,0.00018891570481440706,211.01474364857276
Mornings Special,LightGBM,0.0001911604522643808,211.01474364857276
Mornings Special,LightGBM,0.00019340519971435455,211.01474364857276
Mornings Special,LightGBM,0.00019564994716432827,211.01474364857276
Mornings Special,LightGBM,0.000197894694614302,211.01474364857276
Mornings Special,LightGBM,0.00020013944206427576,211.01474364857276
Mornings Special,LightGBM,0.0002023841895142495,211.01474364857276
Mornings Special,LightGBM,0.00020462893696422322,211.43060574458806
Mornings Special,LightGBM,0.00020687368441419697,211.43060574458806
Mornings Special,LightGBM,0.0002091184318641707,211.43060574458806
Mornings Special,LightGBM,0.00021136317931414443,211.45227783071638
Mornings Special,LightGBM,0.00021360792676411818,211.54099678224847
Mornings Special,LightGBM,0.0002158526742140919,211.54099678224847
Mornings Special,LightGBM,0.00021809742166406564,211.53374490754373
Mornings Special,LightGBM,0.0002203421691140394,211.53374490754373
Mornings Special,LightGBM,0.00022258691656401312,211.53374490754373
Mornings Special,LightGBM,0.00022483166401398685,211.53374490754373
Mornings Special,LightGBM,0.0002270764114639606,211.53374490754373
Mornings Special,LightGBM,0.00022932115891393433,211.53374490754373
Mornings Special,LightGBM,0.00023156590636390806,211.57255731217757
Mornings Special,LightGBM,0.00023381065381388182,211.57255731217757
Mornings Special,LightGBM,0.00023605540126385555,211.57255731217757
Mornings Special,LightGBM,0.00023830014871382927,211.50774693771547
Mornings Special,LightGBM,0.00024054489616380303,211.43844227945286
Mornings Special,LightGBM,0.00024278964361377676,211.24721001946673
Mornings Special,LightGBM,0.0002450343910637505,211.24721001946673
Mornings Special,LightGBM,0.00024727913851372424,211.19744206394648
Mornings Special,LightGBM,0.000249523885963698,211.19744206394648
Mornings Special,LightGBM,0.0002517686334136717,211.19744206394648
Mornings Special,LightGBM,0.00025401338086364545,211.19744206394648
Mornings Special,LightGBM,0.00025625812831361915,211.19744206394648
Mornings Special,LightGBM,0.0002585028757635929,211.19744206394648
Mornings Special,LightGBM,0.00026074762321356667,211.1898614757042
Mornings Special,LightGBM,0.0002629923706635404,211.1898614757042
Mornings Special,LightGBM,0.0002652371181135141,211.1898614757042
Mornings Special,LightGBM,0.0002674818655634879,211.59761732148536
Mornings Special,LightGBM,0.0002697266130134616,211.59761732148536
Mornings Special,LightGBM,0.00027197136046343533,211.17818144368195
Mornings Special,LightGBM,0.0002742161079134091,211.22017563010257
Mornings Special,LightGBM,0.00027646085536338284,211.22017563010257
Mornings Special,LightGBM,0.00027870560281335655,207.13872779483452
Mornings Special,LightGBM,0.0002809503502633303,207.13872779483452
Mornings Special,LightGBM,0.000283195097713304,207.134570774506
Mornings Special,LightGBM,0.00028543984516327776,233.32261054161927
Mornings Special,LightGBM,0.0002876845926132515,536.6065774673556
Mornings Special,LightGBM,0.00028992934006322527,536.3949540667397
Mornings Special,LightGBM,0.00029217408751319897,536.2535020346345
Mornings Special,LightGBM,0.0002944188349631727,537.1944932439084
Mornings Special,LightGBM,0.0002966635824131464,542.6212354282375
Mornings Special,LightGBM,0.0002989083298631202,542.6212354282375
Mornings Special,LightGBM,0.00030115307731309394,542.6205912149351
Mornings Special,LightGBM,0.0003033978247630677,542.8532463632622
Mornings Special,LightGBM,0.0003056425722130414,542.8532463632622
Mornings Special,LightGBM,0.00030788731966301515,542.9530761359981
Mornings Special,LightGBM,0.00031013206711298885,542.9530761359981
Mornings Special,LightGBM,0.0003123768145629626,542.9530761359981
Mornings Special,LightGBM,0.00031462156201293636,544.1616232334768
Mornings Special,LightGBM,0.0003168663094629101,544.1616232334768
Mornings Special,LightGBM,0.0003191110569128838,544.1193076561282
Mornings Special,LightGBM,0.00032135580436285757,544.1193076561282
Mornings Special,LightGBM,0.0003236005518128313,551.113750292695
Mornings Special,LightGBM,0.00032584529926280503,551.113750292695
Mornings Special,LightGBM,0.0003280900467127788,551.113750292695
Mornings Special,LightGBM,0.00033033479416275254,549.3536783707865
Mornings Special,LightGBM,0.00033257954161272624,545.9509680111909
Mornings Special,LightGBM,0.0003348242890627,545.9509680111909
Mornings Special,XGBoost,0.0001125942915153,217.2051239013672
Mornings Special,XGBoost,0.00011483903896527375,217.2051239013672
Mornings Special,XGBoost,0.00011708378641524747,217.2051239013672
Mornings Special,XGBoost,0.00011932853386522122,217.2051239013672
Mornings Special,XGBoost,0.00012157328131519496,217.2051239013672
Mornings Special,XGBoost,0.0001238180287651687,217.2051239013672
Mornings Special,XGBoost,0.00012606277621514243,217.2051239013672
Mornings Special,XGBoost,0.00012830752366511616,217.2051239013672
Mornings Special,XGBoost,0.0001305522711150899,217.2051239013672
Mornings Special,XGBoost,0.00013279701856506364,217.2051239013672
Mornings Special,XGBoost,0.00013504176601503737,217.2051239013672
Mornings Special,XGBoost,0.00013728651346501112,217.2142791748047
Mornings Special,XGBoost,0.00013953126091498485,217.2142791748047
Mornings Special,XGBoost,0.00014177600836495858,217.2142791748047
Mornings Special,XGBoost,0.0001440207558149323,217.2142791748047
Mornings Special,XGBoost,0.00014626550326490606,217.2142791748047
Mornings Special,XGBoost,0.0001485102507148798,217.2142791748047
Mornings Special,XGBoost,0.00015075499816485352,217.2767791748047
Mornings Special,XGBoost,0.00015299974561482728,217.2767791748047
Mornings Special,XGBoost,0.000155244493064801,217.1853790283203
Mornings Special,XGBoost,0.00015748924051477473,217.1853790283203
Mornings Special,XGBoost,0.0001597339879647485,217.1853790283203
Mornings Special,XGBoost,0.00016197873541472222,217.15948486328125
Mornings Special,XGBoost,0.00016422348286469594,217.15948486328125
Mornings Special,XGBoost,0.0001664682303146697,217.15948486328125
Mornings Special,XGBoost,0.00016871297776464343,218.02772521972656
Mornings Special,XGBoost,0.00017095772521461716,218.02772521972656
Mornings Special,XGBoost,0.0001732024726645909,218.02772521972656
Mornings Special,XGBoost,0.00017544722011456464,218.02772521972656
Mornings Special,XGBoost,0.00017769196756453837,218.02772521972656
Mornings Special,XGBoost,0.00017993671501451212,218.02772521972656
Mornings Special,XGBoost,0.00018218146246448585,218.19834899902344
Mornings Special,XGBoost,0.00018442620991445958,218.49288940429688
Mornings Special,XGBoost,0.00018667095736443333,218.49288940429688
Mornings Special,XGBoost,0.00018891570481440706,218.49288940429688
Mornings Special,XGBoost,0.0001911604522643808,218.49288940429688
Mornings Special,XGBoost,0.00019340519971435455,218.49288940429688
Mornings Special,XGBoost,0.00019564994716432827,218.49288940429688
Mornings Special,XGBoost,0.000197894694614302,218.49288940429688
Mornings Special,XGBoost,0.00020013944206427576,218.49423217773438
Mornings Special,XGBoost,0.0002023841895142495,218.49423217773438
Mornings Special,XGBoost,0.00020462893696422322,218.49423217773438
Mornings Special,XGBoost,0.00020687368441419697,218.49423217773438
Mornings Special,XGBoost,0.0002091184318641707,218.51002502441406
Mornings Special,XGBoost,0.00021136317931414443,218.32095336914062
Mornings Special,XGBoost,0.00021360792676411818,218.32095336914062
Mornings Special,XGBoost,0.0002158526742140919,218.3401336669922
Mornings Special,XGBoost,0.00021809742166406564,218.3401336669922
Mornings Special,XGBoost,0.0002203421691140394,218.3401336669922
Mornings Special,XGBoost,0.00022258691656401312,218.3401336669922
Mornings Special,XGBoost,0.00022483166401398685,218.3401336669922
Mornings Special,XGBoost,0.0002270764114639606,218.3401336669922
Mornings Special,XGBoost,0.00022932115891393433,218.3401336669922
Mornings Special,XGBoost,0.00023156590636390806,218.3401336669922
Mornings Special,XGBoost,0.00023381065381388182,218.3401336669922
Mornings Special,XGBoost,0.00023605540126385555,218.3401336669922
Mornings Special,XGBoost,0.00023830014871382927,218.23988342285156
Mornings Special,XGBoost,0.00024054489616380303,218.23988342285156
Mornings Special,XGBoost,0.00024278964361377676,218.26210021972656
Mornings Special,XGBoost,0.0002450343910637505,218.26210021972656
Mornings Special,XGBoost,0.00024727913851372424,218.26210021972656
Mornings Special,XGBoost,0.000249523885963698,218.26210021972656
Mornings Special,XGBoost,0.0002517686334136717,218.26210021972656
Mornings Special,XGBoost,0.00025401338086364545,218.21640014648438
Mornings Special,XGBoost,0.00025625812831361915,218.21640014648438
Mornings Special,XGBoost,0.0002585028757635929,218.21640014648438
Mornings Special,XGBoost,0.00026074762321356667,218.21640014648438
Mornings Special,XGBoost,0.0002629923706635404,218.21640014648438
Mornings Special,XGBoost,0.0002652371181135141,218.21640014648438
Mornings Special,XGBoost,0.0002674818655634879,218.21640014648438
Mornings Special,XGBoost,0.0002697266130134616,218.227294921875
Mornings Special,XGBoost,0.00027197136046343533,215.89520263671875
Mornings Special,XGBoost,0.0002742161079134091,215.02569580078125
Mornings Special,XGBoost,0.00027646085536338284,215.02569580078125
Mornings Special,XGBoost,0.00027870560281335655,215.02569580078125
Mornings Special,XGBoost,0.0002809503502633303,215.12916564941406
Mornings Special,XGBoost,0.000283195097713304,215.12916564941406
Mornings Special,XGBoost,0.00028543984516327776,222.0806884765625
Mornings Special,XGBoost,0.0002876845926132515,525.1492309570312
Mornings Special,XGBoost,0.00028992934006322527,556.4695434570312
Mornings Special,XGBoost,0.00029217408751319897,556.4695434570312
Mornings Special,XGBoost,0.0002944188349631727,562.9832153320312
Mornings Special,XGBoost,0.0002966635824131464,563.1329345703125
Mornings Special,XGBoost,0.0002989083298631202,563.5560302734375
Mornings Special,XGBoost,0.00030115307731309394,563.5560302734375
Mornings Special,XGBoost,0.0003033978247630677,563.5560302734375
Mornings Special,XGBoost,0.0003056425722130414,563.6586303710938
Mornings Special,XGBoost,0.00030788731966301515,563.6586303710938
Mornings Special,XGBoost,0.00031013206711298885,563.6586303710938
Mornings Special,XGBoost,0.0003123768145629626,563.8931274414062
Mornings Special,XGBoost,0.00031462156201293636,563.8931274414062
Mornings Special,XGBoost,0.0003168663094629101,564.5125122070312
Mornings Special,XGBoost,0.0003191110569128838,563.234619140625
Mornings Special,XGBoost,0.00032135580436285757,563.234619140625
Mornings Special,XGBoost,0.0003236005518128313,563.234619140625
Mornings Special,XGBoost,0.00032584529926280503,563.234619140625
Mornings Special,XGBoost,0.0003280900467127788,565.4100341796875
Mornings Special,XGBoost,0.00033033479416275254,565.100341796875
Mornings Special,XGBoost,0.00033257954161272624,564.9750366210938
Mornings Special,XGBoost,0.0003348242890627,564.97998046875
Lunches Special,CatBoost,0.0001125942915153,637.8663149096969
Lunches Special,CatBoost,0.00011483903896527375,668.5060143714159
Lunches Special,CatBoost,0.00011708378641524747,668.5060143714159
Lunches Special,CatBoost,0.00011932853386522122,668.5060143714159
Lunches Special,CatBoost,0.00012157328131519496,668.9971992555659
Lunches Special,CatBoost,0.0001238180287651687,668.9971992555659
Lunches Special,CatBoost,0.00012606277621514243,668.9971992555659
Lunches Special,CatBoost,0.00012830752366511616,668.9971992555659
Lunches Special,CatBoost,0.0001305522711150899,668.9971992555659
Lunches Special,CatBoost,0.00013279701856506364,668.9971992555659
Lunches Special,CatBoost,0.00013504176601503737,670.747437569868
Lunches Special,CatBoost,0.00013728651346501112,670.747437569868
Lunches Special,CatBoost,0.00013953126091498485,670.747437569868
Lunches Special,CatBoost,0.00014177600836495858,670.747437569868
Lunches Special,CatBoost,0.0001440207558149323,669.54384193499
Lunches Special,CatBoost,0.00014626550326490606,669.54384193499
Lunches Special,CatBoost,0.0001485102507148798,669.54384193499
Lunches Special,CatBoost,0.00015075499816485352,669.54384193499
Lunches Special,CatBoost,0.00015299974561482728,671.3466779668629
Lunches Special,CatBoost,0.000155244493064801,671.3466779668629
Lunches Special,CatBoost,0.00015748924051477473,653.9713522056541
Lunches Special,CatBoost,0.0001597339879647485,653.9713522056541
Lunches Special,CatBoost,0.00016197873541472222,653.9713522056541
Lunches Special,CatBoost,0.00016422348286469594,650.3222573853126
Lunches Special,CatBoost,0.0001664682303146697,650.3222573853126
Lunches Special,CatBoost,0.00016871297776464343,650.3222573853126
Lunches Special,CatBoost,0.00017095772521461716,650.3222573853126
Lunches Special,CatBoost,0.0001732024726645909,650.3222573853126
Lunches Special,CatBoost,0.00017544722011456464,649.4386573267277
Lunches Special,CatBoost,0.00017769196756453837,649.4386573267277
Lunches Special,CatBoost,0.00017993671501451212,649.4386573267277
Lunches Special,CatBoost,0.00018218146246448585,628.2804605773641
Lunches Special,CatBoost,0.00018442620991445958,628.4988733322554
Lunches Special,CatBoost,0.00018667095736443333,628.4988733322554
Lunches Special,CatBoost,0.00018891570481440706,628.4988733322554
Lunches Special,CatBoost,0.0001911604522643808,628.4988733322554
Lunches Special,CatBoost,0.00019340519971435455,628.4904111977024
Lunches Special,CatBoost,0.00019564994716432827,628.4904111977024
Lunches Special,CatBoost,0.000197894694614302,628.4904111977024
Lunches Special,CatBoost,0.00020013944206427576,628.4904111977024
Lunches Special,CatBoost,0.0002023841895142495,628.4904111977024
Lunches Special,CatBoost,0.00020462893696422322,628.4904111977024
Lunches Special,CatBoost,0.00020687368441419697,628.4904111977024
Lunches Special,CatBoost,0.0002091184318641707,628.4904111977024
Lunches Special,CatBoost,0.00021136317931414443,627.847436694156
Lunches Special,CatBoost,0.00021360792676411818,627.847436694156
Lunches Special,CatBoost,0.0002158526742140919,627.847436694156
Lunches Special,CatBoost,0.00021809742166406564,627.847436694156
Lunches Special,CatBoost,0.0002203421691140394,627.847436694156
Lunches Special,CatBoost,0.00022258691656401312,627.847436694156
Lunches Special,CatBoost,0.00022483166401398685,627.847436694156
Lunches Special,CatBoost,0.0002270764114639606,627.847436694156
Lunches Special,CatBoost,0.00022932115891393433,627.847436694156
Lunches Special,CatBoost,0.00023156590636390806,627.847436694156
Lunches Special,CatBoost,0.00023381065381388182,627.847436694156
Lunches Special,CatBoost,0.00023605540126385555,627.847436694156
Lunches Special,CatBoost,0.00023830014871382927,627.847436694156
Lunches Special,CatBoost,0.00024054489616380303,627.847436694156
Lunches Special,CatBoost,0.00024278964361377676,627.847436694156
Lunches Special,CatBoost,0.0002450343910637505,627.847436694156
Lunches Special,CatBoost,0.00024727913851372424,627.847436694156
Lunches Special,CatBoost,0.000249523885963698,627.847436694156
Lunches Special,CatBoost,0.0002517686334136717,627.847436694156
Lunches Special,CatBoost,0.00025401338086364545,627.847436694156
Lunches Special,CatBoost,0.00025625812831361915,627.847436694156
Lunches Special,CatBoost,0.0002585028757635929,627.847436694156
Lunches Special,CatBoost,0.00026074762321356667,627.847436694156
Lunches Special,CatBoost,0.0002629923706635404,627.847436694156
Lunches Special,CatBoost,0.0002652371181135141,627.847436694156
Lunches Special,CatBoost,0.0002674818655634879,626.2951696764725
Lunches Special,CatBoost,0.0002697266130134616,626.2951696764725
Lunches Special,CatBoost,0.00027197136046343533,623.1444979609665
Lunches Special,CatBoost,0.0002742161079134091,622.3846823227366
Lunches Special,CatBoost,0.00027646085536338284,622.3846823227366
Lunches Special,CatBoost,0.00027870560281335655,622.3846823227366
Lunches Special,CatBoost,0.0002809503502633303,622.3846823227366
Lunches Special,CatBoost,0.000283195097713304,640.4573701617558
Lunches Special,CatBoost,0.00028543984516327776,681.6303538659713
Lunches Special,CatBoost,0.0002876845926132515,947.7578871923132
Lunches Special,CatBoost,0.00028992934006322527,946.8733313803139
Lunches Special,CatBoost,0.00029217408751319897,1444.474169841738
Lunches Special,CatBoost,0.0002944188349631727,1442.7017622322019
Lunches Special,CatBoost,0.0002966635824131464,1440.1447274244845
Lunches Special,CatBoost,0.0002989083298631202,1440.1447274244845
Lunches Special,CatBoost,0.00030115307731309394,1440.1447274244845
Lunches Special,CatBoost,0.0003033978247630677,1440.1447274244845
Lunches Special,CatBoost,0.0003056425722130414,1440.1447274244845
Lunches Special,CatBoost,0.00030788731966301515,1445.3539108865002
Lunches Special,CatBoost,0.00031013206711298885,1445.3539108865002
Lunches Special,CatBoost,0.0003123768145629626,1445.3539108865002
Lunches Special,CatBoost,0.00031462156201293636,1445.1447422688775
Lunches Special,CatBoost,0.0003168663094629101,1445.1447422688775
Lunches Special,CatBoost,0.0003191110569128838,1445.8782108983446
Lunches Special,CatBoost,0.00032135580436285757,1445.8782108983446
Lunches Special,CatBoost,0.0003236005518128313,1436.632164967135
Lunches Special,CatBoost,0.00032584529926280503,1436.632164967135
Lunches Special,CatBoost,0.0003280900467127788,1436.632164967135
Lunches Special,CatBoost,0.00033033479416275254,1429.4418117910122
Lunches Special,CatBoost,0.00033257954161272624,1433.4520607920938
Lunches Special,CatBoost,0.0003348242890627,1431.537574269203
Lunches Special,LightGBM,0.0001125942915153,715.0822992084419
Lunches Special,LightGBM,0.00011483903896527375,714.5071510747513
Lunches Special,LightGBM,0.00011708378641524747,714.5071510747513
Lunches Special,LightGBM,0.00011932853386522122,714.5071510747513
Lunches Special,LightGBM,0.00012157328131519496,714.5071510747513
Lunches Special,LightGBM,0.0001238180287651687,714.5071510747513
Lunches Special,LightGBM,0.00012606277621514243,714.5071510747513
Lunches Special,LightGBM,0.00012830752366511616,714.2692674834384
Lunches Special,LightGBM,0.0001305522711150899,714.2692674834384
Lunches Special,LightGBM,0.00013279701856506364,714.2692674834384
Lunches Special,LightGBM,0.00013504176601503737,720.3507556567963
Lunches Special,LightGBM,0.00013728651346501112,720.3507556567963
Lunches Special,LightGBM,0.00013953126091498485,720.3507556567963
Lunches Special,LightGBM,0.00014177600836495858,720.3507556567963
Lunches Special,LightGBM,0.0001440207558149323,720.420779404243
Lunches Special,LightGBM,0.00014626550326490606,720.420779404243
Lunches Special,LightGBM,0.0001485102507148798,720.420779404243
Lunches Special,LightGBM,0.00015075499816485352,720.420779404243
Lunches Special,LightGBM,0.00015299974561482728,720.420779404243
Lunches Special,LightGBM,0.000155244493064801,720.420779404243
Lunches Special,LightGBM,0.00015748924051477473,720.2278006922559
Lunches Special,LightGBM,0.0001597339879647485,720.2278006922559
Lunches Special,LightGBM,0.00016197873541472222,720.2278006922559
Lunches Special,LightGBM,0.00016422348286469594,720.7027933533789
Lunches Special,LightGBM,0.0001664682303146697,720.7027933533789
Lunches Special,LightGBM,0.00016871297776464343,720.7027933533789
Lunches Special,LightGBM,0.00017095772521461716,720.7027933533789
Lunches Special,LightGBM,0.0001732024726645909,720.7027933533789
Lunches Special,LightGBM,0.00017544722011456464,719.6850165982358
Lunches Special,LightGBM,0.00017769196756453837,719.6850165982358
Lunches Special,LightGBM,0.00017993671501451212,719.6850165982358
Lunches Special,LightGBM,0.00018218146246448585,701.9352685086385
Lunches Special,LightGBM,0.00018442620991445958,710.3674628399443
Lunches Special,LightGBM,0.00018667095736443333,710.3674628399443
Lunches Special,LightGBM,0.00018891570481440706,710.3674628399443
Lunches Special,LightGBM,0.0001911604522643808,710.3674628399443
Lunches Special,LightGBM,0.00019340519971435455,710.7013240772231
Lunches Special,LightGBM,0.00019564994716432827,710.7013240772231
Lunches Special,LightGBM,0.000197894694614302,710.7013240772231
Lunches Special,LightGBM,0.00020013944206427576,710.7013240772231
Lunches Special,LightGBM,0.0002023841895142495,710.7013240772231
Lunches Special,LightGBM,0.00020462893696422322,703.7599212548083
Lunches Special,LightGBM,0.00020687368441419697,703.7599212548083
Lunches Special,LightGBM,0.0002091184318641707,703.7599212548083
Lunches Special,LightGBM,0.00021136317931414443,639.067066790918
Lunches Special,LightGBM,0.00021360792676411818,610.2935931208555
Lunches Special,LightGBM,0.0002158526742140919,610.2935931208555
Lunches Special,LightGBM,0.00021809742166406564,609.0505126403688
Lunches Special,LightGBM,0.0002203421691140394,609.0505126403688
Lunches Special,LightGBM,0.00022258691656401312,609.0505126403688
Lunches Special,LightGBM,0.00022483166401398685,609.3055477594206
Lunches Special,LightGBM,0.0002270764114639606,609.3055477594206
Lunches Special,LightGBM,0.00022932115891393433,609.3055477594206
Lunches Special,LightGBM,0.00023156590636390806,609.3281503952969
Lunches Special,LightGBM,0.00023381065381388182,609.3281503952969
Lunches Special,LightGBM,0.00023605540126385555,609.3281503952969
Lunches Special,LightGBM,0.00023830014871382927,609.3114646223686
Lunches Special,LightGBM,0.00024054489616380303,609.3392734536621
Lunches Special,LightGBM,0.00024278964361377676,609.2328829512344
Lunches Special,LightGBM,0.0002450343910637505,609.2328829512344
Lunches Special,LightGBM,0.00024727913851372424,609.3426337955348
Lunches Special,LightGBM,0.000249523885963698,609.3426337955348
Lunches Special,LightGBM,0.0002517686334136717,609.3426337955348
Lunches Special,LightGBM,0.00025401338086364545,609.3426337955348
Lunches Special,LightGBM,0.00025625812831361915,609.3426337955348
Lunches Special,LightGBM,0.0002585028757635929,609.3426337955348
Lunches Special,LightGBM,0.00026074762321356667,609.3426337955348
Lunches Special,LightGBM,0.0002629923706635404,609.3426337955348
Lunches Special,LightGBM,0.0002652371181135141,609.3426337955348
Lunches Special,LightGBM,0.0002674818655634879,609.2800027471103
Lunches Special,LightGBM,0.0002697266130134616,609.2800027471103
Lunches Special,LightGBM,0.00027197136046343533,609.1659369740901
Lunches Special,LightGBM,0.0002742161079134091,581.4904350043342
Lunches Special,LightGBM,0.00027646085536338284,581.4904350043342
Lunches Special,LightGBM,0.00027870560281335655,581.4508567834329
Lunches Special,LightGBM,0.0002809503502633303,581.4508567834329
Lunches Special,LightGBM,0.000283195097713304,581.4508567834329
Lunches Special,LightGBM,0.00028543984516327776,641.3848832757623
Lunches Special,LightGBM,0.0002876845926132515,1015.6426217771126
Lunches Special,LightGBM,0.00028992934006322527,1016.1158842769454
Lunches Special,LightGBM,0.00029217408751319897,1702.1433001774515
Lunches Special,LightGBM,0.0002944188349631727,1701.6660390060313
Lunches Special,LightGBM,0.0002966635824131464,1692.3949573660732
Lunches Special,LightGBM,0.0002989083298631202,1692.3949573660732
Lunches Special,LightGBM,0.00030115307731309394,1679.8100426189974
Lunches Special,LightGBM,0.0003033978247630677,1679.8100426189974
Lunches Special,LightGBM,0.0003056425722130414,1679.8100426189974
Lunches Special,LightGBM,0.00030788731966301515,1680.1390819763415
Lunches Special,LightGBM,0.00031013206711298885,1680.1390819763415
Lunches Special,LightGBM,0.0003123768145629626,1680.1390819763415
Lunches Special,LightGBM,0.00031462156201293636,1679.3179623332921
Lunches Special,LightGBM,0.0003168663094629101,1679.3179623332921
Lunches Special,LightGBM,0.0003191110569128838,1679.7255431234937
Lunches Special,LightGBM,0.00032135580436285757,1679.7255431234937
Lunches Special,LightGBM,0.0003236005518128313,1684.9535000647868
Lunches Special,LightGBM,0.00032584529926280503,1684.9535000647868
Lunches Special,LightGBM,0.0003280900467127788,1684.9535000647868
Lunches Special,LightGBM,0.00033033479416275254,1684.5691315181618
Lunches Special,LightGBM,0.00033257954161272624,1697.9318861428314
Lunches Special,LightGBM,0.0003348242890627,1699.00914231879
Lunches Special,XGBoost,0.0001125942915153,712.6358032226562
Lunches Special,XGBoost,0.00011483903896527375,712.6358032226562
Lunches Special,XGBoost,0.00011708378641524747,709.7700805664062
Lunches Special,XGBoost,0.00011932853386522122,709.7700805664062
Lunches Special,XGBoost,0.00012157328131519496,709.7700805664062
Lunches Special,XGBoost,0.0001238180287651687,709.7700805664062
Lunches Special,XGBoost,0.00012606277621514243,709.7700805664062
Lunches Special,XGBoost,0.00012830752366511616,709.7700805664062
Lunches Special,XGBoost,0.0001305522711150899,709.7700805664062
Lunches Special,XGBoost,0.00013279701856506364,709.7700805664062
Lunches Special,XGBoost,0.00013504176601503737,709.7700805664062
Lunches Special,XGBoost,0.00013728651346501112,710.6522216796875
Lunches Special,XGBoost,0.00013953126091498485,710.6522216796875
Lunches Special,XGBoost,0.00014177600836495858,710.6522216796875
Lunches Special,XGBoost,0.0001440207558149323,710.6522216796875
Lunches Special,XGBoost,0.00014626550326490606,710.6522216796875
Lunches Special,XGBoost,0.0001485102507148798,710.6522216796875
Lunches Special,XGBoost,0.00015075499816485352,710.6522216796875
Lunches Special,XGBoost,0.00015299974561482728,710.6522216796875
Lunches Special,XGBoost,0.000155244493064801,710.6522216796875
Lunches Special,XGBoost,0.00015748924051477473,710.6522216796875
Lunches Special,XGBoost,0.0001597339879647485,710.6522216796875
Lunches Special,XGBoost,0.00016197873541472222,710.7986450195312
Lunches Special,XGBoost,0.00016422348286469594,710.7986450195312
Lunches Special,XGBoost,0.0001664682303146697,710.7986450195312
Lunches Special,XGBoost,0.00016871297776464343,710.7986450195312
Lunches Special,XGBoost,0.00017095772521461716,710.7986450195312
Lunches Special,XGBoost,0.0001732024726645909,710.7986450195312
Lunches Special,XGBoost,0.00017544722011456464,710.7986450195312
Lunches Special,XGBoost,0.00017769196756453837,710.7986450195312
Lunches Special,XGBoost,0.00017993671501451212,710.7986450195312
Lunches Special,XGBoost,0.00018218146246448585,710.7986450195312
Lunches Special,XGBoost,0.00018442620991445958,710.9764404296875
Lunches Special,XGBoost,0.00018667095736443333,710.9764404296875
Lunches Special,XGBoost,0.00018891570481440706,710.9764404296875
Lunches Special,XGBoost,0.0001911604522643808,710.9764404296875
Lunches Special,XGBoost,0.00019340519971435455,710.9764404296875
Lunches Special,XGBoost,0.00019564994716432827,710.9764404296875
Lunches Special,XGBoost,0.000197894694614302,710.9764404296875
Lunches Special,XGBoost,0.00020013944206427576,710.9764404296875
Lunches Special,XGBoost,0.0002023841895142495,710.9764404296875
Lunches Special,XGBoost,0.00020462893696422322,710.9764404296875
Lunches Special,XGBoost,0.00020687368441419697,710.9764404296875
Lunches Special,XGBoost,0.0002091184318641707,711.6060180664062
Lunches Special,XGBoost,0.00021136317931414443,531.7568359375
Lunches Special,XGBoost,0.00021360792676411818,531.7568359375
Lunches Special,XGBoost,0.0002158526742140919,531.9600219726562
Lunches Special,XGBoost,0.00021809742166406564,531.9600219726562
Lunches Special,XGBoost,0.0002203421691140394,531.9600219726562
Lunches Special,XGBoost,0.00022258691656401312,532.6460571289062
Lunches Special,XGBoost,0.00022483166401398685,532.6460571289062
Lunches Special,XGBoost,0.0002270764114639606,532.6460571289062
Lunches Special,XGBoost,0.00022932115891393433,532.6460571289062
Lunches Special,XGBoost,0.00023156590636390806,532.6460571289062
Lunches Special,XGBoost,0.00023381065381388182,532.6460571289062
Lunches Special,XGBoost,0.00023605540126385555,532.6460571289062
Lunches Special,XGBoost,0.00023830014871382927,534.0455932617188
Lunches Special,XGBoost,0.00024054489616380303,534.0455932617188
Lunches Special,XGBoost,0.00024278964361377676,534.0455932617188
Lunches Special,XGBoost,0.0002450343910637505,534.0455932617188
Lunches Special,XGBoost,0.00024727913851372424,534.0455932617188
Lunches Special,XGBoost,0.000249523885963698,534.0455932617188
Lunches Special,XGBoost,0.0002517686334136717,534.0455932617188
Lunches Special,XGBoost,0.00025401338086364545,534.0455932617188
Lunches Special,XGBoost,0.00025625812831361915,534.0455932617188
Lunches Special,XGBoost,0.0002585028757635929,534.0455932617188
Lunches Special,XGBoost,0.00026074762321356667,534.0455932617188
Lunches Special,XGBoost,0.0002629923706635404,534.0455932617188
Lunches Special,XGBoost,0.0002652371181135141,534.0455932617188
Lunches Special,XGBoost,0.0002674818655634879,534.0455932617188
Lunches Special,XGBoost,0.0002697266130134616,534.0455932617188
Lunches Special,XGBoost,0.00027197136046343533,540.0557861328125
Lunches Special,XGBoost,0.0002742161079134091,519.101806640625
Lunches Special,XGBoost,0.00027646085536338284,519.101806640625
Lunches Special,XGBoost,0.00027870560281335655,519.101806640625
Lunches Special,XGBoost,0.0002809503502633303,518.1264038085938
Lunches Special,XGBoost,0.000283195097713304,518.1264038085938
Lunches Special,XGBoost,0.00028543984516327776,830.1118774414062
Lunches Special,XGBoost,0.0002876845926132515,1012.7988891601562
Lunches Special,XGBoost,0.00028992934006322527,1024.9139404296875
Lunches Special,XGBoost,0.00029217408751319897,1024.9139404296875
Lunches Special,XGBoost,0.0002944188349631727,1617.533935546875
Lunches Special,XGBoost,0.0002966635824131464,1614.564208984375
Lunches Special,XGBoost,0.0002989083298631202,1614.564208984375
Lunches Special,XGBoost,0.00030115307731309394,1614.564208984375
Lunches Special,XGBoost,0.0003033978247630677,1614.4794921875
Lunches Special,XGBoost,0.0003056425722130414,1614.4794921875
Lunches Special,XGBoost,0.00030788731966301515,1614.4794921875
Lunches Special,XGBoost,0.00031013206711298885,1614.4794921875
Lunches Special,XGBoost,0.0003123768145629626,1614.4794921875
Lunches Special,XGBoost,0.00031462156201293636,1614.4794921875
Lunches Special,XGBoost,0.0003168663094629101,1614.4794921875
Lunches Special,XGBoost,0.0003191110569128838,1614.4794921875
Lunches Special,XGBoost,0.00032135580436285757,1614.4794921875
Lunches Special,XGBoost,0.0003236005518128313,1614.4794921875
Lunches Special,XGBoost,0.00032584529926280503,1614.4794921875
Lunches Special,XGBoost,0.0003280900467127788,1592.8675537109375
Lunches Special,XGBoost,0.00033033479416275254,1592.8675537109375
Lunches Special,XGBoost,0.00033257954161272624,1595.1090087890625
Lunches Special,XGBoost,0.0003348242890627,1595.5494384765625
Afternoons Special,CatBoost,0.0001125942915153,659.7458489259486
Afternoons Special,CatBoost,0.00011483903896527375,617.7659315894043
Afternoons Special,CatBoost,0.00011708378641524747,617.7659315894043
Afternoons Special,CatBoost,0.00011932853386522122,617.7659315894043
Afternoons Special,CatBoost,0.00012157328131519496,630.461556562234
Afternoons Special,CatBoost,0.0001238180287651687,630.461556562234
Afternoons Special,CatBoost,0.00012606277621514243,630.461556562234
Afternoons Special,CatBoost,0.00012830752366511616,630.461556562234
Afternoons Special,CatBoost,0.0001305522711150899,630.461556562234
Afternoons Special,CatBoost,0.00013279701856506364,630.461556562234
Afternoons Special,CatBoost,0.00013504176601503737,630.5328205934516
Afternoons Special,CatBoost,0.00013728651346501112,630.5328205934516
Afternoons Special,CatBoost,0.00013953126091498485,630.5328205934516
Afternoons Special,CatBoost,0.00014177600836495858,630.5328205934516
Afternoons Special,CatBoost,0.0001440207558149323,630.5328205934516
Afternoons Special,CatBoost,0.00014626550326490606,630.5328205934516
Afternoons Special,CatBoost,0.0001485102507148798,630.5328205934516
Afternoons Special,CatBoost,0.00015075499816485352,630.5328205934516
Afternoons Special,CatBoost,0.00015299974561482728,661.4267381266335
Afternoons Special,CatBoost,0.000155244493064801,661.4267381266335
Afternoons Special,CatBoost,0.00015748924051477473,643.0241390614548
Afternoons Special,CatBoost,0.0001597339879647485,643.0241390614548
Afternoons Special,CatBoost,0.00016197873541472222,643.0241390614548
Afternoons Special,CatBoost,0.00016422348286469594,637.8206423153597
Afternoons Special,CatBoost,0.0001664682303146697,637.8206423153597
Afternoons Special,CatBoost,0.00016871297776464343,637.8206423153597
Afternoons Special,CatBoost,0.00017095772521461716,637.8206423153597
Afternoons Special,CatBoost,0.0001732024726645909,637.8206423153597
Afternoons Special,CatBoost,0.00017544722011456464,636.4117176105717
Afternoons Special,CatBoost,0.00017769196756453837,636.4117176105717
Afternoons Special,CatBoost,0.00017993671501451212,636.4117176105717
Afternoons Special,CatBoost,0.00018218146246448585,633.160934798417
Afternoons Special,CatBoost,0.00018442620991445958,633.1753853034493
Afternoons Special,CatBoost,0.00018667095736443333,633.1753853034493
Afternoons Special,CatBoost,0.00018891570481440706,633.1753853034493
Afternoons Special,CatBoost,0.0001911604522643808,633.1753853034493
Afternoons Special,CatBoost,0.00019340519971435455,631.6649865937445
Afternoons Special,CatBoost,0.00019564994716432827,631.6649865937445
Afternoons Special,CatBoost,0.000197894694614302,631.6649865937445
Afternoons Special,CatBoost,0.00020013944206427576,631.6649865937445
Afternoons Special,CatBoost,0.0002023841895142495,631.6649865937445
Afternoons Special,CatBoost,0.00020462893696422322,631.6649865937445
Afternoons Special,CatBoost,0.00020687368441419697,631.6649865937445
Afternoons Special,CatBoost,0.0002091184318641707,631.6649865937445
Afternoons Special,CatBoost,0.00021136317931414443,625.8036973766035
Afternoons Special,CatBoost,0.00021360792676411818,625.9331396625432
Afternoons Special,CatBoost,0.0002158526742140919,625.9331396625432
Afternoons Special,CatBoost,0.00021809742166406564,624.4959717251214
Afternoons Special,CatBoost,0.0002203421691140394,624.4959717251214
Afternoons Special,CatBoost,0.00022258691656401312,624.4959717251214
Afternoons Special,CatBoost,0.00022483166401398685,624.5340923231796
Afternoons Special,CatBoost,0.0002270764114639606,624.5340923231796
Afternoons Special,CatBoost,0.00022932115891393433,624.5340923231796
Afternoons Special,CatBoost,0.00023156590636390806,624.5708774965809
Afternoons Special,CatBoost,0.00023381065381388182,624.5708774965809
Afternoons Special,CatBoost,0.00023605540126385555,624.5708774965809
Afternoons Special,CatBoost,0.00023830014871382927,623.4873797206637
Afternoons Special,CatBoost,0.00024054489616380303,628.6791479008226
Afternoons Special,CatBoost,0.00024278964361377676,627.9871748806411
Afternoons Special,CatBoost,0.0002450343910637505,627.9871748806411
Afternoons Special,CatBoost,0.00024727913851372424,627.5125425089874
Afternoons Special,CatBoost,0.000249523885963698,627.5125425089874
Afternoons Special,CatBoost,0.0002517686334136717,627.5125425089874
Afternoons Special,CatBoost,0.00025401338086364545,627.5125425089874
Afternoons Special,CatBoost,0.00025625812831361915,627.5125425089874
Afternoons Special,CatBoost,0.0002585028757635929,627.5125425089874
Afternoons Special,CatBoost,0.00026074762321356667,627.5125425089874
Afternoons Special,CatBoost,0.0002629923706635404,627.5125425089874
Afternoons Special,CatBoost,0.0002652371181135141,627.5125425089874
Afternoons Special,CatBoost,0.0002674818655634879,626.6492740522083
Afternoons Special,CatBoost,0.0002697266130134616,626.6492740522083
Afternoons Special,CatBoost,0.00027197136046343533,625.0667678457243
Afternoons Special,CatBoost,0.0002742161079134091,608.3227149741871
Afternoons Special,CatBoost,0.00027646085536338284,608.3227149741871
Afternoons Special,CatBoost,0.00027870560281335655,608.3227149741871
Afternoons Special,CatBoost,0.0002809503502633303,608.3227149741871
Afternoons Special,CatBoost,0.000283195097713304,623.7660054174947
Afternoons Special,CatBoost,0.00028543984516327776,632.822785860023
Afternoons Special,CatBoost,0.0002876845926132515,911.6794404337132
Afternoons Special,CatBoost,0.00028992934006322527,1119.1116921495295
Afternoons Special,CatBoost,0.00029217408751319897,1467.0435107191456
Afternoons Special,CatBoost,0.0002944188349631727,1464.916612836154
Afternoons Special,CatBoost,0.0002966635824131464,1463.7237422819915
Afternoons Special,CatBoost,0.0002989083298631202,1463.7237422819915
Afternoons Special,CatBoost,0.00030115307731309394,1463.4713360196527
Afternoons Special,CatBoost,0.0003033978247630677,1463.4713360196527
Afternoons Special,CatBoost,0.0003056425722130414,1463.4713360196527
Afternoons Special,CatBoost,0.00030788731966301515,1462.8877355718384
Afternoons Special,CatBoost,0.00031013206711298885,1462.8877355718384
Afternoons Special,CatBoost,0.0003123768145629626,1462.8877355718384
Afternoons Special,CatBoost,0.00031462156201293636,1465.9237689608278
Afternoons Special,CatBoost,0.0003168663094629101,1465.9237689608278
Afternoons Special,CatBoost,0.0003191110569128838,1459.7600118743287
Afternoons Special,CatBoost,0.00032135580436285757,1459.7600118743287
Afternoons Special,CatBoost,0.0003236005518128313,1471.3137960419072
Afternoons Special,CatBoost,0.00032584529926280503,1471.3137960419072
Afternoons Special,CatBoost,0.0003280900467127788,1471.3137960419072
Afternoons Special,CatBoost,0.00033033479416275254,1445.4836155054127
Afternoons Special,CatBoost,0.00033257954161272624,1447.0081672135211
Afternoons Special,CatBoost,0.0003348242890627,1445.6187482485107
Afternoons Special,LightGBM,0.0001125942915153,538.0139826083896
Afternoons Special,LightGBM,0.00011483903896527375,538.0139826083896
Afternoons Special,LightGBM,0.00011708378641524747,538.0139826083896
Afternoons Special,LightGBM,0.00011932853386522122,538.0139826083896
Afternoons Special,LightGBM,0.00012157328131519496,553.1067186319419
Afternoons Special,LightGBM,0.0001238180287651687,553.1067186319419
Afternoons Special,LightGBM,0.00012606277621514243,553.1067186319419
Afternoons Special,LightGBM,0.00012830752366511616,553.1067186319419
Afternoons Special,LightGBM,0.0001305522711150899,553.1067186319419
Afternoons Special,LightGBM,0.00013279701856506364,553.1067186319419
Afternoons Special,LightGBM,0.00013504176601503737,553.0975879317622
Afternoons Special,LightGBM,0.00013728651346501112,553.0975879317622
Afternoons Special,LightGBM,0.00013953126091498485,553.0975879317622
Afternoons Special,LightGBM,0.00014177600836495858,553.0975879317622
Afternoons Special,LightGBM,0.0001440207558149323,553.8118296441477
Afternoons Special,LightGBM,0.00014626550326490606,553.8118296441477
Afternoons Special,LightGBM,0.0001485102507148798,553.8118296441477
Afternoons Special,LightGBM,0.00015075499816485352,553.8118296441477
Afternoons Special,LightGBM,0.00015299974561482728,553.188505096796
Afternoons Special,LightGBM,0.000155244493064801,553.188505096796
Afternoons Special,LightGBM,0.00015748924051477473,553.188505096796
Afternoons Special,LightGBM,0.0001597339879647485,553.188505096796
Afternoons Special,LightGBM,0.00016197873541472222,553.188505096796
Afternoons Special,LightGBM,0.00016422348286469594,540.6065332997285
Afternoons Special,LightGBM,0.0001664682303146697,540.6065332997285
Afternoons Special,LightGBM,0.00016871297776464343,540.6065332997285
Afternoons Special,LightGBM,0.00017095772521461716,540.6065332997285
Afternoons Special,LightGBM,0.0001732024726645909,540.6065332997285
Afternoons Special,LightGBM,0.00017544722011456464,537.605322584205
Afternoons Special,LightGBM,0.00017769196756453837,537.605322584205
Afternoons Special,LightGBM,0.00017993671501451212,537.605322584205
Afternoons Special,LightGBM,0.00018218146246448585,564.3230736364866
Afternoons Special,LightGBM,0.00018442620991445958,564.3448296762278
Afternoons Special,LightGBM,0.00018667095736443333,564.3448296762278
Afternoons Special,LightGBM,0.00018891570481440706,564.3448296762278
Afternoons Special,LightGBM,0.0001911604522643808,564.3448296762278
Afternoons Special,LightGBM,0.00019340519971435455,564.3448296762278
Afternoons Special,LightGBM,0.00019564994716432827,564.3448296762278
Afternoons Special,LightGBM,0.000197894694614302,564.3448296762278
Afternoons Special,LightGBM,0.00020013944206427576,564.3448296762278
Afternoons Special,LightGBM,0.0002023841895142495,564.3448296762278
Afternoons Special,LightGBM,0.00020462893696422322,564.3772724183776
Afternoons Special,LightGBM,0.00020687368441419697,564.3772724183776
Afternoons Special,LightGBM,0.0002091184318641707,564.3772724183776
Afternoons Special,LightGBM,0.00021136317931414443,544.3980796475412
Afternoons Special,LightGBM,0.00021360792676411818,544.4147917790306
Afternoons Special,LightGBM,0.0002158526742140919,544.4147917790306
Afternoons Special,LightGBM,0.00021809742166406564,544.4785602992782
Afternoons Special,LightGBM,0.0002203421691140394,544.4785602992782
Afternoons Special,LightGBM,0.00022258691656401312,544.4785602992782
Afternoons Special,LightGBM,0.00022483166401398685,545.7552768163683
Afternoons Special,LightGBM,0.0002270764114639606,545.7552768163683
Afternoons Special,LightGBM,0.00022932115891393433,545.7552768163683
Afternoons Special,LightGBM,0.00023156590636390806,544.6860748010844
Afternoons Special,LightGBM,0.00023381065381388182,544.6860748010844
Afternoons Special,LightGBM,0.00023605540126385555,544.6860748010844
Afternoons Special,LightGBM,0.00023830014871382927,541.7040123459402
Afternoons Special,LightGBM,0.00024054489616380303,541.6723999431574
Afternoons Special,LightGBM,0.00024278964361377676,541.5931147409417
Afternoons Special,LightGBM,0.0002450343910637505,541.5931147409417
Afternoons Special,LightGBM,0.00024727913851372424,541.5931147409417
Afternoons Special,LightGBM,0.000249523885963698,541.5931147409417
Afternoons Special,LightGBM,0.0002517686334136717,541.5931147409417
Afternoons Special,LightGBM,0.00025401338086364545,541.5931147409417
Afternoons Special,LightGBM,0.00025625812831361915,541.5931147409417
Afternoons Special,LightGBM,0.0002585028757635929,541.5931147409417
Afternoons Special,LightGBM,0.00026074762321356667,541.4310626696293
Afternoons Special,LightGBM,0.0002629923706635404,541.4310626696293
Afternoons Special,LightGBM,0.0002652371181135141,541.4310626696293
Afternoons Special,LightGBM,0.0002674818655634879,544.2489630927331
Afternoons Special,LightGBM,0.0002697266130134616,544.2489630927331
Afternoons Special,LightGBM,0.00027197136046343533,547.2485981846305
Afternoons Special,LightGBM,0.0002742161079134091,533.2768874979325
Afternoons Special,LightGBM,0.00027646085536338284,533.2768874979325
Afternoons Special,LightGBM,0.00027870560281335655,533.223492745772
Afternoons Special,LightGBM,0.0002809503502633303,533.223492745772
Afternoons Special,LightGBM,0.000283195097713304,533.223492745772
Afternoons Special,LightGBM,0.00028543984516327776,551.8989307586686
Afternoons Special,LightGBM,0.0002876845926132515,562.9833880074535
Afternoons Special,LightGBM,0.00028992934006322527,562.1822890938778
Afternoons Special,LightGBM,0.00029217408751319897,1541.004137423182
Afternoons Special,LightGBM,0.0002944188349631727,1541.3286908156717
Afternoons Special,LightGBM,0.0002966635824131464,1538.2886785084795
Afternoons Special,LightGBM,0.0002989083298631202,1538.2886785084795
Afternoons Special,LightGBM,0.00030115307731309394,1538.10292305167
Afternoons Special,LightGBM,0.0003033978247630677,1533.9657930351227
Afternoons Special,LightGBM,0.0003056425722130414,1533.9657930351227
Afternoons Special,LightGBM,0.00030788731966301515,1534.2099612305938
Afternoons Special,LightGBM,0.00031013206711298885,1534.2099612305938
Afternoons Special,LightGBM,0.0003123768145629626,1534.2099612305938
Afternoons Special,LightGBM,0.00031462156201293636,1534.4544796734388
Afternoons Special,LightGBM,0.0003168663094629101,1534.4544796734388
Afternoons Special,LightGBM,0.0003191110569128838,1530.0276390248991
Afternoons Special,LightGBM,0.00032135580436285757,1530.0276390248991
Afternoons Special,LightGBM,0.0003236005518128313,1534.683472176384
Afternoons Special,LightGBM,0.00032584529926280503,1534.683472176384
Afternoons Special,LightGBM,0.0003280900467127788,1534.683472176384
Afternoons Special,LightGBM,0.00033033479416275254,1533.1217135008535
Afternoons Special,LightGBM,0.00033257954161272624,1536.3940694886044
Afternoons Special,LightGBM,0.0003348242890627,1536.3940694886044
Afternoons Special,XGBoost,0.0001125942915153,576.2659301757812
Afternoons Special,XGBoost,0.00011483903896527375,576.2659301757812
Afternoons Special,XGBoost,0.00011708378641524747,576.2659301757812
Afternoons Special,XGBoost,0.00011932853386522122,576.2659301757812
Afternoons Special,XGBoost,0.00012157328131519496,576.2659301757812
Afternoons Special,XGBoost,0.0001238180287651687,576.2659301757812
Afternoons Special,XGBoost,0.00012606277621514243,576.2559204101562
Afternoons Special,XGBoost,0.00012830752366511616,576.2559204101562
Afternoons Special,XGBoost,0.0001305522711150899,576.2559204101562
Afternoons Special,XGBoost,0.00013279701856506364,576.2559204101562
Afternoons Special,XGBoost,0.00013504176601503737,576.2559204101562
Afternoons Special,XGBoost,0.00013728651346501112,567.591064453125
Afternoons Special,XGBoost,0.00013953126091498485,567.591064453125
Afternoons Special,XGBoost,0.00014177600836495858,567.591064453125
Afternoons Special,XGBoost,0.0001440207558149323,567.591064453125
Afternoons Special,XGBoost,0.00014626550326490606,567.591064453125
Afternoons Special,XGBoost,0.0001485102507148798,567.591064453125
Afternoons Special,XGBoost,0.00015075499816485352,564.593994140625
Afternoons Special,XGBoost,0.00015299974561482728,564.593994140625
Afternoons Special,XGBoost,0.000155244493064801,564.5032348632812
Afternoons Special,XGBoost,0.00015748924051477473,564.5032348632812
Afternoons Special,XGBoost,0.0001597339879647485,564.5032348632812
Afternoons Special,XGBoost,0.00016197873541472222,564.2808837890625
Afternoons Special,XGBoost,0.00016422348286469594,564.2808837890625
Afternoons Special,XGBoost,0.0001664682303146697,564.2808837890625
Afternoons Special,XGBoost,0.00016871297776464343,566.284912109375
Afternoons Special,XGBoost,0.00017095772521461716,566.284912109375
Afternoons Special,XGBoost,0.0001732024726645909,566.284912109375
Afternoons Special,XGBoost,0.00017544722011456464,566.284912109375
Afternoons Special,XGBoost,0.00017769196756453837,566.284912109375
Afternoons Special,XGBoost,0.00017993671501451212,566.284912109375
Afternoons Special,XGBoost,0.00018218146246448585,569.8668823242188
Afternoons Special,XGBoost,0.00018442620991445958,577.704833984375
Afternoons Special,XGBoost,0.00018667095736443333,577.704833984375
Afternoons Special,XGBoost,0.00018891570481440706,577.704833984375
Afternoons Special,XGBoost,0.0001911604522643808,577.704833984375
Afternoons Special,XGBoost,0.00019340519971435455,577.704833984375
Afternoons Special,XGBoost,0.00019564994716432827,577.704833984375
Afternoons Special,XGBoost,0.000197894694614302,577.704833984375
Afternoons Special,XGBoost,0.00020013944206427576,576.8927612304688
Afternoons Special,XGBoost,0.0002023841895142495,576.8927612304688
Afternoons Special,XGBoost,0.00020462893696422322,576.8927612304688
Afternoons Special,XGBoost,0.00020687368441419697,576.8927612304688
Afternoons Special,XGBoost,0.0002091184318641707,576.8927612304688
Afternoons Special,XGBoost,0.00021136317931414443,553.9041748046875
Afternoons Special,XGBoost,0.00021360792676411818,553.9041748046875
Afternoons Special,XGBoost,0.0002158526742140919,553.8538208007812
Afternoons Special,XGBoost,0.00021809742166406564,553.8538208007812
Afternoons Special,XGBoost,0.0002203421691140394,553.8538208007812
Afternoons Special,XGBoost,0.00022258691656401312,554.6305541992188
Afternoons Special,XGBoost,0.00022483166401398685,554.6305541992188
Afternoons Special,XGBoost,0.0002270764114639606,555.0413208007812
Afternoons Special,XGBoost,0.00022932115891393433,555.0413208007812
Afternoons Special,XGBoost,0.00023156590636390806,555.0413208007812
Afternoons Special,XGBoost,0.00023381065381388182,555.0413208007812
Afternoons Special,XGBoost,0.00023605540126385555,555.0413208007812
Afternoons Special,XGBoost,0.00023830014871382927,555.4039306640625
Afternoons Special,XGBoost,0.00024054489616380303,555.3880004882812
Afternoons Special,XGBoost,0.00024278964361377676,554.2540283203125
Afternoons Special,XGBoost,0.0002450343910637505,554.2540283203125
Afternoons Special,XGBoost,0.00024727913851372424,554.2540283203125
Afternoons Special,XGBoost,0.000249523885963698,554.2540283203125
Afternoons Special,XGBoost,0.0002517686334136717,554.2540283203125
Afternoons Special,XGBoost,0.00025401338086364545,554.368896484375
Afternoons Special,XGBoost,0.00025625812831361915,554.368896484375
Afternoons Special,XGBoost,0.0002585028757635929,554.368896484375
Afternoons Special,XGBoost,0.00026074762321356667,554.368896484375
Afternoons Special,XGBoost,0.0002629923706635404,554.368896484375
Afternoons Special,XGBoost,0.0002652371181135141,554.368896484375
Afternoons Special,XGBoost,0.0002674818655634879,555.0336303710938
Afternoons Special,XGBoost,0.0002697266130134616,554.8881225585938
Afternoons Special,XGBoost,0.00027197136046343533,554.1959838867188
Afternoons Special,XGBoost,0.0002742161079134091,531.5263061523438
Afternoons Special,XGBoost,0.00027646085536338284,531.5263061523438
Afternoons Special,XGBoost,0.00027870560281335655,531.5263061523438
Afternoons Special,XGBoost,0.0002809503502633303,531.7435913085938
Afternoons Special,XGBoost,0.000283195097713304,531.7435913085938
Afternoons Special,XGBoost,0.00028543984516327776,537.5927734375
Afternoons Special,XGBoost,0.0002876845926132515,704.0582885742188
Afternoons Special,XGBoost,0.00028992934006322527,704.248291015625
Afternoons Special,XGBoost,0.00029217408751319897,704.248291015625
Afternoons Special,XGBoost,0.0002944188349631727,1524.94384765625
Afternoons Special,XGBoost,0.0002966635824131464,1503.0059814453125
Afternoons Special,XGBoost,0.0002989083298631202,1503.0252685546875
Afternoons Special,XGBoost,0.00030115307731309394,1503.0252685546875
Afternoons Special,XGBoost,0.0003033978247630677,1503.135986328125
Afternoons Special,XGBoost,0.0003056425722130414,1504.2767333984375
Afternoons Special,XGBoost,0.00030788731966301515,1504.2767333984375
Afternoons Special,XGBoost,0.00031013206711298885,1504.2767333984375
Afternoons Special,XGBoost,0.0003123768145629626,1504.590087890625
Afternoons Special,XGBoost,0.00031462156201293636,1504.590087890625
Afternoons Special,XGBoost,0.0003168663094629101,1504.4345703125
Afternoons Special,XGBoost,0.0003191110569128838,1501.7138671875
Afternoons Special,XGBoost,0.00032135580436285757,1501.7138671875
Afternoons Special,XGBoost,0.0003236005518128313,1501.7138671875
Afternoons Special,XGBoost,0.00032584529926280503,1501.7138671875
Afternoons Special,XGBoost,0.0003280900467127788,1511.2823486328125
Afternoons Special,XGBoost,0.00033033479416275254,1511.2823486328125
Afternoons Special,XGBoost,0.00033257954161272624,1508.9534912109375
Afternoons Special,XGBoost,0.0003348242890627,1499.949462890625
Evenings Special,CatBoost,0.0001125942915153,478.77023692964184
Evenings Special,CatBoost,0.00011483903896527375,404.23331604555773
Evenings Special,CatBoost,0.00011708378641524747,404.23331604555773
Evenings Special,CatBoost,0.00011932853386522122,404.23331604555773
Evenings Special,CatBoost,0.00012157328131519496,409.8347276655179
Evenings Special,CatBoost,0.0001238180287651687,409.8347276655179
Evenings Special,CatBoost,0.00012606277621514243,409.8347276655179
Evenings Special,CatBoost,0.00012830752366511616,409.8347276655179
Evenings Special,CatBoost,0.0001305522711150899,409.8347276655179
Evenings Special,CatBoost,0.00013279701856506364,409.8347276655179
Evenings Special,CatBoost,0.00013504176601503737,413.67072700365895
Evenings Special,CatBoost,0.00013728651346501112,413.67072700365895
Evenings Special,CatBoost,0.00013953126091498485,413.67072700365895
Evenings Special,CatBoost,0.00014177600836495858,413.67072700365895
Evenings Special,CatBoost,0.0001440207558149323,413.7944524149613
Evenings Special,CatBoost,0.00014626550326490606,413.7944524149613
Evenings Special,CatBoost,0.0001485102507148798,413.7944524149613
Evenings Special,CatBoost,0.00015075499816485352,413.7944524149613
Evenings Special,CatBoost,0.00015299974561482728,437.60854990194105
Evenings Special,CatBoost,0.000155244493064801,437.60854990194105
Evenings Special,CatBoost,0.00015748924051477473,448.8725983534239
Evenings Special,CatBoost,0.0001597339879647485,448.8725983534239
Evenings Special,CatBoost,0.00016197873541472222,448.8725983534239
Evenings Special,CatBoost,0.00016422348286469594,457.0223157647187
Evenings Special,CatBoost,0.0001664682303146697,457.0223157647187
Evenings Special,CatBoost,0.00016871297776464343,457.0223157647187
Evenings Special,CatBoost,0.00017095772521461716,457.0223157647187
Evenings Special,CatBoost,0.0001732024726645909,457.0223157647187
Evenings Special,CatBoost,0.00017544722011456464,459.1679472393767
Evenings Special,CatBoost,0.00017769196756453837,459.1679472393767
Evenings Special,CatBoost,0.00017993671501451212,459.1679472393767
Evenings Special,CatBoost,0.00018218146246448585,491.0939330644999
Evenings Special,CatBoost,0.00018442620991445958,496.620386527407
Evenings Special,CatBoost,0.00018667095736443333,496.620386527407
Evenings Special,CatBoost,0.00018891570481440706,496.620386527407
Evenings Special,CatBoost,0.0001911604522643808,496.620386527407
Evenings Special,CatBoost,0.00019340519971435455,496.620386527407
Evenings Special,CatBoost,0.00019564994716432827,496.620386527407
Evenings Special,CatBoost,0.000197894694614302,496.620386527407
Evenings Special,CatBoost,0.00020013944206427576,496.620386527407
Evenings Special,CatBoost,0.0002023841895142495,496.620386527407
Evenings Special,CatBoost,0.00020462893696422322,512.5422576690024
Evenings Special,CatBoost,0.00020687368441419697,512.5422576690024
Evenings Special,CatBoost,0.0002091184318641707,512.5422576690024
Evenings Special,CatBoost,0.00021136317931414443,507.50390002662766
Evenings Special,CatBoost,0.00021360792676411818,505.8531979498648
Evenings Special,CatBoost,0.0002158526742140919,505.8531979498648
Evenings Special,CatBoost,0.00021809742166406564,505.8531979498648
Evenings Special,CatBoost,0.0002203421691140394,505.8531979498648
Evenings Special,CatBoost,0.00022258691656401312,505.8531979498648
Evenings Special,CatBoost,0.00022483166401398685,505.8531979498648
Evenings Special,CatBoost,0.0002270764114639606,505.8531979498648
Evenings Special,CatBoost,0.00022932115891393433,505.8531979498648
Evenings Special,CatBoost,0.00023156590636390806,506.08647578488444
Evenings Special,CatBoost,0.00023381065381388182,506.08647578488444
Evenings Special,CatBoost,0.00023605540126385555,506.08647578488444
Evenings Special,CatBoost,0.00023830014871382927,505.9117827079833
Evenings Special,CatBoost,0.00024054489616380303,506.71259578193235
Evenings Special,CatBoost,0.00024278964361377676,504.36022336850914
Evenings Special,CatBoost,0.0002450343910637505,504.36022336850914
Evenings Special,CatBoost,0.00024727913851372424,503.0911647452278
Evenings Special,CatBoost,0.000249523885963698,503.0911647452278
Evenings Special,CatBoost,0.0002517686334136717,503.0911647452278
Evenings Special,CatBoost,0.00025401338086364545,503.0911647452278
Evenings Special,CatBoost,0.00025625812831361915,503.0911647452278
Evenings Special,CatBoost,0.0002585028757635929,503.0911647452278
Evenings Special,CatBoost,0.00026074762321356667,500.70307895688217
Evenings Special,CatBoost,0.0002629923706635404,500.70307895688217
Evenings Special,CatBoost,0.0002652371181135141,500.70307895688217
Evenings Special,CatBoost,0.0002674818655634879,484.26501481313704
Evenings Special,CatBoost,0.0002697266130134616,484.26501481313704
Evenings Special,CatBoost,0.00027197136046343533,482.87925315003923
Evenings Special,CatBoost,0.0002742161079134091,477.8760407080588
Evenings Special,CatBoost,0.00027646085536338284,477.8760407080588
Evenings Special,CatBoost,0.00027870560281335655,476.7021991761668
Evenings Special,CatBoost,0.0002809503502633303,476.7021991761668
Evenings Special,CatBoost,0.000283195097713304,488.16472840594986
Evenings Special,CatBoost,0.00028543984516327776,597.1568844149608
Evenings Special,CatBoost,0.0002876845926132515,635.582668052005
Evenings Special,CatBoost,0.00028992934006322527,640.9256949975387
Evenings Special,CatBoost,0.00029217408751319897,960.4038701907598
Evenings Special,CatBoost,0.0002944188349631727,966.8891249563708
Evenings Special,CatBoost,0.0002966635824131464,881.8859057371928
Evenings Special,CatBoost,0.0002989083298631202,881.8859057371928
Evenings Special,CatBoost,0.00030115307731309394,881.8009255835445
Evenings Special,CatBoost,0.0003033978247630677,882.995490832768
Evenings Special,CatBoost,0.0003056425722130414,882.995490832768
Evenings Special,CatBoost,0.00030788731966301515,886.1489795515331
Evenings Special,CatBoost,0.00031013206711298885,886.1489795515331
Evenings Special,CatBoost,0.0003123768145629626,886.1489795515331
Evenings Special,CatBoost,0.00031462156201293636,885.0472942633936
Evenings Special,CatBoost,0.0003168663094629101,885.0472942633936
Evenings Special,CatBoost,0.0003191110569128838,885.0472942633936
Evenings Special,CatBoost,0.00032135580436285757,885.0472942633936
Evenings Special,CatBoost,0.0003236005518128313,885.9415406125851
Evenings Special,CatBoost,0.00032584529926280503,885.9415406125851
Evenings Special,CatBoost,0.0003280900467127788,885.9415406125851
Evenings Special,CatBoost,0.00033033479416275254,891.2458903165804
Evenings Special,CatBoost,0.00033257954161272624,763.9339168810823
Evenings Special,CatBoost,0.0003348242890627,745.028647031144
Evenings Special,LightGBM,0.0001125942915153,381.56148011929224
Evenings Special,LightGBM,0.00011483903896527375,342.2636794712104
Evenings Special,LightGBM,0.00011708378641524747,342.2636794712104
Evenings Special,LightGBM,0.00011932853386522122,342.2636794712104
Evenings Special,LightGBM,0.00012157328131519496,353.90718218873053
Evenings Special,LightGBM,0.0001238180287651687,353.90718218873053
Evenings Special,LightGBM,0.00012606277621514243,353.90718218873053
Evenings Special,LightGBM,0.00012830752366511616,353.90718218873053
Evenings Special,LightGBM,0.0001305522711150899,353.90718218873053
Evenings Special,LightGBM,0.00013279701856506364,353.90718218873053
Evenings Special,LightGBM,0.00013504176601503737,354.05049667440096
Evenings Special,LightGBM,0.00013728651346501112,354.05049667440096
Evenings Special,LightGBM,0.00013953126091498485,354.05049667440096
Evenings Special,LightGBM,0.00014177600836495858,354.05049667440096
Evenings Special,LightGBM,0.0001440207558149323,354.05049667440096
Evenings Special,LightGBM,0.00014626550326490606,354.05049667440096
Evenings Special,LightGBM,0.0001485102507148798,354.05049667440096
Evenings Special,LightGBM,0.00015075499816485352,354.05049667440096
Evenings Special,LightGBM,0.00015299974561482728,354.05049667440096
Evenings Special,LightGBM,0.000155244493064801,354.05049667440096
Evenings Special,LightGBM,0.00015748924051477473,354.05049667440096
Evenings Special,LightGBM,0.0001597339879647485,354.05049667440096
Evenings Special,LightGBM,0.00016197873541472222,354.05049667440096
Evenings Special,LightGBM,0.00016422348286469594,354.05049667440096
Evenings Special,LightGBM,0.0001664682303146697,354.05049667440096
Evenings Special,LightGBM,0.00016871297776464343,354.05049667440096
Evenings Special,LightGBM,0.00017095772521461716,354.05049667440096
Evenings Special,LightGBM,0.0001732024726645909,354.05049667440096
Evenings Special,LightGBM,0.00017544722011456464,353.90806286676656
Evenings Special,LightGBM,0.00017769196756453837,353.90806286676656
Evenings Special,LightGBM,0.00017993671501451212,353.90806286676656
Evenings Special,LightGBM,0.00018218146246448585,354.08740350969236
Evenings Special,LightGBM,0.00018442620991445958,354.5672341952301
Evenings Special,LightGBM,0.00018667095736443333,354.5672341952301
Evenings Special,LightGBM,0.00018891570481440706,354.5672341952301
Evenings Special,LightGBM,0.0001911604522643808,354.5672341952301
Evenings Special,LightGBM,0.00019340519971435455,354.4055373598839
Evenings Special,LightGBM,0.00019564994716432827,354.4055373598839
Evenings Special,LightGBM,0.000197894694614302,354.4055373598839
Evenings Special,LightGBM,0.00020013944206427576,354.4055373598839
Evenings Special,LightGBM,0.0002023841895142495,354.4055373598839
Evenings Special,LightGBM,0.00020462893696422322,354.28523870753145
Evenings Special,LightGBM,0.00020687368441419697,354.28523870753145
Evenings Special,LightGBM,0.0002091184318641707,354.28523870753145
Evenings Special,LightGBM,0.00021136317931414443,340.6929301861132
Evenings Special,LightGBM,0.00021360792676411818,339.9755606819249
Evenings Special,LightGBM,0.0002158526742140919,339.9755606819249
Evenings Special,LightGBM,0.00021809742166406564,339.9755606819249
Evenings Special,LightGBM,0.0002203421691140394,339.9755606819249
Evenings Special,LightGBM,0.00022258691656401312,339.9755606819249
Evenings Special,LightGBM,0.00022483166401398685,339.9328748234676
Evenings Special,LightGBM,0.0002270764114639606,339.9328748234676
Evenings Special,LightGBM,0.00022932115891393433,339.9328748234676
Evenings Special,LightGBM,0.00023156590636390806,339.8905551862995
Evenings Special,LightGBM,0.00023381065381388182,339.8905551862995
Evenings Special,LightGBM,0.00023605540126385555,339.8905551862995
Evenings Special,LightGBM,0.00023830014871382927,339.8905551862995
Evenings Special,LightGBM,0.00024054489616380303,338.8062874183807
Evenings Special,LightGBM,0.00024278964361377676,338.83430520263056
Evenings Special,LightGBM,0.0002450343910637505,338.83430520263056
Evenings Special,LightGBM,0.00024727913851372424,338.83430520263056
Evenings Special,LightGBM,0.000249523885963698,338.83430520263056
Evenings Special,LightGBM,0.0002517686334136717,338.83430520263056
Evenings Special,LightGBM,0.00025401338086364545,338.83430520263056
Evenings Special,LightGBM,0.00025625812831361915,338.83430520263056
Evenings Special,LightGBM,0.0002585028757635929,338.83430520263056
Evenings Special,LightGBM,0.00026074762321356667,339.1813381254808
Evenings Special,LightGBM,0.0002629923706635404,339.1813381254808
Evenings Special,LightGBM,0.0002652371181135141,339.1813381254808
Evenings Special,LightGBM,0.0002674818655634879,340.11410721220096
Evenings Special,LightGBM,0.0002697266130134616,340.11410721220096
Evenings Special,LightGBM,0.00027197136046343533,337.3564349938793
Evenings Special,LightGBM,0.0002742161079134091,331.6288644174697
Evenings Special,LightGBM,0.00027646085536338284,331.6288644174697
Evenings Special,LightGBM,0.00027870560281335655,331.8938851759749
Evenings Special,LightGBM,0.0002809503502633303,331.8938851759749
Evenings Special,LightGBM,0.000283195097713304,331.8938851759749
Evenings Special,LightGBM,0.00028543984516327776,669.8775940974857
Evenings Special,LightGBM,0.0002876845926132515,748.7493462156762
Evenings Special,LightGBM,0.00028992934006322527,752.7739985368964
Evenings Special,LightGBM,0.00029217408751319897,1012.2287607207926
Evenings Special,LightGBM,0.0002944188349631727,1015.5577665482157
Evenings Special,LightGBM,0.0002966635824131464,1002.1817642315689
Evenings Special,LightGBM,0.0002989083298631202,1002.1817642315689
Evenings Special,LightGBM,0.00030115307731309394,1003.294405757795
Evenings Special,LightGBM,0.0003033978247630677,1002.1657033723354
Evenings Special,LightGBM,0.0003056425722130414,1002.1657033723354
Evenings Special,LightGBM,0.00030788731966301515,1002.3311139939185
Evenings Special,LightGBM,0.00031013206711298885,1002.3311139939185
Evenings Special,LightGBM,0.0003123768145629626,1002.3311139939185
Evenings Special,LightGBM,0.00031462156201293636,1002.5409666243055
Evenings Special,LightGBM,0.0003168663094629101,1002.5409666243055
Evenings Special,LightGBM,0.0003191110569128838,997.9520169259445
Evenings Special,LightGBM,0.00032135580436285757,997.9520169259445
Evenings Special,LightGBM,0.0003236005518128313,1000.3637154837485
Evenings Special,LightGBM,0.00032584529926280503,1000.3637154837485
Evenings Special,LightGBM,0.0003280900467127788,1000.3637154837485
Evenings Special,LightGBM,0.00033033479416275254,1000.6705993649872
Evenings Special,LightGBM,0.00033257954161272624,986.2943852781815
Evenings Special,LightGBM,0.0003348242890627,986.1270350812516
Evenings Special,XGBoost,0.0001125942915153,421.8310546875
Evenings Special,XGBoost,0.00011483903896527375,421.8310546875
Evenings Special,XGBoost,0.00011708378641524747,332.51666259765625
Evenings Special,XGBoost,0.00011932853386522122,332.51666259765625
Evenings Special,XGBoost,0.00012157328131519496,332.51666259765625
Evenings Special,XGBoost,0.0001238180287651687,332.51666259765625
Evenings Special,XGBoost,0.00012606277621514243,332.51666259765625
Evenings Special,XGBoost,0.00012830752366511616,332.51666259765625
Evenings Special,XGBoost,0.0001305522711150899,332.478759765625
Evenings Special,XGBoost,0.00013279701856506364,332.478759765625
Evenings Special,XGBoost,0.00013504176601503737,332.478759765625
Evenings Special,XGBoost,0.00013728651346501112,332.5050048828125
Evenings Special,XGBoost,0.00013953126091498485,332.5050048828125
Evenings Special,XGBoost,0.00014177600836495858,332.5050048828125
Evenings Special,XGBoost,0.0001440207558149323,332.5050048828125
Evenings Special,XGBoost,0.00014626550326490606,332.5050048828125
Evenings Special,XGBoost,0.0001485102507148798,332.5050048828125
Evenings Special,XGBoost,0.00015075499816485352,333.06146240234375
Evenings Special,XGBoost,0.00015299974561482728,333.06146240234375
Evenings Special,XGBoost,0.000155244493064801,333.3300476074219
Evenings Special,XGBoost,0.00015748924051477473,333.3300476074219
Evenings Special,XGBoost,0.0001597339879647485,333.3300476074219
Evenings Special,XGBoost,0.00016197873541472222,333.0638427734375
Evenings Special,XGBoost,0.00016422348286469594,333.0638427734375
Evenings Special,XGBoost,0.0001664682303146697,333.0638427734375
Evenings Special,XGBoost,0.00016871297776464343,336.111328125
Evenings Special,XGBoost,0.00017095772521461716,336.111328125
Evenings Special,XGBoost,0.0001732024726645909,336.111328125
Evenings Special,XGBoost,0.00017544722011456464,336.111328125
Evenings Special,XGBoost,0.00017769196756453837,336.111328125
Evenings Special,XGBoost,0.00017993671501451212,336.111328125
Evenings Special,XGBoost,0.00018218146246448585,336.2879638671875
Evenings Special,XGBoost,0.00018442620991445958,343.9894104003906
Evenings Special,XGBoost,0.00018667095736443333,343.9894104003906
Evenings Special,XGBoost,0.00018891570481440706,343.9894104003906
Evenings Special,XGBoost,0.0001911604522643808,343.9894104003906
Evenings Special,XGBoost,0.00019340519971435455,343.9894104003906
Evenings Special,XGBoost,0.00019564994716432827,343.9894104003906
Evenings Special,XGBoost,0.000197894694614302,343.9894104003906
Evenings Special,XGBoost,0.00020013944206427576,343.7525634765625
Evenings Special,XGBoost,0.0002023841895142495,343.7525634765625
Evenings Special,XGBoost,0.00020462893696422322,343.7525634765625
Evenings Special,XGBoost,0.00020687368441419697,343.7525634765625
Evenings Special,XGBoost,0.0002091184318641707,343.9827880859375
Evenings Special,XGBoost,0.00021136317931414443,343.9848327636719
Evenings Special,XGBoost,0.00021360792676411818,343.9848327636719
Evenings Special,XGBoost,0.0002158526742140919,343.9263916015625
Evenings Special,XGBoost,0.00021809742166406564,343.9263916015625
Evenings Special,XGBoost,0.0002203421691140394,343.9263916015625
Evenings Special,XGBoost,0.00022258691656401312,343.9891662597656
Evenings Special,XGBoost,0.00022483166401398685,343.9891662597656
Evenings Special,XGBoost,0.0002270764114639606,344.5104675292969
Evenings Special,XGBoost,0.00022932115891393433,344.5104675292969
Evenings Special,XGBoost,0.00023156590636390806,344.5104675292969
Evenings Special,XGBoost,0.00023381065381388182,344.5104675292969
Evenings Special,XGBoost,0.00023605540126385555,344.5104675292969
Evenings Special,XGBoost,0.00023830014871382927,345.0229797363281
Evenings Special,XGBoost,0.00024054489616380303,345.0796813964844
Evenings Special,XGBoost,0.00024278964361377676,345.1458740234375
Evenings Special,XGBoost,0.0002450343910637505,345.1458740234375
Evenings Special,XGBoost,0.00024727913851372424,345.1458740234375
Evenings Special,XGBoost,0.000249523885963698,345.1458740234375
Evenings Special,XGBoost,0.0002517686334136717,345.1458740234375
Evenings Special,XGBoost,0.00025401338086364545,363.31158447265625
Evenings Special,XGBoost,0.00025625812831361915,363.31158447265625
Evenings Special,XGBoost,0.0002585028757635929,363.31158447265625
Evenings Special,XGBoost,0.00026074762321356667,363.31158447265625
Evenings Special,XGBoost,0.0002629923706635404,363.31158447265625
Evenings Special,XGBoost,0.0002652371181135141,363.31158447265625
Evenings Special,XGBoost,0.0002674818655634879,362.80950927734375
Evenings Special,XGBoost,0.0002697266130134616,363.09088134765625
Evenings Special,XGBoost,0.00027197136046343533,361.8276062011719
Evenings Special,XGBoost,0.0002742161079134091,387.5238952636719
Evenings Special,XGBoost,0.00027646085536338284,387.5238952636719
Evenings Special,XGBoost,0.00027870560281335655,387.5238952636719
Evenings Special,XGBoost,0.0002809503502633303,388.0455017089844
Evenings Special,XGBoost,0.000283195097713304,388.0455017089844
Evenings Special,XGBoost,0.00028543984516327776,477.6947937011719
Evenings Special,XGBoost,0.0002876845926132515,544.9334106445312
Evenings Special,XGBoost,0.00028992934006322527,543.8057250976562
Evenings Special,XGBoost,0.00029217408751319897,543.8057250976562
Evenings Special,XGBoost,0.0002944188349631727,872.5611572265625
Evenings Special,XGBoost,0.0002966635824131464,852.5795288085938
Evenings Special,XGBoost,0.0002989083298631202,929.9223022460938
Evenings Special,XGBoost,0.00030115307731309394,929.9223022460938
Evenings Special,XGBoost,0.0003033978247630677,931.3421630859375
Evenings Special,XGBoost,0.0003056425722130414,933.3884887695312
Evenings Special,XGBoost,0.00030788731966301515,933.3884887695312
Evenings Special,XGBoost,0.00031013206711298885,933.3884887695312
Evenings Special,XGBoost,0.0003123768145629626,935.0425415039062
Evenings Special,XGBoost,0.00031462156201293636,935.0425415039062
Evenings Special,XGBoost,0.0003168663094629101,937.1410522460938
Evenings Special,XGBoost,0.0003191110569128838,940.3206787109375
Evenings Special,XGBoost,0.00032135580436285757,940.3206787109375
Evenings Special,XGBoost,0.0003236005518128313,940.3206787109375
Evenings Special,XGBoost,0.00032584529926280503,940.3206787109375
Evenings Special,XGBoost,0.0003280900467127788,940.3002319335938
Evenings Special,XGBoost,0.00033033479416275254,938.12548828125
Evenings Special,XGBoost,0.00033257954161272624,939.5126342773438
Evenings Special,XGBoost,0.0003348242890627,937.4443969726562
