Dataset,Model,15 Dwelling count,Predicted Value
All,CatBoost,757.0,560.5417782417239
All,CatBoost,1052.2525252525252,560.5417782417239
All,CatBoost,1347.5050505050503,560.3291359227209
All,CatBoost,1642.7575757575758,560.3291359227209
All,CatBoost,1938.010101010101,560.3291359227209
All,CatBoost,2233.2626262626263,559.5965783806979
All,CatBoost,2528.5151515151515,559.5965783806979
All,CatBoost,2823.7676767676767,559.5965783806979
All,CatBoost,3119.020202020202,559.5965783806979
All,CatBoost,3414.272727272727,559.5965783806979
All,CatBoost,3709.525252525252,559.5965783806979
All,CatBoost,4004.7777777777774,559.5965783806979
All,CatBoost,4300.030303030303,559.5965783806979
All,CatBoost,4595.282828282829,559.5965783806979
All,CatBoost,4890.535353535353,559.5965783806979
All,CatBoost,5185.787878787878,559.5965783806979
All,CatBoost,5481.040404040404,559.5965783806979
All,CatBoost,5776.292929292929,559.5965783806979
All,CatBoost,6071.545454545454,583.0881255590359
All,CatBoost,6366.79797979798,576.7532862542345
All,CatBoost,6662.050505050504,565.4598955811476
All,CatBoost,6957.30303030303,568.1818176626293
All,CatBoost,7252.555555555555,568.1818176626293
All,CatBoost,7547.80808080808,567.2106553723129
All,CatBoost,7843.060606060606,567.2106553723129
All,CatBoost,8138.313131313131,567.2106553723129
All,CatBoost,8433.565656565657,570.1955572288986
All,CatBoost,8728.81818181818,585.6780908285907
All,CatBoost,9024.070707070707,564.5948525015511
All,CatBoost,9319.323232323231,562.3066946929803
All,CatBoost,9614.575757575756,563.1193016189897
All,CatBoost,9909.828282828283,570.5994261496734
All,CatBoost,10205.080808080807,595.9780044789444
All,CatBoost,10500.333333333332,599.8189300251855
All,CatBoost,10795.585858585859,607.3912408986167
All,CatBoost,11090.838383838383,621.5728095150814
All,CatBoost,11386.090909090908,622.1882848645932
All,CatBoost,11681.343434343433,620.919335121828
All,CatBoost,11976.59595959596,624.5118835853741
All,CatBoost,12271.848484848484,624.9927150086228
All,CatBoost,12567.101010101009,625.5569040343042
All,CatBoost,12862.353535353535,625.5569040343042
All,CatBoost,13157.60606060606,627.6970759991854
All,CatBoost,13452.858585858585,635.1553363450062
All,CatBoost,13748.11111111111,623.4329228648024
All,CatBoost,14043.363636363636,630.2208869892099
All,CatBoost,14338.61616161616,632.0749568424786
All,CatBoost,14633.868686868685,634.4297462993901
All,CatBoost,14929.121212121212,634.4297462993901
All,CatBoost,15224.373737373737,634.4297462993901
All,CatBoost,15519.626262626261,627.5502212683222
All,CatBoost,15814.878787878786,635.4414355246141
All,CatBoost,16110.131313131313,635.4414355246141
All,CatBoost,16405.383838383837,635.4414355246141
All,CatBoost,16700.63636363636,635.4414355246141
All,CatBoost,16995.888888888887,636.4812372732407
All,CatBoost,17291.141414141413,636.1503278562557
All,CatBoost,17586.39393939394,636.1503278562557
All,CatBoost,17881.646464646463,636.1503278562557
All,CatBoost,18176.89898989899,636.1503278562557
All,CatBoost,18472.151515151512,636.1503278562557
All,CatBoost,18767.40404040404,636.1503278562557
All,CatBoost,19062.656565656565,636.1503278562557
All,CatBoost,19357.90909090909,636.1503278562557
All,CatBoost,19653.161616161615,636.1503278562557
All,CatBoost,19948.41414141414,636.1503278562557
All,CatBoost,20243.666666666664,636.1503278562557
All,CatBoost,20538.91919191919,636.1503278562557
All,CatBoost,20834.171717171717,636.1503278562557
All,CatBoost,21129.42424242424,636.1503278562557
All,CatBoost,21424.676767676767,636.1503278562557
All,CatBoost,21719.92929292929,636.6205033963296
All,CatBoost,22015.181818181816,636.6205033963296
All,CatBoost,22310.434343434343,636.6205033963296
All,CatBoost,22605.686868686866,635.0570590250069
All,CatBoost,22900.939393939392,633.9258284401141
All,CatBoost,23196.19191919192,633.9258284401141
All,CatBoost,23491.44444444444,633.9258284401141
All,CatBoost,23786.696969696968,633.9258284401141
All,CatBoost,24081.949494949495,633.9258284401141
All,CatBoost,24377.202020202018,610.0095854833762
All,CatBoost,24672.454545454544,609.9986456939683
All,CatBoost,24967.70707070707,608.8869793144144
All,CatBoost,25262.959595959594,601.517604192036
All,CatBoost,25558.21212121212,601.517604192036
All,CatBoost,25853.464646464643,601.517604192036
All,CatBoost,26148.71717171717,601.517604192036
All,CatBoost,26443.969696969696,601.517604192036
All,CatBoost,26739.22222222222,601.517604192036
All,CatBoost,27034.474747474746,609.5956820092298
All,CatBoost,27329.727272727272,609.5956820092298
All,CatBoost,27624.979797979795,609.5956820092298
All,CatBoost,27920.23232323232,599.0936283442867
All,CatBoost,28215.484848484848,599.0936283442867
All,CatBoost,28510.73737373737,591.6219388147966
All,CatBoost,28805.989898989897,591.6219388147966
All,CatBoost,29101.242424242424,591.6219388147966
All,CatBoost,29396.494949494947,596.0218216937378
All,CatBoost,29691.747474747473,596.0218216937378
All,CatBoost,29987.0,596.0218216937378
All,LightGBM,757.0,523.1992046780897
All,LightGBM,1052.2525252525252,548.9819502414613
All,LightGBM,1347.5050505050503,546.8988604628091
All,LightGBM,1642.7575757575758,546.7538948953279
All,LightGBM,1938.010101010101,546.7538948953279
All,LightGBM,2233.2626262626263,546.6502344533932
All,LightGBM,2528.5151515151515,546.6502344533932
All,LightGBM,2823.7676767676767,546.6502344533932
All,LightGBM,3119.020202020202,549.3233501999623
All,LightGBM,3414.272727272727,549.3233501999623
All,LightGBM,3709.525252525252,549.3233501999623
All,LightGBM,4004.7777777777774,549.3233501999623
All,LightGBM,4300.030303030303,551.5436957657237
All,LightGBM,4595.282828282829,551.5436957657237
All,LightGBM,4890.535353535353,551.5436957657237
All,LightGBM,5185.787878787878,551.5436957657237
All,LightGBM,5481.040404040404,551.5436957657237
All,LightGBM,5776.292929292929,551.5436957657237
All,LightGBM,6071.545454545454,572.5628738943333
All,LightGBM,6366.79797979798,562.8812995949928
All,LightGBM,6662.050505050504,558.406709654644
All,LightGBM,6957.30303030303,558.5607346398486
All,LightGBM,7252.555555555555,558.5607346398486
All,LightGBM,7547.80808080808,558.5907638438583
All,LightGBM,7843.060606060606,558.4638774303504
All,LightGBM,8138.313131313131,558.4403443197058
All,LightGBM,8433.565656565657,562.1744863390968
All,LightGBM,8728.81818181818,562.2948122503803
All,LightGBM,9024.070707070707,556.0092000591125
All,LightGBM,9319.323232323231,549.3247981344331
All,LightGBM,9614.575757575756,559.4490030903447
All,LightGBM,9909.828282828283,559.2900996488597
All,LightGBM,10205.080808080807,592.7022964867357
All,LightGBM,10500.333333333332,598.9923474323447
All,LightGBM,10795.585858585859,600.1541506925352
All,LightGBM,11090.838383838383,606.9918148430788
All,LightGBM,11386.090909090908,612.6679199061062
All,LightGBM,11681.343434343433,617.0058121491852
All,LightGBM,11976.59595959596,618.9912604441573
All,LightGBM,12271.848484848484,619.695325250682
All,LightGBM,12567.101010101009,628.4712114737104
All,LightGBM,12862.353535353535,627.2685628458865
All,LightGBM,13157.60606060606,636.0581868335762
All,LightGBM,13452.858585858585,636.856242829454
All,LightGBM,13748.11111111111,638.5845472932227
All,LightGBM,14043.363636363636,635.2016434009249
All,LightGBM,14338.61616161616,635.442609902188
All,LightGBM,14633.868686868685,635.0970223293946
All,LightGBM,14929.121212121212,634.9708016984209
All,LightGBM,15224.373737373737,634.630632097594
All,LightGBM,15519.626262626261,633.3929908481755
All,LightGBM,15814.878787878786,633.6754032427369
All,LightGBM,16110.131313131313,632.659644561387
All,LightGBM,16405.383838383837,632.6508919307171
All,LightGBM,16700.63636363636,633.1185301163722
All,LightGBM,16995.888888888887,636.1832795931484
All,LightGBM,17291.141414141413,643.894302882235
All,LightGBM,17586.39393939394,643.894302882235
All,LightGBM,17881.646464646463,642.0010671250762
All,LightGBM,18176.89898989899,642.8951769318483
All,LightGBM,18472.151515151512,642.8951769318483
All,LightGBM,18767.40404040404,642.8951769318483
All,LightGBM,19062.656565656565,642.8951769318483
All,LightGBM,19357.90909090909,642.8951769318483
All,LightGBM,19653.161616161615,642.8951769318483
All,LightGBM,19948.41414141414,642.891520702483
All,LightGBM,20243.666666666664,632.0530681410648
All,LightGBM,20538.91919191919,631.4278153981475
All,LightGBM,20834.171717171717,631.2689791208024
All,LightGBM,21129.42424242424,631.2689791208024
All,LightGBM,21424.676767676767,631.2635057013748
All,LightGBM,21719.92929292929,631.1152461422054
All,LightGBM,22015.181818181816,631.1152461422054
All,LightGBM,22310.434343434343,631.1152461422054
All,LightGBM,22605.686868686866,631.1152461422054
All,LightGBM,22900.939393939392,629.0901535361164
All,LightGBM,23196.19191919192,629.0901535361164
All,LightGBM,23491.44444444444,629.0901535361164
All,LightGBM,23786.696969696968,629.0901535361164
All,LightGBM,24081.949494949495,629.0901535361164
All,LightGBM,24377.202020202018,608.091292705578
All,LightGBM,24672.454545454544,608.091292705578
All,LightGBM,24967.70707070707,608.091292705578
All,LightGBM,25262.959595959594,609.8126846600139
All,LightGBM,25558.21212121212,609.8126846600139
All,LightGBM,25853.464646464643,609.8126846600139
All,LightGBM,26148.71717171717,607.775554104691
All,LightGBM,26443.969696969696,607.775554104691
All,LightGBM,26739.22222222222,607.775554104691
All,LightGBM,27034.474747474746,608.2501567171413
All,LightGBM,27329.727272727272,606.7396296677431
All,LightGBM,27624.979797979795,606.7396296677431
All,LightGBM,27920.23232323232,606.7358704730153
All,LightGBM,28215.484848484848,606.7358704730153
All,LightGBM,28510.73737373737,605.9275434876838
All,LightGBM,28805.989898989897,605.2860077095382
All,LightGBM,29101.242424242424,605.2860077095382
All,LightGBM,29396.494949494947,605.2860077095382
All,LightGBM,29691.747474747473,720.5200674235313
All,LightGBM,29987.0,720.5200674235313
All,XGBoost,757.0,567.1735229492188
All,XGBoost,1052.2525252525252,567.1735229492188
All,XGBoost,1347.5050505050503,567.1735229492188
All,XGBoost,1642.7575757575758,567.1735229492188
All,XGBoost,1938.010101010101,567.1735229492188
All,XGBoost,2233.2626262626263,567.1735229492188
All,XGBoost,2528.5151515151515,567.1873779296875
All,XGBoost,2823.7676767676767,567.1873779296875
All,XGBoost,3119.020202020202,566.9616088867188
All,XGBoost,3414.272727272727,566.9616088867188
All,XGBoost,3709.525252525252,566.9616088867188
All,XGBoost,4004.7777777777774,566.9616088867188
All,XGBoost,4300.030303030303,566.9616088867188
All,XGBoost,4595.282828282829,566.9616088867188
All,XGBoost,4890.535353535353,566.9616088867188
All,XGBoost,5185.787878787878,566.9616088867188
All,XGBoost,5481.040404040404,567.0545654296875
All,XGBoost,5776.292929292929,567.0545654296875
All,XGBoost,6071.545454545454,567.9734497070312
All,XGBoost,6366.79797979798,568.006103515625
All,XGBoost,6662.050505050504,567.7493286132812
All,XGBoost,6957.30303030303,565.0703735351562
All,XGBoost,7252.555555555555,565.0628662109375
All,XGBoost,7547.80808080808,564.72802734375
All,XGBoost,7843.060606060606,564.8438720703125
All,XGBoost,8138.313131313131,565.3973388671875
All,XGBoost,8433.565656565657,575.3424682617188
All,XGBoost,8728.81818181818,576.96728515625
All,XGBoost,9024.070707070707,561.597412109375
All,XGBoost,9319.323232323231,567.6010131835938
All,XGBoost,9614.575757575756,579.5567016601562
All,XGBoost,9909.828282828283,583.797607421875
All,XGBoost,10205.080808080807,587.21142578125
All,XGBoost,10500.333333333332,591.7620239257812
All,XGBoost,10795.585858585859,599.8704223632812
All,XGBoost,11090.838383838383,600.3002319335938
All,XGBoost,11386.090909090908,606.4400024414062
All,XGBoost,11681.343434343433,603.0282592773438
All,XGBoost,11976.59595959596,602.49658203125
All,XGBoost,12271.848484848484,602.49658203125
All,XGBoost,12567.101010101009,606.6539306640625
All,XGBoost,12862.353535353535,606.4115600585938
All,XGBoost,13157.60606060606,607.7551879882812
All,XGBoost,13452.858585858585,607.815185546875
All,XGBoost,13748.11111111111,612.3684692382812
All,XGBoost,14043.363636363636,612.1431884765625
All,XGBoost,14338.61616161616,612.0864868164062
All,XGBoost,14633.868686868685,612.1661987304688
All,XGBoost,14929.121212121212,612.6273803710938
All,XGBoost,15224.373737373737,612.5465698242188
All,XGBoost,15519.626262626261,612.603271484375
All,XGBoost,15814.878787878786,610.5282592773438
All,XGBoost,16110.131313131313,610.5282592773438
All,XGBoost,16405.383838383837,612.4405517578125
All,XGBoost,16700.63636363636,613.3218994140625
All,XGBoost,16995.888888888887,618.1710205078125
All,XGBoost,17291.141414141413,619.4922485351562
All,XGBoost,17586.39393939394,619.4922485351562
All,XGBoost,17881.646464646463,619.3134765625
All,XGBoost,18176.89898989899,619.3134765625
All,XGBoost,18472.151515151512,619.3134765625
All,XGBoost,18767.40404040404,619.3134765625
All,XGBoost,19062.656565656565,619.3134765625
All,XGBoost,19357.90909090909,619.3421020507812
All,XGBoost,19653.161616161615,619.3421020507812
All,XGBoost,19948.41414141414,619.3421020507812
All,XGBoost,20243.666666666664,619.3421020507812
All,XGBoost,20538.91919191919,619.27294921875
All,XGBoost,20834.171717171717,619.27294921875
All,XGBoost,21129.42424242424,619.27294921875
All,XGBoost,21424.676767676767,619.2968139648438
All,XGBoost,21719.92929292929,619.2968139648438
All,XGBoost,22015.181818181816,619.2968139648438
All,XGBoost,22310.434343434343,619.2968139648438
All,XGBoost,22605.686868686866,619.2646484375
All,XGBoost,22900.939393939392,619.2646484375
All,XGBoost,23196.19191919192,615.243896484375
All,XGBoost,23491.44444444444,615.243896484375
All,XGBoost,23786.696969696968,614.7448120117188
All,XGBoost,24081.949494949495,615.0183715820312
All,XGBoost,24377.202020202018,615.9779052734375
All,XGBoost,24672.454545454544,615.7838745117188
All,XGBoost,24967.70707070707,617.2499389648438
All,XGBoost,25262.959595959594,615.304443359375
All,XGBoost,25558.21212121212,615.3533935546875
All,XGBoost,25853.464646464643,615.3533935546875
All,XGBoost,26148.71717171717,615.3533935546875
All,XGBoost,26443.969696969696,615.3533935546875
All,XGBoost,26739.22222222222,615.3533935546875
All,XGBoost,27034.474747474746,615.3533935546875
All,XGBoost,27329.727272727272,613.8580932617188
All,XGBoost,27624.979797979795,613.8580932617188
All,XGBoost,27920.23232323232,613.8580932617188
All,XGBoost,28215.484848484848,613.8580932617188
All,XGBoost,28510.73737373737,613.694091796875
All,XGBoost,28805.989898989897,613.694091796875
All,XGBoost,29101.242424242424,613.694091796875
All,XGBoost,29396.494949494947,613.694091796875
All,XGBoost,29691.747474747473,613.694091796875
All,XGBoost,29987.0,691.0454711914062
Mornings,CatBoost,757.0,685.5364284129732
Mornings,CatBoost,1052.2525252525252,687.6980574852838
Mornings,CatBoost,1347.5050505050503,687.6980574852838
Mornings,CatBoost,1642.7575757575758,687.6980574852838
Mornings,CatBoost,1938.010101010101,687.6980574852838
Mornings,CatBoost,2233.2626262626263,687.6980574852838
Mornings,CatBoost,2528.5151515151515,687.6980574852838
Mornings,CatBoost,2823.7676767676767,687.6980574852838
Mornings,CatBoost,3119.020202020202,687.6980574852838
Mornings,CatBoost,3414.272727272727,687.6980574852838
Mornings,CatBoost,3709.525252525252,687.6980574852838
Mornings,CatBoost,4004.7777777777774,687.6980574852838
Mornings,CatBoost,4300.030303030303,687.6980574852838
Mornings,CatBoost,4595.282828282829,687.6980574852838
Mornings,CatBoost,4890.535353535353,687.6980574852838
Mornings,CatBoost,5185.787878787878,687.6980574852838
Mornings,CatBoost,5481.040404040404,687.6980574852838
Mornings,CatBoost,5776.292929292929,687.6980574852838
Mornings,CatBoost,6071.545454545454,724.7727051595326
Mornings,CatBoost,6366.79797979798,712.9614960202988
Mornings,CatBoost,6662.050505050504,700.1944841259905
Mornings,CatBoost,6957.30303030303,707.2219276559471
Mornings,CatBoost,7252.555555555555,705.3242305018289
Mornings,CatBoost,7547.80808080808,705.3242305018289
Mornings,CatBoost,7843.060606060606,705.3941881638233
Mornings,CatBoost,8138.313131313131,704.4343130319946
Mornings,CatBoost,8433.565656565657,705.3809805721771
Mornings,CatBoost,8728.81818181818,705.1763475996321
Mornings,CatBoost,9024.070707070707,702.2453733771285
Mornings,CatBoost,9319.323232323231,699.4937593014507
Mornings,CatBoost,9614.575757575756,713.417406817048
Mornings,CatBoost,9909.828282828283,712.2718458508372
Mornings,CatBoost,10205.080808080807,740.160897068459
Mornings,CatBoost,10500.333333333332,757.4469073968287
Mornings,CatBoost,10795.585858585859,756.3586433140416
Mornings,CatBoost,11090.838383838383,758.0737394050389
Mornings,CatBoost,11386.090909090908,759.6616142939561
Mornings,CatBoost,11681.343434343433,756.954678860643
Mornings,CatBoost,11976.59595959596,759.4239792048304
Mornings,CatBoost,12271.848484848484,762.2608436473399
Mornings,CatBoost,12567.101010101009,768.5857919586047
Mornings,CatBoost,12862.353535353535,768.7633521436584
Mornings,CatBoost,13157.60606060606,778.831822224515
Mornings,CatBoost,13452.858585858585,778.9566442942569
Mornings,CatBoost,13748.11111111111,775.6878181188301
Mornings,CatBoost,14043.363636363636,775.3062787216315
Mornings,CatBoost,14338.61616161616,775.3062787216315
Mornings,CatBoost,14633.868686868685,775.3201044324976
Mornings,CatBoost,14929.121212121212,775.3201044324976
Mornings,CatBoost,15224.373737373737,776.8869001122458
Mornings,CatBoost,15519.626262626261,772.7427967841608
Mornings,CatBoost,15814.878787878786,772.7435130603768
Mornings,CatBoost,16110.131313131313,772.7435130603768
Mornings,CatBoost,16405.383838383837,772.8241758067725
Mornings,CatBoost,16700.63636363636,772.8241758067725
Mornings,CatBoost,16995.888888888887,775.3943889366593
Mornings,CatBoost,17291.141414141413,775.3943889366593
Mornings,CatBoost,17586.39393939394,775.3943889366593
Mornings,CatBoost,17881.646464646463,775.5771840693127
Mornings,CatBoost,18176.89898989899,775.5771840693127
Mornings,CatBoost,18472.151515151512,775.5771840693127
Mornings,CatBoost,18767.40404040404,775.622537790442
Mornings,CatBoost,19062.656565656565,775.622537790442
Mornings,CatBoost,19357.90909090909,775.622537790442
Mornings,CatBoost,19653.161616161615,775.622537790442
Mornings,CatBoost,19948.41414141414,775.622537790442
Mornings,CatBoost,20243.666666666664,775.622537790442
Mornings,CatBoost,20538.91919191919,775.622537790442
Mornings,CatBoost,20834.171717171717,775.622537790442
Mornings,CatBoost,21129.42424242424,775.622537790442
Mornings,CatBoost,21424.676767676767,775.622537790442
Mornings,CatBoost,21719.92929292929,775.622537790442
Mornings,CatBoost,22015.181818181816,775.622537790442
Mornings,CatBoost,22310.434343434343,775.622537790442
Mornings,CatBoost,22605.686868686866,775.622537790442
Mornings,CatBoost,22900.939393939392,774.9486658147424
Mornings,CatBoost,23196.19191919192,774.9486658147424
Mornings,CatBoost,23491.44444444444,774.6965878633778
Mornings,CatBoost,23786.696969696968,774.6965878633778
Mornings,CatBoost,24081.949494949495,774.6965878633778
Mornings,CatBoost,24377.202020202018,774.6965878633778
Mornings,CatBoost,24672.454545454544,768.9259302178089
Mornings,CatBoost,24967.70707070707,766.2961423719581
Mornings,CatBoost,25262.959595959594,765.5991745061746
Mornings,CatBoost,25558.21212121212,765.5991745061746
Mornings,CatBoost,25853.464646464643,765.5991745061746
Mornings,CatBoost,26148.71717171717,765.5991745061746
Mornings,CatBoost,26443.969696969696,765.5991745061746
Mornings,CatBoost,26739.22222222222,765.6061802667505
Mornings,CatBoost,27034.474747474746,766.069534462989
Mornings,CatBoost,27329.727272727272,766.1221125108401
Mornings,CatBoost,27624.979797979795,766.1221125108401
Mornings,CatBoost,27920.23232323232,766.1221125108401
Mornings,CatBoost,28215.484848484848,766.1221125108401
Mornings,CatBoost,28510.73737373737,756.8140233580632
Mornings,CatBoost,28805.989898989897,756.8140233580632
Mornings,CatBoost,29101.242424242424,756.8140233580632
Mornings,CatBoost,29396.494949494947,756.8140233580632
Mornings,CatBoost,29691.747474747473,756.8140233580632
Mornings,CatBoost,29987.0,756.8140233580632
Mornings,LightGBM,757.0,645.9994382402037
Mornings,LightGBM,1052.2525252525252,645.9994382402037
Mornings,LightGBM,1347.5050505050503,645.9994382402037
Mornings,LightGBM,1642.7575757575758,645.9994382402037
Mornings,LightGBM,1938.010101010101,645.9994382402037
Mornings,LightGBM,2233.2626262626263,645.9994382402037
Mornings,LightGBM,2528.5151515151515,645.9994382402037
Mornings,LightGBM,2823.7676767676767,645.9994382402037
Mornings,LightGBM,3119.020202020202,645.9994382402037
Mornings,LightGBM,3414.272727272727,649.6726251176968
Mornings,LightGBM,3709.525252525252,649.6726251176968
Mornings,LightGBM,4004.7777777777774,649.6726251176968
Mornings,LightGBM,4300.030303030303,649.6726251176968
Mornings,LightGBM,4595.282828282829,649.6726251176968
Mornings,LightGBM,4890.535353535353,649.6726251176968
Mornings,LightGBM,5185.787878787878,649.6726251176968
Mornings,LightGBM,5481.040404040404,649.6726251176968
Mornings,LightGBM,5776.292929292929,649.6726251176968
Mornings,LightGBM,6071.545454545454,668.7476733312363
Mornings,LightGBM,6366.79797979798,695.1739389030896
Mornings,LightGBM,6662.050505050504,689.0622527958922
Mornings,LightGBM,6957.30303030303,692.9289896578588
Mornings,LightGBM,7252.555555555555,694.9962398720972
Mornings,LightGBM,7547.80808080808,694.271536903702
Mornings,LightGBM,7843.060606060606,703.0209645158604
Mornings,LightGBM,8138.313131313131,698.3327108077935
Mornings,LightGBM,8433.565656565657,699.6827697851029
Mornings,LightGBM,8728.81818181818,701.3057227211633
Mornings,LightGBM,9024.070707070707,688.5686446417031
Mornings,LightGBM,9319.323232323231,682.7602344502903
Mornings,LightGBM,9614.575757575756,682.7502801770174
Mornings,LightGBM,9909.828282828283,683.1277601187851
Mornings,LightGBM,10205.080808080807,730.8845952810696
Mornings,LightGBM,10500.333333333332,743.6432116746992
Mornings,LightGBM,10795.585858585859,747.5264756301605
Mornings,LightGBM,11090.838383838383,759.3770735927623
Mornings,LightGBM,11386.090909090908,760.959196689739
Mornings,LightGBM,11681.343434343433,760.436462770659
Mornings,LightGBM,11976.59595959596,761.1116199802207
Mornings,LightGBM,12271.848484848484,762.8854677119441
Mornings,LightGBM,12567.101010101009,767.9657557539343
Mornings,LightGBM,12862.353535353535,772.1766986320712
Mornings,LightGBM,13157.60606060606,776.8468047744082
Mornings,LightGBM,13452.858585858585,777.7547113248003
Mornings,LightGBM,13748.11111111111,768.970993169468
Mornings,LightGBM,14043.363636363636,766.1279448295658
Mornings,LightGBM,14338.61616161616,756.5555188720535
Mornings,LightGBM,14633.868686868685,758.8304895834658
Mornings,LightGBM,14929.121212121212,759.268491779329
Mornings,LightGBM,15224.373737373737,762.3064966741856
Mornings,LightGBM,15519.626262626261,751.3213510053624
Mornings,LightGBM,15814.878787878786,774.3049223477119
Mornings,LightGBM,16110.131313131313,774.2627574390617
Mornings,LightGBM,16405.383838383837,779.925628416419
Mornings,LightGBM,16700.63636363636,779.9315962130067
Mornings,LightGBM,16995.888888888887,782.6585509997119
Mornings,LightGBM,17291.141414141413,782.6769459163748
Mornings,LightGBM,17586.39393939394,782.6769459163748
Mornings,LightGBM,17881.646464646463,782.3522908016174
Mornings,LightGBM,18176.89898989899,782.3522908016174
Mornings,LightGBM,18472.151515151512,782.3522908016174
Mornings,LightGBM,18767.40404040404,782.294007778225
Mornings,LightGBM,19062.656565656565,782.294007778225
Mornings,LightGBM,19357.90909090909,782.294007778225
Mornings,LightGBM,19653.161616161615,782.3099804392925
Mornings,LightGBM,19948.41414141414,782.3354714589401
Mornings,LightGBM,20243.666666666664,782.3821200702008
Mornings,LightGBM,20538.91919191919,782.3821200702008
Mornings,LightGBM,20834.171717171717,782.3821200702008
Mornings,LightGBM,21129.42424242424,782.3821200702008
Mornings,LightGBM,21424.676767676767,782.3821200702008
Mornings,LightGBM,21719.92929292929,782.3821200702008
Mornings,LightGBM,22015.181818181816,782.393673530429
Mornings,LightGBM,22310.434343434343,782.393673530429
Mornings,LightGBM,22605.686868686866,782.393673530429
Mornings,LightGBM,22900.939393939392,782.2462707038632
Mornings,LightGBM,23196.19191919192,782.2462707038632
Mornings,LightGBM,23491.44444444444,782.2462707038632
Mornings,LightGBM,23786.696969696968,782.3275490013065
Mornings,LightGBM,24081.949494949495,782.3275490013065
Mornings,LightGBM,24377.202020202018,782.4017832524344
Mornings,LightGBM,24672.454545454544,782.5135288352076
Mornings,LightGBM,24967.70707070707,782.801578770869
Mornings,LightGBM,25262.959595959594,783.9827192697825
Mornings,LightGBM,25558.21212121212,783.9827192697825
Mornings,LightGBM,25853.464646464643,783.9827192697825
Mornings,LightGBM,26148.71717171717,782.3819157316882
Mornings,LightGBM,26443.969696969696,782.3819157316882
Mornings,LightGBM,26739.22222222222,782.3819157316882
Mornings,LightGBM,27034.474747474746,786.5652838564247
Mornings,LightGBM,27329.727272727272,785.4668771598014
Mornings,LightGBM,27624.979797979795,785.4668771598014
Mornings,LightGBM,27920.23232323232,785.4668771598014
Mornings,LightGBM,28215.484848484848,785.4668771598014
Mornings,LightGBM,28510.73737373737,767.4074581881723
Mornings,LightGBM,28805.989898989897,764.0857108710093
Mornings,LightGBM,29101.242424242424,764.0857108710093
Mornings,LightGBM,29396.494949494947,764.0857108710093
Mornings,LightGBM,29691.747474747473,798.7232397591536
Mornings,LightGBM,29987.0,798.7232397591536
Mornings,XGBoost,757.0,681.5986328125
Mornings,XGBoost,1052.2525252525252,681.5986328125
Mornings,XGBoost,1347.5050505050503,681.5986328125
Mornings,XGBoost,1642.7575757575758,681.6338500976562
Mornings,XGBoost,1938.010101010101,681.6338500976562
Mornings,XGBoost,2233.2626262626263,681.6338500976562
Mornings,XGBoost,2528.5151515151515,681.6338500976562
Mornings,XGBoost,2823.7676767676767,681.6338500976562
Mornings,XGBoost,3119.020202020202,681.6338500976562
Mornings,XGBoost,3414.272727272727,681.6338500976562
Mornings,XGBoost,3709.525252525252,681.6338500976562
Mornings,XGBoost,4004.7777777777774,681.6338500976562
Mornings,XGBoost,4300.030303030303,681.6338500976562
Mornings,XGBoost,4595.282828282829,681.6338500976562
Mornings,XGBoost,4890.535353535353,683.1378173828125
Mornings,XGBoost,5185.787878787878,683.1378173828125
Mornings,XGBoost,5481.040404040404,683.3250122070312
Mornings,XGBoost,5776.292929292929,683.3250122070312
Mornings,XGBoost,6071.545454545454,692.615478515625
Mornings,XGBoost,6366.79797979798,689.6240844726562
Mornings,XGBoost,6662.050505050504,691.5018920898438
Mornings,XGBoost,6957.30303030303,689.8319702148438
Mornings,XGBoost,7252.555555555555,689.8319702148438
Mornings,XGBoost,7547.80808080808,688.7286987304688
Mornings,XGBoost,7843.060606060606,689.314208984375
Mornings,XGBoost,8138.313131313131,692.6728515625
Mornings,XGBoost,8433.565656565657,693.051025390625
Mornings,XGBoost,8728.81818181818,691.880126953125
Mornings,XGBoost,9024.070707070707,684.5560913085938
Mornings,XGBoost,9319.323232323231,684.8082885742188
Mornings,XGBoost,9614.575757575756,722.029541015625
Mornings,XGBoost,9909.828282828283,722.9832763671875
Mornings,XGBoost,10205.080808080807,729.6952514648438
Mornings,XGBoost,10500.333333333332,733.9680786132812
Mornings,XGBoost,10795.585858585859,735.0562133789062
Mornings,XGBoost,11090.838383838383,740.3432006835938
Mornings,XGBoost,11386.090909090908,741.1783447265625
Mornings,XGBoost,11681.343434343433,743.9666137695312
Mornings,XGBoost,11976.59595959596,737.02490234375
Mornings,XGBoost,12271.848484848484,736.566650390625
Mornings,XGBoost,12567.101010101009,742.474853515625
Mornings,XGBoost,12862.353535353535,745.1565551757812
Mornings,XGBoost,13157.60606060606,747.3939819335938
Mornings,XGBoost,13452.858585858585,758.0249633789062
Mornings,XGBoost,13748.11111111111,746.1676635742188
Mornings,XGBoost,14043.363636363636,741.0130004882812
Mornings,XGBoost,14338.61616161616,740.9489135742188
Mornings,XGBoost,14633.868686868685,742.2266845703125
Mornings,XGBoost,14929.121212121212,743.9218139648438
Mornings,XGBoost,15224.373737373737,741.8255615234375
Mornings,XGBoost,15519.626262626261,743.1654052734375
Mornings,XGBoost,15814.878787878786,743.2144165039062
Mornings,XGBoost,16110.131313131313,744.890869140625
Mornings,XGBoost,16405.383838383837,745.0330200195312
Mornings,XGBoost,16700.63636363636,744.9024658203125
Mornings,XGBoost,16995.888888888887,744.6236572265625
Mornings,XGBoost,17291.141414141413,744.880615234375
Mornings,XGBoost,17586.39393939394,744.880615234375
Mornings,XGBoost,17881.646464646463,744.909912109375
Mornings,XGBoost,18176.89898989899,744.886474609375
Mornings,XGBoost,18472.151515151512,744.886474609375
Mornings,XGBoost,18767.40404040404,744.886474609375
Mornings,XGBoost,19062.656565656565,744.886474609375
Mornings,XGBoost,19357.90909090909,744.886474609375
Mornings,XGBoost,19653.161616161615,744.886474609375
Mornings,XGBoost,19948.41414141414,744.87158203125
Mornings,XGBoost,20243.666666666664,744.87158203125
Mornings,XGBoost,20538.91919191919,743.7505493164062
Mornings,XGBoost,20834.171717171717,743.7426147460938
Mornings,XGBoost,21129.42424242424,744.044677734375
Mornings,XGBoost,21424.676767676767,744.2110595703125
Mornings,XGBoost,21719.92929292929,744.2110595703125
Mornings,XGBoost,22015.181818181816,744.2110595703125
Mornings,XGBoost,22310.434343434343,744.2110595703125
Mornings,XGBoost,22605.686868686866,744.7902221679688
Mornings,XGBoost,22900.939393939392,746.5818481445312
Mornings,XGBoost,23196.19191919192,746.5818481445312
Mornings,XGBoost,23491.44444444444,744.4779052734375
Mornings,XGBoost,23786.696969696968,744.430419921875
Mornings,XGBoost,24081.949494949495,745.2464599609375
Mornings,XGBoost,24377.202020202018,747.9359741210938
Mornings,XGBoost,24672.454545454544,747.9359741210938
Mornings,XGBoost,24967.70707070707,747.9781494140625
Mornings,XGBoost,25262.959595959594,747.9781494140625
Mornings,XGBoost,25558.21212121212,747.9781494140625
Mornings,XGBoost,25853.464646464643,746.907470703125
Mornings,XGBoost,26148.71717171717,746.907470703125
Mornings,XGBoost,26443.969696969696,746.907470703125
Mornings,XGBoost,26739.22222222222,746.907470703125
Mornings,XGBoost,27034.474747474746,746.861083984375
Mornings,XGBoost,27329.727272727272,746.9664306640625
Mornings,XGBoost,27624.979797979795,746.9664306640625
Mornings,XGBoost,27920.23232323232,746.9664306640625
Mornings,XGBoost,28215.484848484848,745.125732421875
Mornings,XGBoost,28510.73737373737,745.125732421875
Mornings,XGBoost,28805.989898989897,745.125732421875
Mornings,XGBoost,29101.242424242424,744.6903686523438
Mornings,XGBoost,29396.494949494947,744.6903686523438
Mornings,XGBoost,29691.747474747473,744.6903686523438
Mornings,XGBoost,29987.0,763.6824951171875
Lunches,CatBoost,757.0,1068.2801307925222
Lunches,CatBoost,1052.2525252525252,1069.3278536280125
Lunches,CatBoost,1347.5050505050503,1069.3278536280125
Lunches,CatBoost,1642.7575757575758,1069.3278536280125
Lunches,CatBoost,1938.010101010101,1069.3278536280125
Lunches,CatBoost,2233.2626262626263,1069.3278536280125
Lunches,CatBoost,2528.5151515151515,1069.3278536280125
Lunches,CatBoost,2823.7676767676767,1069.3278536280125
Lunches,CatBoost,3119.020202020202,1069.3278536280125
Lunches,CatBoost,3414.272727272727,1069.3278536280125
Lunches,CatBoost,3709.525252525252,1069.3278536280125
Lunches,CatBoost,4004.7777777777774,1069.3278536280125
Lunches,CatBoost,4300.030303030303,1069.3278536280125
Lunches,CatBoost,4595.282828282829,1069.3278536280125
Lunches,CatBoost,4890.535353535353,1069.3278536280125
Lunches,CatBoost,5185.787878787878,1069.3278536280125
Lunches,CatBoost,5481.040404040404,1069.3278536280125
Lunches,CatBoost,5776.292929292929,1069.3278536280125
Lunches,CatBoost,6071.545454545454,1074.3997671335592
Lunches,CatBoost,6366.79797979798,1069.7001346719846
Lunches,CatBoost,6662.050505050504,1069.7001346719846
Lunches,CatBoost,6957.30303030303,1069.8333015201924
Lunches,CatBoost,7252.555555555555,1069.8333015201924
Lunches,CatBoost,7547.80808080808,1069.505087942268
Lunches,CatBoost,7843.060606060606,1069.8024924893568
Lunches,CatBoost,8138.313131313131,1069.0331044177528
Lunches,CatBoost,8433.565656565657,1082.5810954779263
Lunches,CatBoost,8728.81818181818,1083.307501101575
Lunches,CatBoost,9024.070707070707,1081.1897687557978
Lunches,CatBoost,9319.323232323231,1077.900703312044
Lunches,CatBoost,9614.575757575756,1084.2197527489768
Lunches,CatBoost,9909.828282828283,1090.6933729145937
Lunches,CatBoost,10205.080808080807,1096.3471091164
Lunches,CatBoost,10500.333333333332,1118.5647869946024
Lunches,CatBoost,10795.585858585859,1130.7525561560615
Lunches,CatBoost,11090.838383838383,1129.0525479884957
Lunches,CatBoost,11386.090909090908,1128.8043630408617
Lunches,CatBoost,11681.343434343433,1128.7824544440537
Lunches,CatBoost,11976.59595959596,1128.8670990145326
Lunches,CatBoost,12271.848484848484,1139.651920822238
Lunches,CatBoost,12567.101010101009,1146.3204911163382
Lunches,CatBoost,12862.353535353535,1145.495116868228
Lunches,CatBoost,13157.60606060606,1148.452786575746
Lunches,CatBoost,13452.858585858585,1148.2338161692544
Lunches,CatBoost,13748.11111111111,1146.8112903983172
Lunches,CatBoost,14043.363636363636,1145.6349932039363
Lunches,CatBoost,14338.61616161616,1144.9428732062395
Lunches,CatBoost,14633.868686868685,1145.359291637204
Lunches,CatBoost,14929.121212121212,1145.359291637204
Lunches,CatBoost,15224.373737373737,1145.332235736172
Lunches,CatBoost,15519.626262626261,1133.0136936973531
Lunches,CatBoost,15814.878787878786,1146.1293341635821
Lunches,CatBoost,16110.131313131313,1146.088116903128
Lunches,CatBoost,16405.383838383837,1146.7979684476556
Lunches,CatBoost,16700.63636363636,1146.7979684476556
Lunches,CatBoost,16995.888888888887,1150.4267169158684
Lunches,CatBoost,17291.141414141413,1150.4267169158684
Lunches,CatBoost,17586.39393939394,1150.4267169158684
Lunches,CatBoost,17881.646464646463,1150.4267169158684
Lunches,CatBoost,18176.89898989899,1150.4267169158684
Lunches,CatBoost,18472.151515151512,1150.4267169158684
Lunches,CatBoost,18767.40404040404,1150.4267169158684
Lunches,CatBoost,19062.656565656565,1150.4267169158684
Lunches,CatBoost,19357.90909090909,1150.4267169158684
Lunches,CatBoost,19653.161616161615,1150.4267169158684
Lunches,CatBoost,19948.41414141414,1150.4267169158684
Lunches,CatBoost,20243.666666666664,1150.4267169158684
Lunches,CatBoost,20538.91919191919,1150.4183703032843
Lunches,CatBoost,20834.171717171717,1150.4183703032843
Lunches,CatBoost,21129.42424242424,1150.4183703032843
Lunches,CatBoost,21424.676767676767,1150.4183703032843
Lunches,CatBoost,21719.92929292929,1149.7708280245995
Lunches,CatBoost,22015.181818181816,1149.7708280245995
Lunches,CatBoost,22310.434343434343,1149.7708280245995
Lunches,CatBoost,22605.686868686866,1149.6111789410888
Lunches,CatBoost,22900.939393939392,1149.6111789410888
Lunches,CatBoost,23196.19191919192,1149.6111789410888
Lunches,CatBoost,23491.44444444444,1149.6111789410888
Lunches,CatBoost,23786.696969696968,1149.424689008865
Lunches,CatBoost,24081.949494949495,1148.2561993030608
Lunches,CatBoost,24377.202020202018,1148.2561993030608
Lunches,CatBoost,24672.454545454544,1148.2561993030608
Lunches,CatBoost,24967.70707070707,1153.443868735401
Lunches,CatBoost,25262.959595959594,1152.2543801217819
Lunches,CatBoost,25558.21212121212,1152.2543801217819
Lunches,CatBoost,25853.464646464643,1152.2543801217819
Lunches,CatBoost,26148.71717171717,1152.2543801217819
Lunches,CatBoost,26443.969696969696,1152.2543801217819
Lunches,CatBoost,26739.22222222222,1152.2543801217819
Lunches,CatBoost,27034.474747474746,1155.1693365102233
Lunches,CatBoost,27329.727272727272,1155.1693365102233
Lunches,CatBoost,27624.979797979795,1155.1693365102233
Lunches,CatBoost,27920.23232323232,1143.072518224696
Lunches,CatBoost,28215.484848484848,1143.072518224696
Lunches,CatBoost,28510.73737373737,1137.1281130790271
Lunches,CatBoost,28805.989898989897,1137.1281130790271
Lunches,CatBoost,29101.242424242424,1137.1281130790271
Lunches,CatBoost,29396.494949494947,1150.6503776719994
Lunches,CatBoost,29691.747474747473,1150.6503776719994
Lunches,CatBoost,29987.0,1150.6503776719994
Lunches,LightGBM,757.0,1080.688432049235
Lunches,LightGBM,1052.2525252525252,1104.4971205635804
Lunches,LightGBM,1347.5050505050503,1104.4971205635804
Lunches,LightGBM,1642.7575757575758,1104.4971205635804
Lunches,LightGBM,1938.010101010101,1104.4971205635804
Lunches,LightGBM,2233.2626262626263,1104.4971205635804
Lunches,LightGBM,2528.5151515151515,1104.4971205635804
Lunches,LightGBM,2823.7676767676767,1104.5062634209876
Lunches,LightGBM,3119.020202020202,1104.5062634209876
Lunches,LightGBM,3414.272727272727,1104.5062634209876
Lunches,LightGBM,3709.525252525252,1104.5062634209876
Lunches,LightGBM,4004.7777777777774,1104.5062634209876
Lunches,LightGBM,4300.030303030303,1104.5062634209876
Lunches,LightGBM,4595.282828282829,1104.5062634209876
Lunches,LightGBM,4890.535353535353,1104.5062634209876
Lunches,LightGBM,5185.787878787878,1105.4281428001048
Lunches,LightGBM,5481.040404040404,1105.4281428001048
Lunches,LightGBM,5776.292929292929,1105.4281428001048
Lunches,LightGBM,6071.545454545454,1121.5414935268736
Lunches,LightGBM,6366.79797979798,1099.2737536698082
Lunches,LightGBM,6662.050505050504,1098.7263264548315
Lunches,LightGBM,6957.30303030303,1101.56530300527
Lunches,LightGBM,7252.555555555555,1101.56530300527
Lunches,LightGBM,7547.80808080808,1101.3181159808164
Lunches,LightGBM,7843.060606060606,1101.3319051663368
Lunches,LightGBM,8138.313131313131,1101.248828253112
Lunches,LightGBM,8433.565656565657,1102.629836087246
Lunches,LightGBM,8728.81818181818,1102.647382670119
Lunches,LightGBM,9024.070707070707,1088.4526996426757
Lunches,LightGBM,9319.323232323231,1080.443099707216
Lunches,LightGBM,9614.575757575756,1082.0628758358043
Lunches,LightGBM,9909.828282828283,1080.8216871187028
Lunches,LightGBM,10205.080808080807,1074.2804067467919
Lunches,LightGBM,10500.333333333332,1107.315420094559
Lunches,LightGBM,10795.585858585859,1122.574527414072
Lunches,LightGBM,11090.838383838383,1120.714175217698
Lunches,LightGBM,11386.090909090908,1124.056975319141
Lunches,LightGBM,11681.343434343433,1119.462959762792
Lunches,LightGBM,11976.59595959596,1120.2000714613564
Lunches,LightGBM,12271.848484848484,1119.279647778076
Lunches,LightGBM,12567.101010101009,1120.5999684403846
Lunches,LightGBM,12862.353535353535,1121.6529815088927
Lunches,LightGBM,13157.60606060606,1135.1962005943765
Lunches,LightGBM,13452.858585858585,1136.1098479473685
Lunches,LightGBM,13748.11111111111,1124.1741087781122
Lunches,LightGBM,14043.363636363636,1126.9905241266697
Lunches,LightGBM,14338.61616161616,1125.2372762657226
Lunches,LightGBM,14633.868686868685,1125.221702026492
Lunches,LightGBM,14929.121212121212,1123.9810634355426
Lunches,LightGBM,15224.373737373737,1123.2506953083127
Lunches,LightGBM,15519.626262626261,1122.5155787843614
Lunches,LightGBM,15814.878787878786,1122.5155787843614
Lunches,LightGBM,16110.131313131313,1122.507090149259
Lunches,LightGBM,16405.383838383837,1122.8609147242173
Lunches,LightGBM,16700.63636363636,1118.961472121206
Lunches,LightGBM,16995.888888888887,1127.6917537568668
Lunches,LightGBM,17291.141414141413,1133.605208008725
Lunches,LightGBM,17586.39393939394,1132.3742959913684
Lunches,LightGBM,17881.646464646463,1132.4513800451894
Lunches,LightGBM,18176.89898989899,1132.4513800451894
Lunches,LightGBM,18472.151515151512,1132.4513800451894
Lunches,LightGBM,18767.40404040404,1132.46545335497
Lunches,LightGBM,19062.656565656565,1132.46545335497
Lunches,LightGBM,19357.90909090909,1132.407928608284
Lunches,LightGBM,19653.161616161615,1132.6487214370884
Lunches,LightGBM,19948.41414141414,1132.6850495987487
Lunches,LightGBM,20243.666666666664,1132.8244993987737
Lunches,LightGBM,20538.91919191919,1132.7925689949934
Lunches,LightGBM,20834.171717171717,1127.4125241084546
Lunches,LightGBM,21129.42424242424,1127.4125241084546
Lunches,LightGBM,21424.676767676767,1127.4125241084546
Lunches,LightGBM,21719.92929292929,1109.4512663687437
Lunches,LightGBM,22015.181818181816,1109.4672862665627
Lunches,LightGBM,22310.434343434343,1109.4672862665627
Lunches,LightGBM,22605.686868686866,1109.4672862665627
Lunches,LightGBM,22900.939393939392,1109.5178245970294
Lunches,LightGBM,23196.19191919192,1109.5178245970294
Lunches,LightGBM,23491.44444444444,1109.0469860507435
Lunches,LightGBM,23786.696969696968,1109.0469860507435
Lunches,LightGBM,24081.949494949495,1107.192789215752
Lunches,LightGBM,24377.202020202018,1105.2997247232859
Lunches,LightGBM,24672.454545454544,1105.2997247232859
Lunches,LightGBM,24967.70707070707,1106.0538253692107
Lunches,LightGBM,25262.959595959594,1106.345954092804
Lunches,LightGBM,25558.21212121212,1106.345954092804
Lunches,LightGBM,25853.464646464643,1106.345954092804
Lunches,LightGBM,26148.71717171717,1106.345954092804
Lunches,LightGBM,26443.969696969696,1106.345954092804
Lunches,LightGBM,26739.22222222222,1106.345954092804
Lunches,LightGBM,27034.474747474746,1106.345954092804
Lunches,LightGBM,27329.727272727272,1106.345954092804
Lunches,LightGBM,27624.979797979795,1106.345954092804
Lunches,LightGBM,27920.23232323232,1085.3634826063817
Lunches,LightGBM,28215.484848484848,1085.3634826063817
Lunches,LightGBM,28510.73737373737,1085.2029121397177
Lunches,LightGBM,28805.989898989897,1085.2029121397177
Lunches,LightGBM,29101.242424242424,1085.2029121397177
Lunches,LightGBM,29396.494949494947,1085.020244944563
Lunches,LightGBM,29691.747474747473,1085.020244944563
Lunches,LightGBM,29987.0,1085.020244944563
Lunches,XGBoost,757.0,1067.63427734375
Lunches,XGBoost,1052.2525252525252,1077.25439453125
Lunches,XGBoost,1347.5050505050503,1077.222412109375
Lunches,XGBoost,1642.7575757575758,1077.19287109375
Lunches,XGBoost,1938.010101010101,1077.19287109375
Lunches,XGBoost,2233.2626262626263,1077.19287109375
Lunches,XGBoost,2528.5151515151515,1077.203125
Lunches,XGBoost,2823.7676767676767,1077.203125
Lunches,XGBoost,3119.020202020202,1077.1483154296875
Lunches,XGBoost,3414.272727272727,1077.1483154296875
Lunches,XGBoost,3709.525252525252,1077.1483154296875
Lunches,XGBoost,4004.7777777777774,1077.1483154296875
Lunches,XGBoost,4300.030303030303,1077.1483154296875
Lunches,XGBoost,4595.282828282829,1077.1483154296875
Lunches,XGBoost,4890.535353535353,1077.150634765625
Lunches,XGBoost,5185.787878787878,1077.150634765625
Lunches,XGBoost,5481.040404040404,1078.412841796875
Lunches,XGBoost,5776.292929292929,1078.412841796875
Lunches,XGBoost,6071.545454545454,1086.3062744140625
Lunches,XGBoost,6366.79797979798,1080.713623046875
Lunches,XGBoost,6662.050505050504,1079.55712890625
Lunches,XGBoost,6957.30303030303,1075.5860595703125
Lunches,XGBoost,7252.555555555555,1075.5860595703125
Lunches,XGBoost,7547.80808080808,1073.4652099609375
Lunches,XGBoost,7843.060606060606,1078.9088134765625
Lunches,XGBoost,8138.313131313131,1082.9893798828125
Lunches,XGBoost,8433.565656565657,1087.2606201171875
Lunches,XGBoost,8728.81818181818,1086.3526611328125
Lunches,XGBoost,9024.070707070707,1073.9510498046875
Lunches,XGBoost,9319.323232323231,1072.3978271484375
Lunches,XGBoost,9614.575757575756,1110.560791015625
Lunches,XGBoost,9909.828282828283,1106.056884765625
Lunches,XGBoost,10205.080808080807,1108.623291015625
Lunches,XGBoost,10500.333333333332,1113.641357421875
Lunches,XGBoost,10795.585858585859,1118.31884765625
Lunches,XGBoost,11090.838383838383,1124.5072021484375
Lunches,XGBoost,11386.090909090908,1131.9041748046875
Lunches,XGBoost,11681.343434343433,1128.5657958984375
Lunches,XGBoost,11976.59595959596,1129.8231201171875
Lunches,XGBoost,12271.848484848484,1128.8509521484375
Lunches,XGBoost,12567.101010101009,1134.968994140625
Lunches,XGBoost,12862.353535353535,1131.6328125
Lunches,XGBoost,13157.60606060606,1136.9803466796875
Lunches,XGBoost,13452.858585858585,1134.130126953125
Lunches,XGBoost,13748.11111111111,1122.5870361328125
Lunches,XGBoost,14043.363636363636,1126.015380859375
Lunches,XGBoost,14338.61616161616,1125.467041015625
Lunches,XGBoost,14633.868686868685,1121.7178955078125
Lunches,XGBoost,14929.121212121212,1122.0255126953125
Lunches,XGBoost,15224.373737373737,1120.579833984375
Lunches,XGBoost,15519.626262626261,1120.51708984375
Lunches,XGBoost,15814.878787878786,1120.661376953125
Lunches,XGBoost,16110.131313131313,1120.361328125
Lunches,XGBoost,16405.383838383837,1120.8778076171875
Lunches,XGBoost,16700.63636363636,1118.2911376953125
Lunches,XGBoost,16995.888888888887,1124.4571533203125
Lunches,XGBoost,17291.141414141413,1124.6553955078125
Lunches,XGBoost,17586.39393939394,1124.6553955078125
Lunches,XGBoost,17881.646464646463,1124.7218017578125
Lunches,XGBoost,18176.89898989899,1124.629638671875
Lunches,XGBoost,18472.151515151512,1124.629638671875
Lunches,XGBoost,18767.40404040404,1124.629638671875
Lunches,XGBoost,19062.656565656565,1126.3909912109375
Lunches,XGBoost,19357.90909090909,1126.3909912109375
Lunches,XGBoost,19653.161616161615,1126.3909912109375
Lunches,XGBoost,19948.41414141414,1126.3909912109375
Lunches,XGBoost,20243.666666666664,1126.5145263671875
Lunches,XGBoost,20538.91919191919,1125.5748291015625
Lunches,XGBoost,20834.171717171717,1126.634033203125
Lunches,XGBoost,21129.42424242424,1126.6292724609375
Lunches,XGBoost,21424.676767676767,1126.6573486328125
Lunches,XGBoost,21719.92929292929,1124.4951171875
Lunches,XGBoost,22015.181818181816,1124.4951171875
Lunches,XGBoost,22310.434343434343,1124.4951171875
Lunches,XGBoost,22605.686868686866,1124.62939453125
Lunches,XGBoost,22900.939393939392,1124.6339111328125
Lunches,XGBoost,23196.19191919192,1124.6339111328125
Lunches,XGBoost,23491.44444444444,1124.4339599609375
Lunches,XGBoost,23786.696969696968,1124.0445556640625
Lunches,XGBoost,24081.949494949495,1121.5184326171875
Lunches,XGBoost,24377.202020202018,1121.4801025390625
Lunches,XGBoost,24672.454545454544,1121.3968505859375
Lunches,XGBoost,24967.70707070707,1135.0843505859375
Lunches,XGBoost,25262.959595959594,1134.9854736328125
Lunches,XGBoost,25558.21212121212,1134.9854736328125
Lunches,XGBoost,25853.464646464643,1135.123046875
Lunches,XGBoost,26148.71717171717,1135.123046875
Lunches,XGBoost,26443.969696969696,1135.123046875
Lunches,XGBoost,26739.22222222222,1135.123046875
Lunches,XGBoost,27034.474747474746,1134.3707275390625
Lunches,XGBoost,27329.727272727272,1130.1573486328125
Lunches,XGBoost,27624.979797979795,1130.1573486328125
Lunches,XGBoost,27920.23232323232,1130.1573486328125
Lunches,XGBoost,28215.484848484848,1130.1573486328125
Lunches,XGBoost,28510.73737373737,1130.2261962890625
Lunches,XGBoost,28805.989898989897,1130.2261962890625
Lunches,XGBoost,29101.242424242424,1118.8167724609375
Lunches,XGBoost,29396.494949494947,1118.8167724609375
Lunches,XGBoost,29691.747474747473,1118.8167724609375
Lunches,XGBoost,29987.0,1118.8167724609375
Afternoons,CatBoost,757.0,1144.7843346461989
Afternoons,CatBoost,1052.2525252525252,1144.8936718464117
Afternoons,CatBoost,1347.5050505050503,1144.8936718464117
Afternoons,CatBoost,1642.7575757575758,1144.8936718464117
Afternoons,CatBoost,1938.010101010101,1144.8936718464117
Afternoons,CatBoost,2233.2626262626263,1143.265575103199
Afternoons,CatBoost,2528.5151515151515,1143.265575103199
Afternoons,CatBoost,2823.7676767676767,1143.265575103199
Afternoons,CatBoost,3119.020202020202,1143.265575103199
Afternoons,CatBoost,3414.272727272727,1143.265575103199
Afternoons,CatBoost,3709.525252525252,1143.265575103199
Afternoons,CatBoost,4004.7777777777774,1143.265575103199
Afternoons,CatBoost,4300.030303030303,1143.265575103199
Afternoons,CatBoost,4595.282828282829,1143.265575103199
Afternoons,CatBoost,4890.535353535353,1143.265575103199
Afternoons,CatBoost,5185.787878787878,1143.265575103199
Afternoons,CatBoost,5481.040404040404,1143.265575103199
Afternoons,CatBoost,5776.292929292929,1143.265575103199
Afternoons,CatBoost,6071.545454545454,1170.8002078147963
Afternoons,CatBoost,6366.79797979798,1166.9124519024388
Afternoons,CatBoost,6662.050505050504,1165.3118471401356
Afternoons,CatBoost,6957.30303030303,1165.3118471401356
Afternoons,CatBoost,7252.555555555555,1164.2152108672078
Afternoons,CatBoost,7547.80808080808,1164.6233452742729
Afternoons,CatBoost,7843.060606060606,1164.0932248084343
Afternoons,CatBoost,8138.313131313131,1163.9510248855076
Afternoons,CatBoost,8433.565656565657,1167.4687739103747
Afternoons,CatBoost,8728.81818181818,1167.7246121622532
Afternoons,CatBoost,9024.070707070707,1165.5044445115182
Afternoons,CatBoost,9319.323232323231,1158.7547520392147
Afternoons,CatBoost,9614.575757575756,1158.7412338122308
Afternoons,CatBoost,9909.828282828283,1162.1019366729804
Afternoons,CatBoost,10205.080808080807,1234.5991202677053
Afternoons,CatBoost,10500.333333333332,1238.7306333715615
Afternoons,CatBoost,10795.585858585859,1246.5938778689929
Afternoons,CatBoost,11090.838383838383,1263.5856433561532
Afternoons,CatBoost,11386.090909090908,1268.613640859023
Afternoons,CatBoost,11681.343434343433,1268.0471371601798
Afternoons,CatBoost,11976.59595959596,1269.5717847601732
Afternoons,CatBoost,12271.848484848484,1269.6571177299168
Afternoons,CatBoost,12567.101010101009,1276.3666691556155
Afternoons,CatBoost,12862.353535353535,1270.4737823679336
Afternoons,CatBoost,13157.60606060606,1288.369839216176
Afternoons,CatBoost,13452.858585858585,1285.7044831513751
Afternoons,CatBoost,13748.11111111111,1286.1496738698772
Afternoons,CatBoost,14043.363636363636,1287.1485673017612
Afternoons,CatBoost,14338.61616161616,1287.1485673017612
Afternoons,CatBoost,14633.868686868685,1287.1485673017612
Afternoons,CatBoost,14929.121212121212,1286.6814696329873
Afternoons,CatBoost,15224.373737373737,1286.6149189239818
Afternoons,CatBoost,15519.626262626261,1283.1489914291378
Afternoons,CatBoost,15814.878787878786,1283.1489914291378
Afternoons,CatBoost,16110.131313131313,1283.2038243620034
Afternoons,CatBoost,16405.383838383837,1283.3320007355812
Afternoons,CatBoost,16700.63636363636,1283.3320007355812
Afternoons,CatBoost,16995.888888888887,1293.8590231748758
Afternoons,CatBoost,17291.141414141413,1294.676539082148
Afternoons,CatBoost,17586.39393939394,1294.676539082148
Afternoons,CatBoost,17881.646464646463,1294.7742252305125
Afternoons,CatBoost,18176.89898989899,1294.7742252305125
Afternoons,CatBoost,18472.151515151512,1294.7742252305125
Afternoons,CatBoost,18767.40404040404,1294.9659672362347
Afternoons,CatBoost,19062.656565656565,1294.9659672362347
Afternoons,CatBoost,19357.90909090909,1294.9659672362347
Afternoons,CatBoost,19653.161616161615,1294.9659672362347
Afternoons,CatBoost,19948.41414141414,1294.9659672362347
Afternoons,CatBoost,20243.666666666664,1294.3751633104741
Afternoons,CatBoost,20538.91919191919,1294.3751633104741
Afternoons,CatBoost,20834.171717171717,1294.3751633104741
Afternoons,CatBoost,21129.42424242424,1294.3751633104741
Afternoons,CatBoost,21424.676767676767,1294.8674142791815
Afternoons,CatBoost,21719.92929292929,1294.8120127448015
Afternoons,CatBoost,22015.181818181816,1294.8120127448015
Afternoons,CatBoost,22310.434343434343,1294.8120127448015
Afternoons,CatBoost,22605.686868686866,1294.0030815461753
Afternoons,CatBoost,22900.939393939392,1293.8056169592278
Afternoons,CatBoost,23196.19191919192,1293.8056169592278
Afternoons,CatBoost,23491.44444444444,1293.8056169592278
Afternoons,CatBoost,23786.696969696968,1290.5262894366745
Afternoons,CatBoost,24081.949494949495,1290.4851367945616
Afternoons,CatBoost,24377.202020202018,1290.4851367945616
Afternoons,CatBoost,24672.454545454544,1290.4851367945616
Afternoons,CatBoost,24967.70707070707,1262.409786816524
Afternoons,CatBoost,25262.959595959594,1246.907247485481
Afternoons,CatBoost,25558.21212121212,1246.907247485481
Afternoons,CatBoost,25853.464646464643,1246.907247485481
Afternoons,CatBoost,26148.71717171717,1269.555026240007
Afternoons,CatBoost,26443.969696969696,1269.555026240007
Afternoons,CatBoost,26739.22222222222,1269.555026240007
Afternoons,CatBoost,27034.474747474746,1269.555026240007
Afternoons,CatBoost,27329.727272727272,1269.555026240007
Afternoons,CatBoost,27624.979797979795,1269.555026240007
Afternoons,CatBoost,27920.23232323232,1269.555026240007
Afternoons,CatBoost,28215.484848484848,1269.555026240007
Afternoons,CatBoost,28510.73737373737,1252.546091476165
Afternoons,CatBoost,28805.989898989897,1252.546091476165
Afternoons,CatBoost,29101.242424242424,1252.546091476165
Afternoons,CatBoost,29396.494949494947,1288.5764455723681
Afternoons,CatBoost,29691.747474747473,1288.5764455723681
Afternoons,CatBoost,29987.0,1288.5764455723681
Afternoons,LightGBM,757.0,1171.6891307408737
Afternoons,LightGBM,1052.2525252525252,1203.1729761768268
Afternoons,LightGBM,1347.5050505050503,1203.1729761768268
Afternoons,LightGBM,1642.7575757575758,1203.1729761768268
Afternoons,LightGBM,1938.010101010101,1203.1729761768268
Afternoons,LightGBM,2233.2626262626263,1203.1729761768268
Afternoons,LightGBM,2528.5151515151515,1203.1729761768268
Afternoons,LightGBM,2823.7676767676767,1203.1729761768268
Afternoons,LightGBM,3119.020202020202,1202.8953679253964
Afternoons,LightGBM,3414.272727272727,1202.8953679253964
Afternoons,LightGBM,3709.525252525252,1202.8953679253964
Afternoons,LightGBM,4004.7777777777774,1202.8953679253964
Afternoons,LightGBM,4300.030303030303,1202.9641658353585
Afternoons,LightGBM,4595.282828282829,1202.9641658353585
Afternoons,LightGBM,4890.535353535353,1202.9641658353585
Afternoons,LightGBM,5185.787878787878,1202.9349237551928
Afternoons,LightGBM,5481.040404040404,1202.9349237551928
Afternoons,LightGBM,5776.292929292929,1202.9349237551928
Afternoons,LightGBM,6071.545454545454,1217.6557067041717
Afternoons,LightGBM,6366.79797979798,1205.4415125843266
Afternoons,LightGBM,6662.050505050504,1203.9372092451622
Afternoons,LightGBM,6957.30303030303,1201.5884249465541
Afternoons,LightGBM,7252.555555555555,1206.6884159380415
Afternoons,LightGBM,7547.80808080808,1206.6884159380415
Afternoons,LightGBM,7843.060606060606,1206.6884159380415
Afternoons,LightGBM,8138.313131313131,1206.7396417825892
Afternoons,LightGBM,8433.565656565657,1206.393721522425
Afternoons,LightGBM,8728.81818181818,1207.1952643928837
Afternoons,LightGBM,9024.070707070707,1193.7451055002282
Afternoons,LightGBM,9319.323232323231,1187.2865762457618
Afternoons,LightGBM,9614.575757575756,1187.3412215730693
Afternoons,LightGBM,9909.828282828283,1185.65916605216
Afternoons,LightGBM,10205.080808080807,1221.068236450801
Afternoons,LightGBM,10500.333333333332,1222.979882457672
Afternoons,LightGBM,10795.585858585859,1241.8832470405612
Afternoons,LightGBM,11090.838383838383,1235.3770356707112
Afternoons,LightGBM,11386.090909090908,1234.1920762304853
Afternoons,LightGBM,11681.343434343433,1234.6939031011252
Afternoons,LightGBM,11976.59595959596,1240.0666869198135
Afternoons,LightGBM,12271.848484848484,1239.1487323736096
Afternoons,LightGBM,12567.101010101009,1242.0239816036537
Afternoons,LightGBM,12862.353535353535,1243.0105429283412
Afternoons,LightGBM,13157.60606060606,1253.7566406391156
Afternoons,LightGBM,13452.858585858585,1252.3602928138057
Afternoons,LightGBM,13748.11111111111,1255.1688832718805
Afternoons,LightGBM,14043.363636363636,1257.5565853402413
Afternoons,LightGBM,14338.61616161616,1260.6007934899942
Afternoons,LightGBM,14633.868686868685,1266.0607213629207
Afternoons,LightGBM,14929.121212121212,1265.7582775708554
Afternoons,LightGBM,15224.373737373737,1258.1228664052746
Afternoons,LightGBM,15519.626262626261,1258.1280075868517
Afternoons,LightGBM,15814.878787878786,1258.1451561189178
Afternoons,LightGBM,16110.131313131313,1258.1451561189178
Afternoons,LightGBM,16405.383838383837,1259.8691935064112
Afternoons,LightGBM,16700.63636363636,1260.1424268346502
Afternoons,LightGBM,16995.888888888887,1261.8816667938017
Afternoons,LightGBM,17291.141414141413,1261.8926257686796
Afternoons,LightGBM,17586.39393939394,1261.8926257686796
Afternoons,LightGBM,17881.646464646463,1258.4654146992902
Afternoons,LightGBM,18176.89898989899,1295.258038027208
Afternoons,LightGBM,18472.151515151512,1295.258038027208
Afternoons,LightGBM,18767.40404040404,1302.6138967835516
Afternoons,LightGBM,19062.656565656565,1302.6138967835516
Afternoons,LightGBM,19357.90909090909,1298.3878278758323
Afternoons,LightGBM,19653.161616161615,1298.4256971909927
Afternoons,LightGBM,19948.41414141414,1298.4453119970326
Afternoons,LightGBM,20243.666666666664,1299.4295266000881
Afternoons,LightGBM,20538.91919191919,1297.9387163868348
Afternoons,LightGBM,20834.171717171717,1297.9387163868348
Afternoons,LightGBM,21129.42424242424,1297.9387163868348
Afternoons,LightGBM,21424.676767676767,1297.8943296864857
Afternoons,LightGBM,21719.92929292929,1297.647553504209
Afternoons,LightGBM,22015.181818181816,1297.4477080579463
Afternoons,LightGBM,22310.434343434343,1297.4477080579463
Afternoons,LightGBM,22605.686868686866,1297.4477080579463
Afternoons,LightGBM,22900.939393939392,1296.2212097200568
Afternoons,LightGBM,23196.19191919192,1296.2212097200568
Afternoons,LightGBM,23491.44444444444,1301.7218361951116
Afternoons,LightGBM,23786.696969696968,1301.7218361951116
Afternoons,LightGBM,24081.949494949495,1301.4475792147496
Afternoons,LightGBM,24377.202020202018,1288.4843780219414
Afternoons,LightGBM,24672.454545454544,1288.4843780219414
Afternoons,LightGBM,24967.70707070707,1287.990287652684
Afternoons,LightGBM,25262.959595959594,1301.291032411761
Afternoons,LightGBM,25558.21212121212,1301.291032411761
Afternoons,LightGBM,25853.464646464643,1301.291032411761
Afternoons,LightGBM,26148.71717171717,1306.0816638451943
Afternoons,LightGBM,26443.969696969696,1306.0816638451943
Afternoons,LightGBM,26739.22222222222,1306.0816638451943
Afternoons,LightGBM,27034.474747474746,1314.138364828221
Afternoons,LightGBM,27329.727272727272,1314.138364828221
Afternoons,LightGBM,27624.979797979795,1314.138364828221
Afternoons,LightGBM,27920.23232323232,1309.8140438529024
Afternoons,LightGBM,28215.484848484848,1309.8140438529024
Afternoons,LightGBM,28510.73737373737,1309.8140438529024
Afternoons,LightGBM,28805.989898989897,1298.7647289895806
Afternoons,LightGBM,29101.242424242424,1298.7647289895806
Afternoons,LightGBM,29396.494949494947,1314.9214374016883
Afternoons,LightGBM,29691.747474747473,1314.9214374016883
Afternoons,LightGBM,29987.0,1314.9214374016883
Afternoons,XGBoost,757.0,1169.5506591796875
Afternoons,XGBoost,1052.2525252525252,1178.4337158203125
Afternoons,XGBoost,1347.5050505050503,1178.4671630859375
Afternoons,XGBoost,1642.7575757575758,1178.4671630859375
Afternoons,XGBoost,1938.010101010101,1178.3311767578125
Afternoons,XGBoost,2233.2626262626263,1178.3311767578125
Afternoons,XGBoost,2528.5151515151515,1178.3311767578125
Afternoons,XGBoost,2823.7676767676767,1178.3311767578125
Afternoons,XGBoost,3119.020202020202,1188.0579833984375
Afternoons,XGBoost,3414.272727272727,1188.0579833984375
Afternoons,XGBoost,3709.525252525252,1188.0579833984375
Afternoons,XGBoost,4004.7777777777774,1188.0579833984375
Afternoons,XGBoost,4300.030303030303,1188.0579833984375
Afternoons,XGBoost,4595.282828282829,1188.0579833984375
Afternoons,XGBoost,4890.535353535353,1188.6549072265625
Afternoons,XGBoost,5185.787878787878,1188.6549072265625
Afternoons,XGBoost,5481.040404040404,1188.6549072265625
Afternoons,XGBoost,5776.292929292929,1188.6549072265625
Afternoons,XGBoost,6071.545454545454,1193.9571533203125
Afternoons,XGBoost,6366.79797979798,1192.8475341796875
Afternoons,XGBoost,6662.050505050504,1180.733154296875
Afternoons,XGBoost,6957.30303030303,1183.80615234375
Afternoons,XGBoost,7252.555555555555,1183.80615234375
Afternoons,XGBoost,7547.80808080808,1185.8970947265625
Afternoons,XGBoost,7843.060606060606,1185.8970947265625
Afternoons,XGBoost,8138.313131313131,1186.1656494140625
Afternoons,XGBoost,8433.565656565657,1192.2755126953125
Afternoons,XGBoost,8728.81818181818,1189.939453125
Afternoons,XGBoost,9024.070707070707,1176.190673828125
Afternoons,XGBoost,9319.323232323231,1182.881103515625
Afternoons,XGBoost,9614.575757575756,1193.685302734375
Afternoons,XGBoost,9909.828282828283,1193.8848876953125
Afternoons,XGBoost,10205.080808080807,1202.103515625
Afternoons,XGBoost,10500.333333333332,1224.8948974609375
Afternoons,XGBoost,10795.585858585859,1234.6583251953125
Afternoons,XGBoost,11090.838383838383,1237.212646484375
Afternoons,XGBoost,11386.090909090908,1240.057373046875
Afternoons,XGBoost,11681.343434343433,1235.31640625
Afternoons,XGBoost,11976.59595959596,1244.7022705078125
Afternoons,XGBoost,12271.848484848484,1244.42041015625
Afternoons,XGBoost,12567.101010101009,1247.0052490234375
Afternoons,XGBoost,12862.353535353535,1245.3248291015625
Afternoons,XGBoost,13157.60606060606,1250.63427734375
Afternoons,XGBoost,13452.858585858585,1250.7139892578125
Afternoons,XGBoost,13748.11111111111,1249.7474365234375
Afternoons,XGBoost,14043.363636363636,1253.1207275390625
Afternoons,XGBoost,14338.61616161616,1252.964599609375
Afternoons,XGBoost,14633.868686868685,1272.7349853515625
Afternoons,XGBoost,14929.121212121212,1273.3369140625
Afternoons,XGBoost,15224.373737373737,1273.5888671875
Afternoons,XGBoost,15519.626262626261,1274.303466796875
Afternoons,XGBoost,15814.878787878786,1276.1357421875
Afternoons,XGBoost,16110.131313131313,1276.1400146484375
Afternoons,XGBoost,16405.383838383837,1276.35888671875
Afternoons,XGBoost,16700.63636363636,1276.1915283203125
Afternoons,XGBoost,16995.888888888887,1276.8116455078125
Afternoons,XGBoost,17291.141414141413,1276.76953125
Afternoons,XGBoost,17586.39393939394,1276.76953125
Afternoons,XGBoost,17881.646464646463,1276.1546630859375
Afternoons,XGBoost,18176.89898989899,1276.1546630859375
Afternoons,XGBoost,18472.151515151512,1276.1546630859375
Afternoons,XGBoost,18767.40404040404,1276.1546630859375
Afternoons,XGBoost,19062.656565656565,1277.2947998046875
Afternoons,XGBoost,19357.90909090909,1277.629150390625
Afternoons,XGBoost,19653.161616161615,1277.629150390625
Afternoons,XGBoost,19948.41414141414,1277.629150390625
Afternoons,XGBoost,20243.666666666664,1278.9393310546875
Afternoons,XGBoost,20538.91919191919,1278.59619140625
Afternoons,XGBoost,20834.171717171717,1278.625732421875
Afternoons,XGBoost,21129.42424242424,1278.625732421875
Afternoons,XGBoost,21424.676767676767,1280.633056640625
Afternoons,XGBoost,21719.92929292929,1280.633056640625
Afternoons,XGBoost,22015.181818181816,1280.633056640625
Afternoons,XGBoost,22310.434343434343,1280.0853271484375
Afternoons,XGBoost,22605.686868686866,1280.0853271484375
Afternoons,XGBoost,22900.939393939392,1280.0853271484375
Afternoons,XGBoost,23196.19191919192,1280.0853271484375
Afternoons,XGBoost,23491.44444444444,1280.0853271484375
Afternoons,XGBoost,23786.696969696968,1280.9459228515625
Afternoons,XGBoost,24081.949494949495,1280.9459228515625
Afternoons,XGBoost,24377.202020202018,1280.9459228515625
Afternoons,XGBoost,24672.454545454544,1280.8253173828125
Afternoons,XGBoost,24967.70707070707,1281.3441162109375
Afternoons,XGBoost,25262.959595959594,1281.3555908203125
Afternoons,XGBoost,25558.21212121212,1281.3555908203125
Afternoons,XGBoost,25853.464646464643,1282.000732421875
Afternoons,XGBoost,26148.71717171717,1282.000732421875
Afternoons,XGBoost,26443.969696969696,1282.000732421875
Afternoons,XGBoost,26739.22222222222,1282.000732421875
Afternoons,XGBoost,27034.474747474746,1282.38427734375
Afternoons,XGBoost,27329.727272727272,1282.38427734375
Afternoons,XGBoost,27624.979797979795,1282.38427734375
Afternoons,XGBoost,27920.23232323232,1282.38427734375
Afternoons,XGBoost,28215.484848484848,1282.38427734375
Afternoons,XGBoost,28510.73737373737,1282.38427734375
Afternoons,XGBoost,28805.989898989897,1282.38427734375
Afternoons,XGBoost,29101.242424242424,1282.38427734375
Afternoons,XGBoost,29396.494949494947,1282.713134765625
Afternoons,XGBoost,29691.747474747473,1282.713134765625
Afternoons,XGBoost,29987.0,1282.713134765625
Evenings,CatBoost,757.0,457.1794471921474
Evenings,CatBoost,1052.2525252525252,463.45240294064996
Evenings,CatBoost,1347.5050505050503,463.45240294064996
Evenings,CatBoost,1642.7575757575758,461.9214156865776
Evenings,CatBoost,1938.010101010101,461.9214156865776
Evenings,CatBoost,2233.2626262626263,461.9214156865776
Evenings,CatBoost,2528.5151515151515,461.9214156865776
Evenings,CatBoost,2823.7676767676767,462.21513000905065
Evenings,CatBoost,3119.020202020202,462.21513000905065
Evenings,CatBoost,3414.272727272727,462.21513000905065
Evenings,CatBoost,3709.525252525252,462.21513000905065
Evenings,CatBoost,4004.7777777777774,462.21513000905065
Evenings,CatBoost,4300.030303030303,462.21513000905065
Evenings,CatBoost,4595.282828282829,462.21513000905065
Evenings,CatBoost,4890.535353535353,462.21513000905065
Evenings,CatBoost,5185.787878787878,462.21513000905065
Evenings,CatBoost,5481.040404040404,462.21513000905065
Evenings,CatBoost,5776.292929292929,462.21513000905065
Evenings,CatBoost,6071.545454545454,475.3690039204478
Evenings,CatBoost,6366.79797979798,481.4285470091819
Evenings,CatBoost,6662.050505050504,481.4993482886939
Evenings,CatBoost,6957.30303030303,477.78734969697643
Evenings,CatBoost,7252.555555555555,477.78734969697643
Evenings,CatBoost,7547.80808080808,477.78734969697643
Evenings,CatBoost,7843.060606060606,477.78734969697643
Evenings,CatBoost,8138.313131313131,477.78734969697643
Evenings,CatBoost,8433.565656565657,477.3635238765603
Evenings,CatBoost,8728.81818181818,477.40907375835275
Evenings,CatBoost,9024.070707070707,478.62188229015106
Evenings,CatBoost,9319.323232323231,476.6318010380757
Evenings,CatBoost,9614.575757575756,478.41494138511973
Evenings,CatBoost,9909.828282828283,497.12513094065037
Evenings,CatBoost,10205.080808080807,515.6197128528404
Evenings,CatBoost,10500.333333333332,533.5640996880928
Evenings,CatBoost,10795.585858585859,549.3327805139763
Evenings,CatBoost,11090.838383838383,553.536116720465
Evenings,CatBoost,11386.090909090908,561.7600742416104
Evenings,CatBoost,11681.343434343433,567.7017960508797
Evenings,CatBoost,11976.59595959596,569.2856440441118
Evenings,CatBoost,12271.848484848484,568.8242541275143
Evenings,CatBoost,12567.101010101009,571.6667069751197
Evenings,CatBoost,12862.353535353535,571.2877995395319
Evenings,CatBoost,13157.60606060606,571.4458916992078
Evenings,CatBoost,13452.858585858585,574.0856345323101
Evenings,CatBoost,13748.11111111111,574.0490591374332
Evenings,CatBoost,14043.363636363636,573.4305877802504
Evenings,CatBoost,14338.61616161616,573.4702139127986
Evenings,CatBoost,14633.868686868685,573.4702139127986
Evenings,CatBoost,14929.121212121212,592.6444716804285
Evenings,CatBoost,15224.373737373737,571.9021780903336
Evenings,CatBoost,15519.626262626261,571.7925034491475
Evenings,CatBoost,15814.878787878786,571.7925034491475
Evenings,CatBoost,16110.131313131313,570.2188185283264
Evenings,CatBoost,16405.383838383837,570.0337056127715
Evenings,CatBoost,16700.63636363636,564.5343459309098
Evenings,CatBoost,16995.888888888887,574.4351952846308
Evenings,CatBoost,17291.141414141413,574.8390571728563
Evenings,CatBoost,17586.39393939394,574.5916814629618
Evenings,CatBoost,17881.646464646463,574.5916814629618
Evenings,CatBoost,18176.89898989899,574.4046929032806
Evenings,CatBoost,18472.151515151512,574.4046929032806
Evenings,CatBoost,18767.40404040404,569.9475398439381
Evenings,CatBoost,19062.656565656565,569.9475398439381
Evenings,CatBoost,19357.90909090909,569.9607449720199
Evenings,CatBoost,19653.161616161615,569.9607449720199
Evenings,CatBoost,19948.41414141414,569.9607449720199
Evenings,CatBoost,20243.666666666664,569.9607449720199
Evenings,CatBoost,20538.91919191919,569.9607449720199
Evenings,CatBoost,20834.171717171717,569.9607449720199
Evenings,CatBoost,21129.42424242424,569.9607449720199
Evenings,CatBoost,21424.676767676767,569.9607449720199
Evenings,CatBoost,21719.92929292929,569.929617482987
Evenings,CatBoost,22015.181818181816,569.929617482987
Evenings,CatBoost,22310.434343434343,569.929617482987
Evenings,CatBoost,22605.686868686866,569.7307714489408
Evenings,CatBoost,22900.939393939392,548.3056348458904
Evenings,CatBoost,23196.19191919192,548.3056348458904
Evenings,CatBoost,23491.44444444444,565.3076255319302
Evenings,CatBoost,23786.696969696968,565.3076255319302
Evenings,CatBoost,24081.949494949495,565.3076255319302
Evenings,CatBoost,24377.202020202018,565.3076255319302
Evenings,CatBoost,24672.454545454544,565.3076255319302
Evenings,CatBoost,24967.70707070707,567.5043902455487
Evenings,CatBoost,25262.959595959594,567.4972595158548
Evenings,CatBoost,25558.21212121212,567.9125147882974
Evenings,CatBoost,25853.464646464643,567.9125147882974
Evenings,CatBoost,26148.71717171717,567.9125147882974
Evenings,CatBoost,26443.969696969696,567.9125147882974
Evenings,CatBoost,26739.22222222222,567.9125147882974
Evenings,CatBoost,27034.474747474746,567.9775139402406
Evenings,CatBoost,27329.727272727272,567.8940298342342
Evenings,CatBoost,27624.979797979795,567.8940298342342
Evenings,CatBoost,27920.23232323232,567.8940298342342
Evenings,CatBoost,28215.484848484848,567.8940298342342
Evenings,CatBoost,28510.73737373737,567.8940298342342
Evenings,CatBoost,28805.989898989897,567.8940298342342
Evenings,CatBoost,29101.242424242424,567.8940298342342
Evenings,CatBoost,29396.494949494947,630.4209195086621
Evenings,CatBoost,29691.747474747473,630.4209195086621
Evenings,CatBoost,29987.0,630.4209195086621
Evenings,LightGBM,757.0,456.1297394396386
Evenings,LightGBM,1052.2525252525252,456.1297394396386
Evenings,LightGBM,1347.5050505050503,456.1297394396386
Evenings,LightGBM,1642.7575757575758,456.1297394396386
Evenings,LightGBM,1938.010101010101,456.1297394396386
Evenings,LightGBM,2233.2626262626263,456.1297394396386
Evenings,LightGBM,2528.5151515151515,456.1297394396386
Evenings,LightGBM,2823.7676767676767,456.1297394396386
Evenings,LightGBM,3119.020202020202,458.9291203989466
Evenings,LightGBM,3414.272727272727,458.801318134959
Evenings,LightGBM,3709.525252525252,458.801318134959
Evenings,LightGBM,4004.7777777777774,458.801318134959
Evenings,LightGBM,4300.030303030303,458.801318134959
Evenings,LightGBM,4595.282828282829,458.801318134959
Evenings,LightGBM,4890.535353535353,458.801318134959
Evenings,LightGBM,5185.787878787878,458.801318134959
Evenings,LightGBM,5481.040404040404,458.801318134959
Evenings,LightGBM,5776.292929292929,458.801318134959
Evenings,LightGBM,6071.545454545454,469.69071497579915
Evenings,LightGBM,6366.79797979798,470.8850317849656
Evenings,LightGBM,6662.050505050504,470.8850317849656
Evenings,LightGBM,6957.30303030303,469.95006672492065
Evenings,LightGBM,7252.555555555555,469.95006672492065
Evenings,LightGBM,7547.80808080808,469.95006672492065
Evenings,LightGBM,7843.060606060606,470.03110097299253
Evenings,LightGBM,8138.313131313131,470.4448711498879
Evenings,LightGBM,8433.565656565657,470.2952024475276
Evenings,LightGBM,8728.81818181818,471.8111106057006
Evenings,LightGBM,9024.070707070707,471.3331084836039
Evenings,LightGBM,9319.323232323231,471.17276278451754
Evenings,LightGBM,9614.575757575756,472.8702299810524
Evenings,LightGBM,9909.828282828283,472.5980811878338
Evenings,LightGBM,10205.080808080807,523.7111370769978
Evenings,LightGBM,10500.333333333332,542.3671163029938
Evenings,LightGBM,10795.585858585859,545.9540307352978
Evenings,LightGBM,11090.838383838383,549.7315703537909
Evenings,LightGBM,11386.090909090908,554.6145041709788
Evenings,LightGBM,11681.343434343433,558.0742354731817
Evenings,LightGBM,11976.59595959596,560.2834895512146
Evenings,LightGBM,12271.848484848484,560.2838749384704
Evenings,LightGBM,12567.101010101009,559.9489728633193
Evenings,LightGBM,12862.353535353535,563.4674194074515
Evenings,LightGBM,13157.60606060606,566.9825491063856
Evenings,LightGBM,13452.858585858585,566.996350662897
Evenings,LightGBM,13748.11111111111,565.4666813767118
Evenings,LightGBM,14043.363636363636,566.6070019079964
Evenings,LightGBM,14338.61616161616,566.717206960725
Evenings,LightGBM,14633.868686868685,566.6676213190601
Evenings,LightGBM,14929.121212121212,569.8441589717862
Evenings,LightGBM,15224.373737373737,570.2741924685648
Evenings,LightGBM,15519.626262626261,558.4449688979249
Evenings,LightGBM,15814.878787878786,558.4189365615636
Evenings,LightGBM,16110.131313131313,561.4790172463901
Evenings,LightGBM,16405.383838383837,557.6697444144193
Evenings,LightGBM,16700.63636363636,553.493378060918
Evenings,LightGBM,16995.888888888887,562.6946988109415
Evenings,LightGBM,17291.141414141413,570.8271320427561
Evenings,LightGBM,17586.39393939394,569.731066254478
Evenings,LightGBM,17881.646464646463,571.3730912211317
Evenings,LightGBM,18176.89898989899,573.8000249102722
Evenings,LightGBM,18472.151515151512,573.8000249102722
Evenings,LightGBM,18767.40404040404,574.9447546017166
Evenings,LightGBM,19062.656565656565,574.9447546017166
Evenings,LightGBM,19357.90909090909,575.0250571685556
Evenings,LightGBM,19653.161616161615,574.9802201433995
Evenings,LightGBM,19948.41414141414,574.9236728917701
Evenings,LightGBM,20243.666666666664,575.0876958157351
Evenings,LightGBM,20538.91919191919,575.844707172611
Evenings,LightGBM,20834.171717171717,575.8335579191747
Evenings,LightGBM,21129.42424242424,575.8335579191747
Evenings,LightGBM,21424.676767676767,575.7637472196964
Evenings,LightGBM,21719.92929292929,575.7637472196964
Evenings,LightGBM,22015.181818181816,576.0554334806689
Evenings,LightGBM,22310.434343434343,576.0554334806689
Evenings,LightGBM,22605.686868686866,576.0554334806689
Evenings,LightGBM,22900.939393939392,576.0381346234677
Evenings,LightGBM,23196.19191919192,576.0381346234677
Evenings,LightGBM,23491.44444444444,576.1225418954582
Evenings,LightGBM,23786.696969696968,576.0643180410163
Evenings,LightGBM,24081.949494949495,576.4750666882945
Evenings,LightGBM,24377.202020202018,576.4750666882945
Evenings,LightGBM,24672.454545454544,576.4750666882945
Evenings,LightGBM,24967.70707070707,576.4802946919494
Evenings,LightGBM,25262.959595959594,586.1057265786295
Evenings,LightGBM,25558.21212121212,586.1057265786295
Evenings,LightGBM,25853.464646464643,586.1057265786295
Evenings,LightGBM,26148.71717171717,586.1057265786295
Evenings,LightGBM,26443.969696969696,586.1057265786295
Evenings,LightGBM,26739.22222222222,586.1057265786295
Evenings,LightGBM,27034.474747474746,586.1057265786295
Evenings,LightGBM,27329.727272727272,586.1057265786295
Evenings,LightGBM,27624.979797979795,586.1057265786295
Evenings,LightGBM,27920.23232323232,583.1752269636977
Evenings,LightGBM,28215.484848484848,583.1752269636977
Evenings,LightGBM,28510.73737373737,583.1752269636977
Evenings,LightGBM,28805.989898989897,583.1752269636977
Evenings,LightGBM,29101.242424242424,583.1752269636977
Evenings,LightGBM,29396.494949494947,587.7894064552221
Evenings,LightGBM,29691.747474747473,587.7894064552221
Evenings,LightGBM,29987.0,587.7894064552221
Evenings,XGBoost,757.0,476.1064453125
Evenings,XGBoost,1052.2525252525252,476.1064453125
Evenings,XGBoost,1347.5050505050503,476.1064453125
Evenings,XGBoost,1642.7575757575758,476.1064453125
Evenings,XGBoost,1938.010101010101,476.1064453125
Evenings,XGBoost,2233.2626262626263,476.1064453125
Evenings,XGBoost,2528.5151515151515,476.1064453125
Evenings,XGBoost,2823.7676767676767,476.1064453125
Evenings,XGBoost,3119.020202020202,476.1282653808594
Evenings,XGBoost,3414.272727272727,476.1282653808594
Evenings,XGBoost,3709.525252525252,473.9591979980469
Evenings,XGBoost,4004.7777777777774,473.9591979980469
Evenings,XGBoost,4300.030303030303,473.9591979980469
Evenings,XGBoost,4595.282828282829,473.9591979980469
Evenings,XGBoost,4890.535353535353,473.9558410644531
Evenings,XGBoost,5185.787878787878,473.9558410644531
Evenings,XGBoost,5481.040404040404,473.9558410644531
Evenings,XGBoost,5776.292929292929,473.9558410644531
Evenings,XGBoost,6071.545454545454,481.0946960449219
Evenings,XGBoost,6366.79797979798,481.0946960449219
Evenings,XGBoost,6662.050505050504,479.8540954589844
Evenings,XGBoost,6957.30303030303,478.7632141113281
Evenings,XGBoost,7252.555555555555,478.7632141113281
Evenings,XGBoost,7547.80808080808,478.7632141113281
Evenings,XGBoost,7843.060606060606,478.7828369140625
Evenings,XGBoost,8138.313131313131,478.70281982421875
Evenings,XGBoost,8433.565656565657,473.63543701171875
Evenings,XGBoost,8728.81818181818,473.5125427246094
Evenings,XGBoost,9024.070707070707,473.77252197265625
Evenings,XGBoost,9319.323232323231,473.5280456542969
Evenings,XGBoost,9614.575757575756,525.424072265625
Evenings,XGBoost,9909.828282828283,524.8856201171875
Evenings,XGBoost,10205.080808080807,525.8657836914062
Evenings,XGBoost,10500.333333333332,539.949951171875
Evenings,XGBoost,10795.585858585859,542.1808471679688
Evenings,XGBoost,11090.838383838383,546.7511596679688
Evenings,XGBoost,11386.090909090908,550.2432250976562
Evenings,XGBoost,11681.343434343433,548.9732055664062
Evenings,XGBoost,11976.59595959596,553.2274169921875
Evenings,XGBoost,12271.848484848484,553.1160888671875
Evenings,XGBoost,12567.101010101009,555.328125
Evenings,XGBoost,12862.353535353535,557.1978759765625
Evenings,XGBoost,13157.60606060606,558.2849731445312
Evenings,XGBoost,13452.858585858585,558.3525390625
Evenings,XGBoost,13748.11111111111,558.2251586914062
Evenings,XGBoost,14043.363636363636,563.0670776367188
Evenings,XGBoost,14338.61616161616,562.9971313476562
Evenings,XGBoost,14633.868686868685,562.1487426757812
Evenings,XGBoost,14929.121212121212,563.0477294921875
Evenings,XGBoost,15224.373737373737,564.1355590820312
Evenings,XGBoost,15519.626262626261,562.5020141601562
Evenings,XGBoost,15814.878787878786,562.5047607421875
Evenings,XGBoost,16110.131313131313,562.4301147460938
Evenings,XGBoost,16405.383838383837,562.1580200195312
Evenings,XGBoost,16700.63636363636,562.4727783203125
Evenings,XGBoost,16995.888888888887,570.4152221679688
Evenings,XGBoost,17291.141414141413,569.3106079101562
Evenings,XGBoost,17586.39393939394,569.3106079101562
Evenings,XGBoost,17881.646464646463,566.8797607421875
Evenings,XGBoost,18176.89898989899,564.6412353515625
Evenings,XGBoost,18472.151515151512,564.6412353515625
Evenings,XGBoost,18767.40404040404,564.6412353515625
Evenings,XGBoost,19062.656565656565,568.1846923828125
Evenings,XGBoost,19357.90909090909,569.2500610351562
Evenings,XGBoost,19653.161616161615,569.2500610351562
Evenings,XGBoost,19948.41414141414,569.4853515625
Evenings,XGBoost,20243.666666666664,572.449951171875
Evenings,XGBoost,20538.91919191919,571.796630859375
Evenings,XGBoost,20834.171717171717,571.796630859375
Evenings,XGBoost,21129.42424242424,572.6224975585938
Evenings,XGBoost,21424.676767676767,578.4749145507812
Evenings,XGBoost,21719.92929292929,578.4749145507812
Evenings,XGBoost,22015.181818181816,578.4749145507812
Evenings,XGBoost,22310.434343434343,578.4749145507812
Evenings,XGBoost,22605.686868686866,578.3352661132812
Evenings,XGBoost,22900.939393939392,578.3352661132812
Evenings,XGBoost,23196.19191919192,578.3352661132812
Evenings,XGBoost,23491.44444444444,578.2456665039062
Evenings,XGBoost,23786.696969696968,578.6659545898438
Evenings,XGBoost,24081.949494949495,579.2674560546875
Evenings,XGBoost,24377.202020202018,579.2674560546875
Evenings,XGBoost,24672.454545454544,579.2674560546875
Evenings,XGBoost,24967.70707070707,579.5480346679688
Evenings,XGBoost,25262.959595959594,580.1883544921875
Evenings,XGBoost,25558.21212121212,580.1883544921875
Evenings,XGBoost,25853.464646464643,583.4189453125
Evenings,XGBoost,26148.71717171717,583.4189453125
Evenings,XGBoost,26443.969696969696,583.4189453125
Evenings,XGBoost,26739.22222222222,583.4189453125
Evenings,XGBoost,27034.474747474746,583.080078125
Evenings,XGBoost,27329.727272727272,580.9769897460938
Evenings,XGBoost,27624.979797979795,580.9769897460938
Evenings,XGBoost,27920.23232323232,580.9769897460938
Evenings,XGBoost,28215.484848484848,580.955078125
Evenings,XGBoost,28510.73737373737,580.955078125
Evenings,XGBoost,28805.989898989897,580.955078125
Evenings,XGBoost,29101.242424242424,580.955078125
Evenings,XGBoost,29396.494949494947,580.955078125
Evenings,XGBoost,29691.747474747473,580.955078125
Evenings,XGBoost,29987.0,580.955078125
Mornings Special,CatBoost,757.0,287.24449687653083
Mornings Special,CatBoost,1052.2525252525252,288.30651317564
Mornings Special,CatBoost,1347.5050505050503,288.68279215671004
Mornings Special,CatBoost,1642.7575757575758,288.6042758923239
Mornings Special,CatBoost,1938.010101010101,288.5826589824597
Mornings Special,CatBoost,2233.2626262626263,288.5826589824597
Mornings Special,CatBoost,2528.5151515151515,288.5826589824597
Mornings Special,CatBoost,2823.7676767676767,288.6867557573423
Mornings Special,CatBoost,3119.020202020202,288.6867557573423
Mornings Special,CatBoost,3414.272727272727,288.6867557573423
Mornings Special,CatBoost,3709.525252525252,288.6867557573423
Mornings Special,CatBoost,4004.7777777777774,288.6867557573423
Mornings Special,CatBoost,4300.030303030303,289.07886854112076
Mornings Special,CatBoost,4595.282828282829,289.07886854112076
Mornings Special,CatBoost,4890.535353535353,289.07886854112076
Mornings Special,CatBoost,5185.787878787878,289.07886854112076
Mornings Special,CatBoost,5481.040404040404,289.07886854112076
Mornings Special,CatBoost,5776.292929292929,289.128144052367
Mornings Special,CatBoost,6071.545454545454,289.59778993860726
Mornings Special,CatBoost,6366.79797979798,289.59778993860726
Mornings Special,CatBoost,6662.050505050504,289.59778993860726
Mornings Special,CatBoost,6957.30303030303,287.7687811989914
Mornings Special,CatBoost,7252.555555555555,288.9414888362684
Mornings Special,CatBoost,7547.80808080808,288.9414888362684
Mornings Special,CatBoost,7843.060606060606,288.9414888362684
Mornings Special,CatBoost,8138.313131313131,288.9414888362684
Mornings Special,CatBoost,8433.565656565657,292.7183786489188
Mornings Special,CatBoost,8728.81818181818,292.7183786489188
Mornings Special,CatBoost,9024.070707070707,291.5574031470617
Mornings Special,CatBoost,9319.323232323231,291.3391952260944
Mornings Special,CatBoost,9614.575757575756,291.3391952260944
Mornings Special,CatBoost,9909.828282828283,290.868546353975
Mornings Special,CatBoost,10205.080808080807,304.92993063731245
Mornings Special,CatBoost,10500.333333333332,308.1571252427678
Mornings Special,CatBoost,10795.585858585859,311.13062639388835
Mornings Special,CatBoost,11090.838383838383,309.5517049666377
Mornings Special,CatBoost,11386.090909090908,310.16040741342016
Mornings Special,CatBoost,11681.343434343433,311.1968546003908
Mornings Special,CatBoost,11976.59595959596,313.4917481825657
Mornings Special,CatBoost,12271.848484848484,319.42615993128436
Mornings Special,CatBoost,12567.101010101009,318.2278148560737
Mornings Special,CatBoost,12862.353535353535,318.1383117489227
Mornings Special,CatBoost,13157.60606060606,317.45490446398713
Mornings Special,CatBoost,13452.858585858585,317.39315106466637
Mornings Special,CatBoost,13748.11111111111,316.9127664213869
Mornings Special,CatBoost,14043.363636363636,317.09518150174426
Mornings Special,CatBoost,14338.61616161616,317.09518150174426
Mornings Special,CatBoost,14633.868686868685,317.0764392703549
Mornings Special,CatBoost,14929.121212121212,317.0764392703549
Mornings Special,CatBoost,15224.373737373737,314.94598712296204
Mornings Special,CatBoost,15519.626262626261,309.89848235930066
Mornings Special,CatBoost,15814.878787878786,311.56957583557204
Mornings Special,CatBoost,16110.131313131313,311.56957583557204
Mornings Special,CatBoost,16405.383838383837,311.87294645329445
Mornings Special,CatBoost,16700.63636363636,311.02878193102123
Mornings Special,CatBoost,16995.888888888887,323.8421489120165
Mornings Special,CatBoost,17291.141414141413,325.2516137255148
Mornings Special,CatBoost,17586.39393939394,325.2516137255148
Mornings Special,CatBoost,17881.646464646463,325.2516137255148
Mornings Special,CatBoost,18176.89898989899,325.2516137255148
Mornings Special,CatBoost,18472.151515151512,325.2516137255148
Mornings Special,CatBoost,18767.40404040404,325.2516137255148
Mornings Special,CatBoost,19062.656565656565,325.2516137255148
Mornings Special,CatBoost,19357.90909090909,323.8663972825251
Mornings Special,CatBoost,19653.161616161615,323.8663972825251
Mornings Special,CatBoost,19948.41414141414,323.8663972825251
Mornings Special,CatBoost,20243.666666666664,323.8663972825251
Mornings Special,CatBoost,20538.91919191919,323.8663972825251
Mornings Special,CatBoost,20834.171717171717,323.8663972825251
Mornings Special,CatBoost,21129.42424242424,324.2061313015836
Mornings Special,CatBoost,21424.676767676767,324.2061313015836
Mornings Special,CatBoost,21719.92929292929,324.1019915757692
Mornings Special,CatBoost,22015.181818181816,324.1019915757692
Mornings Special,CatBoost,22310.434343434343,324.1019915757692
Mornings Special,CatBoost,22605.686868686866,324.1019915757692
Mornings Special,CatBoost,22900.939393939392,323.9369116967011
Mornings Special,CatBoost,23196.19191919192,323.9369116967011
Mornings Special,CatBoost,23491.44444444444,323.9369116967011
Mornings Special,CatBoost,23786.696969696968,323.9369116967011
Mornings Special,CatBoost,24081.949494949495,323.84069113306714
Mornings Special,CatBoost,24377.202020202018,323.98421344516703
Mornings Special,CatBoost,24672.454545454544,323.98421344516703
Mornings Special,CatBoost,24967.70707070707,322.0003881215921
Mornings Special,CatBoost,25262.959595959594,321.08241005680554
Mornings Special,CatBoost,25558.21212121212,321.08241005680554
Mornings Special,CatBoost,25853.464646464643,321.08241005680554
Mornings Special,CatBoost,26148.71717171717,321.08241005680554
Mornings Special,CatBoost,26443.969696969696,321.08241005680554
Mornings Special,CatBoost,26739.22222222222,321.08241005680554
Mornings Special,CatBoost,27034.474747474746,327.9804024641379
Mornings Special,CatBoost,27329.727272727272,317.27258684692185
Mornings Special,CatBoost,27624.979797979795,317.27258684692185
Mornings Special,CatBoost,27920.23232323232,315.9533043589199
Mornings Special,CatBoost,28215.484848484848,315.9533043589199
Mornings Special,CatBoost,28510.73737373737,314.56296003582344
Mornings Special,CatBoost,28805.989898989897,314.56296003582344
Mornings Special,CatBoost,29101.242424242424,314.56296003582344
Mornings Special,CatBoost,29396.494949494947,339.46850609974535
Mornings Special,CatBoost,29691.747474747473,339.46850609974535
Mornings Special,CatBoost,29987.0,339.46850609974535
Mornings Special,LightGBM,757.0,235.71818095615038
Mornings Special,LightGBM,1052.2525252525252,273.3703887006923
Mornings Special,LightGBM,1347.5050505050503,241.25878565705133
Mornings Special,LightGBM,1642.7575757575758,301.10134191360845
Mornings Special,LightGBM,1938.010101010101,273.3898724705499
Mornings Special,LightGBM,2233.2626262626263,246.14696789933413
Mornings Special,LightGBM,2528.5151515151515,246.14696789933413
Mornings Special,LightGBM,2823.7676767676767,248.9679917546211
Mornings Special,LightGBM,3119.020202020202,252.39209015602665
Mornings Special,LightGBM,3414.272727272727,253.9253546375536
Mornings Special,LightGBM,3709.525252525252,253.9253546375536
Mornings Special,LightGBM,4004.7777777777774,253.9253546375536
Mornings Special,LightGBM,4300.030303030303,264.0145220411756
Mornings Special,LightGBM,4595.282828282829,264.0145220411756
Mornings Special,LightGBM,4890.535353535353,264.0145220411756
Mornings Special,LightGBM,5185.787878787878,250.73724157232996
Mornings Special,LightGBM,5481.040404040404,250.73724157232996
Mornings Special,LightGBM,5776.292929292929,250.73724157232996
Mornings Special,LightGBM,6071.545454545454,272.5859127020941
Mornings Special,LightGBM,6366.79797979798,272.581975490611
Mornings Special,LightGBM,6662.050505050504,273.00645630037235
Mornings Special,LightGBM,6957.30303030303,275.2700109440308
Mornings Special,LightGBM,7252.555555555555,275.06825915339374
Mornings Special,LightGBM,7547.80808080808,275.1197653167309
Mornings Special,LightGBM,7843.060606060606,275.1197653167309
Mornings Special,LightGBM,8138.313131313131,274.12508749956595
Mornings Special,LightGBM,8433.565656565657,277.58694517941495
Mornings Special,LightGBM,8728.81818181818,278.29791518575144
Mornings Special,LightGBM,9024.070707070707,277.05864204451257
Mornings Special,LightGBM,9319.323232323231,281.07102025788396
Mornings Special,LightGBM,9614.575757575756,290.16000978305885
Mornings Special,LightGBM,9909.828282828283,279.93124082788654
Mornings Special,LightGBM,10205.080808080807,288.2405061112586
Mornings Special,LightGBM,10500.333333333332,278.95220740481085
Mornings Special,LightGBM,10795.585858585859,301.37079064546197
Mornings Special,LightGBM,11090.838383838383,305.65500498371523
Mornings Special,LightGBM,11386.090909090908,304.12558519412784
Mornings Special,LightGBM,11681.343434343433,302.2924729725654
Mornings Special,LightGBM,11976.59595959596,317.434684189399
Mornings Special,LightGBM,12271.848484848484,314.5848062089277
Mornings Special,LightGBM,12567.101010101009,316.72784983988754
Mornings Special,LightGBM,12862.353535353535,319.2382040670549
Mornings Special,LightGBM,13157.60606060606,327.50438314401305
Mornings Special,LightGBM,13452.858585858585,327.08857378942474
Mornings Special,LightGBM,13748.11111111111,311.97630002645036
Mornings Special,LightGBM,14043.363636363636,315.048570253225
Mornings Special,LightGBM,14338.61616161616,324.78369735421967
Mornings Special,LightGBM,14633.868686868685,342.57792003984946
Mornings Special,LightGBM,14929.121212121212,331.79439069039915
Mornings Special,LightGBM,15224.373737373737,327.9728568111483
Mornings Special,LightGBM,15519.626262626261,304.6200236135695
Mornings Special,LightGBM,15814.878787878786,312.07311497444044
Mornings Special,LightGBM,16110.131313131313,314.2956211582113
Mornings Special,LightGBM,16405.383838383837,322.87130433709547
Mornings Special,LightGBM,16700.63636363636,309.6353957862465
Mornings Special,LightGBM,16995.888888888887,326.0189877515513
Mornings Special,LightGBM,17291.141414141413,328.86155629629724
Mornings Special,LightGBM,17586.39393939394,328.8409401697544
Mornings Special,LightGBM,17881.646464646463,328.1777636614963
Mornings Special,LightGBM,18176.89898989899,329.1124585954689
Mornings Special,LightGBM,18472.151515151512,329.1124585954689
Mornings Special,LightGBM,18767.40404040404,328.6081847560297
Mornings Special,LightGBM,19062.656565656565,328.6081847560297
Mornings Special,LightGBM,19357.90909090909,326.4651498743584
Mornings Special,LightGBM,19653.161616161615,326.86274162769735
Mornings Special,LightGBM,19948.41414141414,310.6570882676198
Mornings Special,LightGBM,20243.666666666664,310.0233150224722
Mornings Special,LightGBM,20538.91919191919,310.0426152883335
Mornings Special,LightGBM,20834.171717171717,310.0426152883335
Mornings Special,LightGBM,21129.42424242424,310.0426152883335
Mornings Special,LightGBM,21424.676767676767,310.0426152883335
Mornings Special,LightGBM,21719.92929292929,309.921750948847
Mornings Special,LightGBM,22015.181818181816,309.9463997568407
Mornings Special,LightGBM,22310.434343434343,309.9463997568407
Mornings Special,LightGBM,22605.686868686866,309.9463997568407
Mornings Special,LightGBM,22900.939393939392,308.3467719923913
Mornings Special,LightGBM,23196.19191919192,308.3467719923913
Mornings Special,LightGBM,23491.44444444444,308.24186983747074
Mornings Special,LightGBM,23786.696969696968,307.2611254500432
Mornings Special,LightGBM,24081.949494949495,308.17572504255196
Mornings Special,LightGBM,24377.202020202018,300.7323684792623
Mornings Special,LightGBM,24672.454545454544,300.85957614986756
Mornings Special,LightGBM,24967.70707070707,296.4232125482902
Mornings Special,LightGBM,25262.959595959594,296.27143159500645
Mornings Special,LightGBM,25558.21212121212,296.27143159500645
Mornings Special,LightGBM,25853.464646464643,296.27143159500645
Mornings Special,LightGBM,26148.71717171717,292.49666310789917
Mornings Special,LightGBM,26443.969696969696,292.49666310789917
Mornings Special,LightGBM,26739.22222222222,292.49666310789917
Mornings Special,LightGBM,27034.474747474746,304.0359956228829
Mornings Special,LightGBM,27329.727272727272,304.0359956228829
Mornings Special,LightGBM,27624.979797979795,304.0359956228829
Mornings Special,LightGBM,27920.23232323232,298.6515311945491
Mornings Special,LightGBM,28215.484848484848,299.03251132747516
Mornings Special,LightGBM,28510.73737373737,295.9972800935199
Mornings Special,LightGBM,28805.989898989897,296.48057987025936
Mornings Special,LightGBM,29101.242424242424,296.48057987025936
Mornings Special,LightGBM,29396.494949494947,299.2163811077085
Mornings Special,LightGBM,29691.747474747473,299.2163811077085
Mornings Special,LightGBM,29987.0,299.2163811077085
Lunches Special,CatBoost,757.0,852.2195950875886
Lunches Special,CatBoost,1052.2525252525252,856.2957720755321
Lunches Special,CatBoost,1347.5050505050503,829.5788946470241
Lunches Special,CatBoost,1642.7575757575758,829.2511501609097
Lunches Special,CatBoost,1938.010101010101,827.9519786085298
Lunches Special,CatBoost,2233.2626262626263,801.6068447149244
Lunches Special,CatBoost,2528.5151515151515,801.6068447149244
Lunches Special,CatBoost,2823.7676767676767,823.1478113691559
Lunches Special,CatBoost,3119.020202020202,817.2053435008946
Lunches Special,CatBoost,3414.272727272727,817.2053435008946
Lunches Special,CatBoost,3709.525252525252,817.2053435008946
Lunches Special,CatBoost,4004.7777777777774,817.2053435008946
Lunches Special,CatBoost,4300.030303030303,819.2923848792086
Lunches Special,CatBoost,4595.282828282829,819.2923848792086
Lunches Special,CatBoost,4890.535353535353,819.2923848792086
Lunches Special,CatBoost,5185.787878787878,819.2923848792086
Lunches Special,CatBoost,5481.040404040404,819.2923848792086
Lunches Special,CatBoost,5776.292929292929,819.2923848792086
Lunches Special,CatBoost,6071.545454545454,825.4901801263919
Lunches Special,CatBoost,6366.79797979798,822.8655505480617
Lunches Special,CatBoost,6662.050505050504,822.8655505480617
Lunches Special,CatBoost,6957.30303030303,826.4109493226946
Lunches Special,CatBoost,7252.555555555555,826.1596911910184
Lunches Special,CatBoost,7547.80808080808,826.1596911910184
Lunches Special,CatBoost,7843.060606060606,826.9244099245294
Lunches Special,CatBoost,8138.313131313131,817.5436181819282
Lunches Special,CatBoost,8433.565656565657,848.3012406251916
Lunches Special,CatBoost,8728.81818181818,862.3423370993037
Lunches Special,CatBoost,9024.070707070707,869.4306503704125
Lunches Special,CatBoost,9319.323232323231,873.5674790980448
Lunches Special,CatBoost,9614.575757575756,885.7949565081524
Lunches Special,CatBoost,9909.828282828283,897.2664266899361
Lunches Special,CatBoost,10205.080808080807,924.6297281530597
Lunches Special,CatBoost,10500.333333333332,930.0894125305822
Lunches Special,CatBoost,10795.585858585859,935.3069970718406
Lunches Special,CatBoost,11090.838383838383,988.7549021896252
Lunches Special,CatBoost,11386.090909090908,950.9031936159228
Lunches Special,CatBoost,11681.343434343433,972.3831028636639
Lunches Special,CatBoost,11976.59595959596,990.4164022678574
Lunches Special,CatBoost,12271.848484848484,987.4761430918901
Lunches Special,CatBoost,12567.101010101009,1032.4257871323366
Lunches Special,CatBoost,12862.353535353535,1011.0161365560582
Lunches Special,CatBoost,13157.60606060606,1017.637910773403
Lunches Special,CatBoost,13452.858585858585,1017.8498106534918
Lunches Special,CatBoost,13748.11111111111,1013.4637128153411
Lunches Special,CatBoost,14043.363636363636,1028.2950061048111
Lunches Special,CatBoost,14338.61616161616,1046.5383333953678
Lunches Special,CatBoost,14633.868686868685,1047.4852881588379
Lunches Special,CatBoost,14929.121212121212,1048.05676745848
Lunches Special,CatBoost,15224.373737373737,998.0186105711676
Lunches Special,CatBoost,15519.626262626261,995.8145450557392
Lunches Special,CatBoost,15814.878787878786,1007.3769906846463
Lunches Special,CatBoost,16110.131313131313,1007.3769906846463
Lunches Special,CatBoost,16405.383838383837,1017.3602060504882
Lunches Special,CatBoost,16700.63636363636,1001.9038093406933
Lunches Special,CatBoost,16995.888888888887,999.7591783763561
Lunches Special,CatBoost,17291.141414141413,1030.425942918959
Lunches Special,CatBoost,17586.39393939394,1010.5898381313258
Lunches Special,CatBoost,17881.646464646463,1010.5898381313258
Lunches Special,CatBoost,18176.89898989899,1010.7670996154161
Lunches Special,CatBoost,18472.151515151512,1010.7670996154161
Lunches Special,CatBoost,18767.40404040404,1010.1901384834129
Lunches Special,CatBoost,19062.656565656565,1010.1901384834129
Lunches Special,CatBoost,19357.90909090909,1010.0880234663435
Lunches Special,CatBoost,19653.161616161615,1011.2713135436195
Lunches Special,CatBoost,19948.41414141414,1011.7183497320844
Lunches Special,CatBoost,20243.666666666664,1012.708520362068
Lunches Special,CatBoost,20538.91919191919,1012.9258510409618
Lunches Special,CatBoost,20834.171717171717,1012.9258510409618
Lunches Special,CatBoost,21129.42424242424,1012.9258510409618
Lunches Special,CatBoost,21424.676767676767,1012.9258510409618
Lunches Special,CatBoost,21719.92929292929,1012.9258510409618
Lunches Special,CatBoost,22015.181818181816,1012.9258510409618
Lunches Special,CatBoost,22310.434343434343,1012.9258510409618
Lunches Special,CatBoost,22605.686868686866,1012.8734929491328
Lunches Special,CatBoost,22900.939393939392,1012.5740921741892
Lunches Special,CatBoost,23196.19191919192,1012.5740921741892
Lunches Special,CatBoost,23491.44444444444,1012.5740921741892
Lunches Special,CatBoost,23786.696969696968,1013.5202661878099
Lunches Special,CatBoost,24081.949494949495,1016.9686908019377
Lunches Special,CatBoost,24377.202020202018,1018.5541885145484
Lunches Special,CatBoost,24672.454545454544,1018.5541885145484
Lunches Special,CatBoost,24967.70707070707,1019.0408249848884
Lunches Special,CatBoost,25262.959595959594,1015.6778925595979
Lunches Special,CatBoost,25558.21212121212,1018.5148552456772
Lunches Special,CatBoost,25853.464646464643,1018.5148552456772
Lunches Special,CatBoost,26148.71717171717,1018.5148552456772
Lunches Special,CatBoost,26443.969696969696,1018.5148552456772
Lunches Special,CatBoost,26739.22222222222,1018.5148552456772
Lunches Special,CatBoost,27034.474747474746,1035.9104462932953
Lunches Special,CatBoost,27329.727272727272,1032.7489333520216
Lunches Special,CatBoost,27624.979797979795,1032.7489333520216
Lunches Special,CatBoost,27920.23232323232,1009.9981498418414
Lunches Special,CatBoost,28215.484848484848,1008.7938437275404
Lunches Special,CatBoost,28510.73737373737,1005.8104130498326
Lunches Special,CatBoost,28805.989898989897,1005.8104130498326
Lunches Special,CatBoost,29101.242424242424,1005.8104130498326
Lunches Special,CatBoost,29396.494949494947,1068.302036925869
Lunches Special,CatBoost,29691.747474747473,1068.302036925869
Lunches Special,CatBoost,29987.0,1068.302036925869
Lunches Special,LightGBM,757.0,912.0833208959672
Lunches Special,LightGBM,1052.2525252525252,912.0833208959672
Lunches Special,LightGBM,1347.5050505050503,879.5516451855668
Lunches Special,LightGBM,1642.7575757575758,877.1354870306726
Lunches Special,LightGBM,1938.010101010101,884.0405797254697
Lunches Special,LightGBM,2233.2626262626263,883.2953276690927
Lunches Special,LightGBM,2528.5151515151515,883.2953276690927
Lunches Special,LightGBM,2823.7676767676767,883.2912576806428
Lunches Special,LightGBM,3119.020202020202,870.7588779213083
Lunches Special,LightGBM,3414.272727272727,870.4174630980567
Lunches Special,LightGBM,3709.525252525252,870.4174630980567
Lunches Special,LightGBM,4004.7777777777774,870.4174630980567
Lunches Special,LightGBM,4300.030303030303,872.5669675207618
Lunches Special,LightGBM,4595.282828282829,872.5669675207618
Lunches Special,LightGBM,4890.535353535353,872.5669675207618
Lunches Special,LightGBM,5185.787878787878,872.9113230137264
Lunches Special,LightGBM,5481.040404040404,872.9113230137264
Lunches Special,LightGBM,5776.292929292929,872.9113230137264
Lunches Special,LightGBM,6071.545454545454,873.5732383972054
Lunches Special,LightGBM,6366.79797979798,876.3262033016981
Lunches Special,LightGBM,6662.050505050504,881.0467554510697
Lunches Special,LightGBM,6957.30303030303,881.693691718076
Lunches Special,LightGBM,7252.555555555555,881.693691718076
Lunches Special,LightGBM,7547.80808080808,881.693691718076
Lunches Special,LightGBM,7843.060606060606,881.8941988768661
Lunches Special,LightGBM,8138.313131313131,881.5000257078592
Lunches Special,LightGBM,8433.565656565657,888.5596482192568
Lunches Special,LightGBM,8728.81818181818,901.8722902701433
Lunches Special,LightGBM,9024.070707070707,932.4938162582272
Lunches Special,LightGBM,9319.323232323231,937.5796134500066
Lunches Special,LightGBM,9614.575757575756,938.6406687735184
Lunches Special,LightGBM,9909.828282828283,932.8321796662183
Lunches Special,LightGBM,10205.080808080807,942.0535265292895
Lunches Special,LightGBM,10500.333333333332,943.3367947284502
Lunches Special,LightGBM,10795.585858585859,976.1267803173115
Lunches Special,LightGBM,11090.838383838383,993.7982150938026
Lunches Special,LightGBM,11386.090909090908,968.3787073614559
Lunches Special,LightGBM,11681.343434343433,1021.7815011387006
Lunches Special,LightGBM,11976.59595959596,1004.6356477909977
Lunches Special,LightGBM,12271.848484848484,1003.042104641628
Lunches Special,LightGBM,12567.101010101009,1021.1187288715287
Lunches Special,LightGBM,12862.353535353535,1020.9959788651194
Lunches Special,LightGBM,13157.60606060606,1025.5302813923233
Lunches Special,LightGBM,13452.858585858585,1025.93620771232
Lunches Special,LightGBM,13748.11111111111,1026.8679089224072
Lunches Special,LightGBM,14043.363636363636,1036.7583921893695
Lunches Special,LightGBM,14338.61616161616,1035.2113452100664
Lunches Special,LightGBM,14633.868686868685,1034.5078683224826
Lunches Special,LightGBM,14929.121212121212,1038.4823477377886
Lunches Special,LightGBM,15224.373737373737,1036.131642655092
Lunches Special,LightGBM,15519.626262626261,1027.256192759749
Lunches Special,LightGBM,15814.878787878786,1027.6580203873098
Lunches Special,LightGBM,16110.131313131313,1027.8622199975962
Lunches Special,LightGBM,16405.383838383837,1028.6663655279272
Lunches Special,LightGBM,16700.63636363636,1016.9873515823683
Lunches Special,LightGBM,16995.888888888887,1020.3450909143805
Lunches Special,LightGBM,17291.141414141413,1043.780794934845
Lunches Special,LightGBM,17586.39393939394,1024.173206298546
Lunches Special,LightGBM,17881.646464646463,1024.8120174667883
Lunches Special,LightGBM,18176.89898989899,1034.3978836331667
Lunches Special,LightGBM,18472.151515151512,1034.3978836331667
Lunches Special,LightGBM,18767.40404040404,1034.0434701553145
Lunches Special,LightGBM,19062.656565656565,1034.0434701553145
Lunches Special,LightGBM,19357.90909090909,1034.2949872989718
Lunches Special,LightGBM,19653.161616161615,1033.9180497465818
Lunches Special,LightGBM,19948.41414141414,1031.1771155837812
Lunches Special,LightGBM,20243.666666666664,1030.8856703007375
Lunches Special,LightGBM,20538.91919191919,1031.396610256037
Lunches Special,LightGBM,20834.171717171717,1031.3440871467499
Lunches Special,LightGBM,21129.42424242424,1031.3440871467499
Lunches Special,LightGBM,21424.676767676767,1033.8575927671395
Lunches Special,LightGBM,21719.92929292929,1037.2780403944703
Lunches Special,LightGBM,22015.181818181816,1038.019730406487
Lunches Special,LightGBM,22310.434343434343,1038.019730406487
Lunches Special,LightGBM,22605.686868686866,1038.019730406487
Lunches Special,LightGBM,22900.939393939392,1027.3846456779904
Lunches Special,LightGBM,23196.19191919192,1027.3846456779904
Lunches Special,LightGBM,23491.44444444444,1027.3846456779904
Lunches Special,LightGBM,23786.696969696968,1028.430271404655
Lunches Special,LightGBM,24081.949494949495,1028.829237121117
Lunches Special,LightGBM,24377.202020202018,1024.2468076114772
Lunches Special,LightGBM,24672.454545454544,1024.2468076114772
Lunches Special,LightGBM,24967.70707070707,1065.8761479654215
Lunches Special,LightGBM,25262.959595959594,1017.7473248822267
Lunches Special,LightGBM,25558.21212121212,1018.5181759667546
Lunches Special,LightGBM,25853.464646464643,1018.5181759667546
Lunches Special,LightGBM,26148.71717171717,1018.5181759667546
Lunches Special,LightGBM,26443.969696969696,1018.5181759667546
Lunches Special,LightGBM,26739.22222222222,1018.5181759667546
Lunches Special,LightGBM,27034.474747474746,1045.8494103502676
Lunches Special,LightGBM,27329.727272727272,1045.8494103502676
Lunches Special,LightGBM,27624.979797979795,1045.8494103502676
Lunches Special,LightGBM,27920.23232323232,1019.5608919695682
Lunches Special,LightGBM,28215.484848484848,1019.5608919695682
Lunches Special,LightGBM,28510.73737373737,1012.5567622336374
Lunches Special,LightGBM,28805.989898989897,1012.5567622336374
Lunches Special,LightGBM,29101.242424242424,1012.5567622336374
Lunches Special,LightGBM,29396.494949494947,1053.6033176036308
Lunches Special,LightGBM,29691.747474747473,1053.6033176036308
Lunches Special,LightGBM,29987.0,1053.6033176036308
Afternoons Special,CatBoost,757.0,859.3365826964066
Afternoons Special,CatBoost,1052.2525252525252,873.1943983165735
Afternoons Special,CatBoost,1347.5050505050503,864.5177832182135
Afternoons Special,CatBoost,1642.7575757575758,865.7421700434686
Afternoons Special,CatBoost,1938.010101010101,857.4171744002473
Afternoons Special,CatBoost,2233.2626262626263,857.4889227677036
Afternoons Special,CatBoost,2528.5151515151515,857.4889227677036
Afternoons Special,CatBoost,2823.7676767676767,861.7147774298925
Afternoons Special,CatBoost,3119.020202020202,857.6801182313733
Afternoons Special,CatBoost,3414.272727272727,857.4444379765513
Afternoons Special,CatBoost,3709.525252525252,857.4444379765513
Afternoons Special,CatBoost,4004.7777777777774,857.4444379765513
Afternoons Special,CatBoost,4300.030303030303,861.2740573218947
Afternoons Special,CatBoost,4595.282828282829,861.2740573218947
Afternoons Special,CatBoost,4890.535353535353,861.2740573218947
Afternoons Special,CatBoost,5185.787878787878,861.7575248176522
Afternoons Special,CatBoost,5481.040404040404,861.7575248176522
Afternoons Special,CatBoost,5776.292929292929,861.1211277057023
Afternoons Special,CatBoost,6071.545454545454,861.6196057622114
Afternoons Special,CatBoost,6366.79797979798,862.9090449596531
Afternoons Special,CatBoost,6662.050505050504,862.7919867557971
Afternoons Special,CatBoost,6957.30303030303,859.8999820578299
Afternoons Special,CatBoost,7252.555555555555,858.9427359458659
Afternoons Special,CatBoost,7547.80808080808,852.9064464340233
Afternoons Special,CatBoost,7843.060606060606,851.5764707882561
Afternoons Special,CatBoost,8138.313131313131,851.5764707882561
Afternoons Special,CatBoost,8433.565656565657,879.4275040410034
Afternoons Special,CatBoost,8728.81818181818,882.4033108057861
Afternoons Special,CatBoost,9024.070707070707,894.4771790679041
Afternoons Special,CatBoost,9319.323232323231,896.551187006645
Afternoons Special,CatBoost,9614.575757575756,901.1212107854692
Afternoons Special,CatBoost,9909.828282828283,906.928987859322
Afternoons Special,CatBoost,10205.080808080807,943.3264071458761
Afternoons Special,CatBoost,10500.333333333332,972.4992052838284
Afternoons Special,CatBoost,10795.585858585859,941.8801017467244
Afternoons Special,CatBoost,11090.838383838383,976.555436534647
Afternoons Special,CatBoost,11386.090909090908,970.0999770256217
Afternoons Special,CatBoost,11681.343434343433,990.5683230404059
Afternoons Special,CatBoost,11976.59595959596,997.1870992344955
Afternoons Special,CatBoost,12271.848484848484,998.2790932059745
Afternoons Special,CatBoost,12567.101010101009,997.0725232983575
Afternoons Special,CatBoost,12862.353535353535,992.7147300157111
Afternoons Special,CatBoost,13157.60606060606,995.3907529346033
Afternoons Special,CatBoost,13452.858585858585,994.2294944775666
Afternoons Special,CatBoost,13748.11111111111,989.6091662359029
Afternoons Special,CatBoost,14043.363636363636,992.8705628776738
Afternoons Special,CatBoost,14338.61616161616,992.1707277755256
Afternoons Special,CatBoost,14633.868686868685,992.0103876243704
Afternoons Special,CatBoost,14929.121212121212,1005.2465777195653
Afternoons Special,CatBoost,15224.373737373737,981.3145329376429
Afternoons Special,CatBoost,15519.626262626261,931.3619238287374
Afternoons Special,CatBoost,15814.878787878786,959.473722683546
Afternoons Special,CatBoost,16110.131313131313,973.7917127273738
Afternoons Special,CatBoost,16405.383838383837,971.7099329574114
Afternoons Special,CatBoost,16700.63636363636,963.7892127158057
Afternoons Special,CatBoost,16995.888888888887,967.4682458821169
Afternoons Special,CatBoost,17291.141414141413,968.4971573559361
Afternoons Special,CatBoost,17586.39393939394,968.3578602935402
Afternoons Special,CatBoost,17881.646464646463,969.6796187882994
Afternoons Special,CatBoost,18176.89898989899,969.1356312105811
Afternoons Special,CatBoost,18472.151515151512,969.1356312105811
Afternoons Special,CatBoost,18767.40404040404,973.4599778255447
Afternoons Special,CatBoost,19062.656565656565,973.4599778255447
Afternoons Special,CatBoost,19357.90909090909,970.2742756398067
Afternoons Special,CatBoost,19653.161616161615,970.3590262257283
Afternoons Special,CatBoost,19948.41414141414,970.3590262257283
Afternoons Special,CatBoost,20243.666666666664,970.6976226526546
Afternoons Special,CatBoost,20538.91919191919,970.8351687862394
Afternoons Special,CatBoost,20834.171717171717,970.8351687862394
Afternoons Special,CatBoost,21129.42424242424,970.8351687862394
Afternoons Special,CatBoost,21424.676767676767,970.8351687862394
Afternoons Special,CatBoost,21719.92929292929,970.8351687862394
Afternoons Special,CatBoost,22015.181818181816,970.8351687862394
Afternoons Special,CatBoost,22310.434343434343,970.8351687862394
Afternoons Special,CatBoost,22605.686868686866,971.4569343089238
Afternoons Special,CatBoost,22900.939393939392,971.4569343089238
Afternoons Special,CatBoost,23196.19191919192,971.4569343089238
Afternoons Special,CatBoost,23491.44444444444,971.4569343089238
Afternoons Special,CatBoost,23786.696969696968,973.4431572867284
Afternoons Special,CatBoost,24081.949494949495,973.4783254923864
Afternoons Special,CatBoost,24377.202020202018,972.2836769182919
Afternoons Special,CatBoost,24672.454545454544,970.0241296242416
Afternoons Special,CatBoost,24967.70707070707,970.0241296242416
Afternoons Special,CatBoost,25262.959595959594,961.3892000270305
Afternoons Special,CatBoost,25558.21212121212,961.0905794561909
Afternoons Special,CatBoost,25853.464646464643,961.0905794561909
Afternoons Special,CatBoost,26148.71717171717,961.0905794561909
Afternoons Special,CatBoost,26443.969696969696,961.0905794561909
Afternoons Special,CatBoost,26739.22222222222,961.0905794561909
Afternoons Special,CatBoost,27034.474747474746,968.1314703247498
Afternoons Special,CatBoost,27329.727272727272,968.0576491259699
Afternoons Special,CatBoost,27624.979797979795,968.0576491259699
Afternoons Special,CatBoost,27920.23232323232,968.0576491259699
Afternoons Special,CatBoost,28215.484848484848,965.2821692888144
Afternoons Special,CatBoost,28510.73737373737,933.9079108751428
Afternoons Special,CatBoost,28805.989898989897,933.9079108751428
Afternoons Special,CatBoost,29101.242424242424,933.9079108751428
Afternoons Special,CatBoost,29396.494949494947,933.9079108751428
Afternoons Special,CatBoost,29691.747474747473,933.9079108751428
Afternoons Special,CatBoost,29987.0,933.9079108751428
Evenings Special,LightGBM,757.0,484.9401703437947
Evenings Special,LightGBM,1052.2525252525252,484.9401703437947
Evenings Special,LightGBM,1347.5050505050503,462.4580410670792
Evenings Special,LightGBM,1642.7575757575758,459.67682225323614
Evenings Special,LightGBM,1938.010101010101,459.78087748943256
Evenings Special,LightGBM,2233.2626262626263,457.87550431891424
Evenings Special,LightGBM,2528.5151515151515,457.87550431891424
Evenings Special,LightGBM,2823.7676767676767,456.8362411330343
Evenings Special,LightGBM,3119.020202020202,454.2610838838326
Evenings Special,LightGBM,3414.272727272727,454.2610838838326
Evenings Special,LightGBM,3709.525252525252,454.2610838838326
Evenings Special,LightGBM,4004.7777777777774,454.2610838838326
Evenings Special,LightGBM,4300.030303030303,453.63266264261114
Evenings Special,LightGBM,4595.282828282829,453.63266264261114
Evenings Special,LightGBM,4890.535353535353,453.63266264261114
Evenings Special,LightGBM,5185.787878787878,456.3464716373746
Evenings Special,LightGBM,5481.040404040404,456.3464716373746
Evenings Special,LightGBM,5776.292929292929,456.3464716373746
Evenings Special,LightGBM,6071.545454545454,459.0468545641323
Evenings Special,LightGBM,6366.79797979798,459.90738111849384
Evenings Special,LightGBM,6662.050505050504,469.4493278175904
Evenings Special,LightGBM,6957.30303030303,460.99658088507357
Evenings Special,LightGBM,7252.555555555555,460.7894531103271
Evenings Special,LightGBM,7547.80808080808,460.7894531103271
Evenings Special,LightGBM,7843.060606060606,460.25217391666104
Evenings Special,LightGBM,8138.313131313131,460.2930521390861
Evenings Special,LightGBM,8433.565656565657,458.59211670045886
Evenings Special,LightGBM,8728.81818181818,459.2249564842969
Evenings Special,LightGBM,9024.070707070707,469.40615506262554
Evenings Special,LightGBM,9319.323232323231,463.8624281987123
Evenings Special,LightGBM,9614.575757575756,464.3716541730504
Evenings Special,LightGBM,9909.828282828283,462.6766677762014
Evenings Special,LightGBM,10205.080808080807,514.040904950783
Evenings Special,LightGBM,10500.333333333332,531.4685238648418
Evenings Special,LightGBM,10795.585858585859,530.7012098344347
Evenings Special,LightGBM,11090.838383838383,535.3712897256402
Evenings Special,LightGBM,11386.090909090908,544.6446192348701
Evenings Special,LightGBM,11681.343434343433,567.7736965258078
Evenings Special,LightGBM,11976.59595959596,569.9385108992434
Evenings Special,LightGBM,12271.848484848484,570.6010638737495
Evenings Special,LightGBM,12567.101010101009,589.6426845067415
Evenings Special,LightGBM,12862.353535353535,599.8934799121565
Evenings Special,LightGBM,13157.60606060606,602.0429082850911
Evenings Special,LightGBM,13452.858585858585,601.902543198201
Evenings Special,LightGBM,13748.11111111111,603.033778362655
Evenings Special,LightGBM,14043.363636363636,603.9482522545944
Evenings Special,LightGBM,14338.61616161616,602.6979241957259
Evenings Special,LightGBM,14633.868686868685,605.5975142722943
Evenings Special,LightGBM,14929.121212121212,607.4820242377102
Evenings Special,LightGBM,15224.373737373737,600.536199247204
Evenings Special,LightGBM,15519.626262626261,599.4296696690798
Evenings Special,LightGBM,15814.878787878786,599.4419455735192
Evenings Special,LightGBM,16110.131313131313,601.3019230985968
Evenings Special,LightGBM,16405.383838383837,601.8314497796948
Evenings Special,LightGBM,16700.63636363636,597.4713536745345
Evenings Special,LightGBM,16995.888888888887,598.1445536776965
Evenings Special,LightGBM,17291.141414141413,625.6931660673752
Evenings Special,LightGBM,17586.39393939394,617.7196566647514
Evenings Special,LightGBM,17881.646464646463,619.0825289011947
Evenings Special,LightGBM,18176.89898989899,624.2580751638579
Evenings Special,LightGBM,18472.151515151512,624.2580751638579
Evenings Special,LightGBM,18767.40404040404,621.7712793383574
Evenings Special,LightGBM,19062.656565656565,621.7712793383574
Evenings Special,LightGBM,19357.90909090909,621.8805316758868
Evenings Special,LightGBM,19653.161616161615,622.2112176686602
Evenings Special,LightGBM,19948.41414141414,622.4109066894767
Evenings Special,LightGBM,20243.666666666664,625.066614140903
Evenings Special,LightGBM,20538.91919191919,625.1888353699611
Evenings Special,LightGBM,20834.171717171717,625.5615342662254
Evenings Special,LightGBM,21129.42424242424,625.5615342662254
Evenings Special,LightGBM,21424.676767676767,625.7033294378415
Evenings Special,LightGBM,21719.92929292929,625.9442129988463
Evenings Special,LightGBM,22015.181818181816,625.758978807274
Evenings Special,LightGBM,22310.434343434343,625.758978807274
Evenings Special,LightGBM,22605.686868686866,625.758978807274
Evenings Special,LightGBM,22900.939393939392,625.3428954548754
Evenings Special,LightGBM,23196.19191919192,625.3428954548754
Evenings Special,LightGBM,23491.44444444444,624.813406262094
Evenings Special,LightGBM,23786.696969696968,624.9757561754616
Evenings Special,LightGBM,24081.949494949495,624.9757561754616
Evenings Special,LightGBM,24377.202020202018,603.5909297790279
Evenings Special,LightGBM,24672.454545454544,603.6686009277244
Evenings Special,LightGBM,24967.70707070707,607.4403726391434
Evenings Special,LightGBM,25262.959595959594,606.1054368512534
Evenings Special,LightGBM,25558.21212121212,611.863245421969
Evenings Special,LightGBM,25853.464646464643,611.863245421969
Evenings Special,LightGBM,26148.71717171717,625.9520730383719
Evenings Special,LightGBM,26443.969696969696,625.9520730383719
Evenings Special,LightGBM,26739.22222222222,625.9520730383719
Evenings Special,LightGBM,27034.474747474746,625.9520730383719
Evenings Special,LightGBM,27329.727272727272,624.5422162461203
Evenings Special,LightGBM,27624.979797979795,624.5422162461203
Evenings Special,LightGBM,27920.23232323232,626.1630624096189
Evenings Special,LightGBM,28215.484848484848,624.7146939254349
Evenings Special,LightGBM,28510.73737373737,605.4596188282618
Evenings Special,LightGBM,28805.989898989897,605.4596188282618
Evenings Special,LightGBM,29101.242424242424,605.4596188282618
Evenings Special,LightGBM,29396.494949494947,646.8247255472297
Evenings Special,LightGBM,29691.747474747473,646.8247255472297
Evenings Special,LightGBM,29987.0,646.8247255472297
Evenings Special,XGBoost,757.0,463.77996826171875
Evenings Special,XGBoost,1052.2525252525252,467.4208984375
Evenings Special,XGBoost,1347.5050505050503,453.7640380859375
Evenings Special,XGBoost,1642.7575757575758,433.8830871582031
Evenings Special,XGBoost,1938.010101010101,436.3053894042969
Evenings Special,XGBoost,2233.2626262626263,436.3053894042969
Evenings Special,XGBoost,2528.5151515151515,434.8595886230469
Evenings Special,XGBoost,2823.7676767676767,434.8595886230469
Evenings Special,XGBoost,3119.020202020202,421.1462097167969
Evenings Special,XGBoost,3414.272727272727,421.1462097167969
Evenings Special,XGBoost,3709.525252525252,414.8929748535156
Evenings Special,XGBoost,4004.7777777777774,414.8929748535156
Evenings Special,XGBoost,4300.030303030303,414.8929748535156
Evenings Special,XGBoost,4595.282828282829,414.8929748535156
Evenings Special,XGBoost,4890.535353535353,414.11871337890625
Evenings Special,XGBoost,5185.787878787878,414.11871337890625
Evenings Special,XGBoost,5481.040404040404,436.11883544921875
Evenings Special,XGBoost,5776.292929292929,436.11883544921875
Evenings Special,XGBoost,6071.545454545454,444.4992370605469
Evenings Special,XGBoost,6366.79797979798,445.8974609375
Evenings Special,XGBoost,6662.050505050504,445.2219543457031
Evenings Special,XGBoost,6957.30303030303,441.2806396484375
Evenings Special,XGBoost,7252.555555555555,441.3946228027344
Evenings Special,XGBoost,7547.80808080808,441.41046142578125
Evenings Special,XGBoost,7843.060606060606,441.4654235839844
Evenings Special,XGBoost,8138.313131313131,441.4175720214844
Evenings Special,XGBoost,8433.565656565657,435.5204772949219
Evenings Special,XGBoost,8728.81818181818,442.8200988769531
Evenings Special,XGBoost,9024.070707070707,462.042236328125
Evenings Special,XGBoost,9319.323232323231,440.6037292480469
Evenings Special,XGBoost,9614.575757575756,478.92095947265625
Evenings Special,XGBoost,9909.828282828283,471.1363525390625
Evenings Special,XGBoost,10205.080808080807,529.0977172851562
Evenings Special,XGBoost,10500.333333333332,539.447998046875
Evenings Special,XGBoost,10795.585858585859,529.3011474609375
Evenings Special,XGBoost,11090.838383838383,534.065673828125
Evenings Special,XGBoost,11386.090909090908,589.3258056640625
Evenings Special,XGBoost,11681.343434343433,568.7879028320312
Evenings Special,XGBoost,11976.59595959596,587.5222778320312
Evenings Special,XGBoost,12271.848484848484,587.2612915039062
Evenings Special,XGBoost,12567.101010101009,550.5386962890625
Evenings Special,XGBoost,12862.353535353535,587.0936889648438
Evenings Special,XGBoost,13157.60606060606,629.28466796875
Evenings Special,XGBoost,13452.858585858585,629.6454467773438
Evenings Special,XGBoost,13748.11111111111,613.4908447265625
Evenings Special,XGBoost,14043.363636363636,617.4745483398438
Evenings Special,XGBoost,14338.61616161616,613.4345703125
Evenings Special,XGBoost,14633.868686868685,621.3995361328125
Evenings Special,XGBoost,14929.121212121212,635.57666015625
Evenings Special,XGBoost,15224.373737373737,588.2708129882812
Evenings Special,XGBoost,15519.626262626261,597.3339233398438
Evenings Special,XGBoost,15814.878787878786,610.6151123046875
Evenings Special,XGBoost,16110.131313131313,611.5179443359375
Evenings Special,XGBoost,16405.383838383837,606.2763061523438
Evenings Special,XGBoost,16700.63636363636,607.641357421875
Evenings Special,XGBoost,16995.888888888887,603.2354736328125
Evenings Special,XGBoost,17291.141414141413,690.1517944335938
Evenings Special,XGBoost,17586.39393939394,690.1517944335938
Evenings Special,XGBoost,17881.646464646463,646.1396484375
Evenings Special,XGBoost,18176.89898989899,646.1396484375
Evenings Special,XGBoost,18472.151515151512,646.1396484375
Evenings Special,XGBoost,18767.40404040404,646.1396484375
Evenings Special,XGBoost,19062.656565656565,643.240234375
Evenings Special,XGBoost,19357.90909090909,642.2780151367188
Evenings Special,XGBoost,19653.161616161615,642.2780151367188
Evenings Special,XGBoost,19948.41414141414,642.3648071289062
Evenings Special,XGBoost,20243.666666666664,643.1422119140625
Evenings Special,XGBoost,20538.91919191919,649.5454711914062
Evenings Special,XGBoost,20834.171717171717,654.7894287109375
Evenings Special,XGBoost,21129.42424242424,654.5507202148438
Evenings Special,XGBoost,21424.676767676767,654.5507202148438
Evenings Special,XGBoost,21719.92929292929,657.2492065429688
Evenings Special,XGBoost,22015.181818181816,657.2492065429688
Evenings Special,XGBoost,22310.434343434343,657.2492065429688
Evenings Special,XGBoost,22605.686868686866,657.1262817382812
Evenings Special,XGBoost,22900.939393939392,657.1262817382812
Evenings Special,XGBoost,23196.19191919192,654.1566772460938
Evenings Special,XGBoost,23491.44444444444,653.8426513671875
Evenings Special,XGBoost,23786.696969696968,654.5172729492188
Evenings Special,XGBoost,24081.949494949495,654.5384521484375
Evenings Special,XGBoost,24377.202020202018,654.79296875
Evenings Special,XGBoost,24672.454545454544,654.862548828125
Evenings Special,XGBoost,24967.70707070707,654.8291015625
Evenings Special,XGBoost,25262.959595959594,654.8291015625
Evenings Special,XGBoost,25558.21212121212,661.613525390625
Evenings Special,XGBoost,25853.464646464643,661.613525390625
Evenings Special,XGBoost,26148.71717171717,661.613525390625
Evenings Special,XGBoost,26443.969696969696,661.613525390625
Evenings Special,XGBoost,26739.22222222222,666.2332153320312
Evenings Special,XGBoost,27034.474747474746,665.28173828125
Evenings Special,XGBoost,27329.727272727272,662.328369140625
Evenings Special,XGBoost,27624.979797979795,662.328369140625
Evenings Special,XGBoost,27920.23232323232,662.328369140625
Evenings Special,XGBoost,28215.484848484848,663.7067260742188
Evenings Special,XGBoost,28510.73737373737,663.7067260742188
Evenings Special,XGBoost,28805.989898989897,663.7067260742188
Evenings Special,XGBoost,29101.242424242424,663.9961547851562
Evenings Special,XGBoost,29396.494949494947,663.9961547851562
Evenings Special,XGBoost,29691.747474747473,663.9961547851562
Evenings Special,XGBoost,29987.0,778.6385498046875
