Dataset,Model,15 Job count,Predicted Value
All,CatBoost,23682.0,542.9034599145613
All,CatBoost,26312.050505050505,542.9034599145613
All,CatBoost,28942.10101010101,544.8347117342503
All,CatBoost,31572.151515151512,543.3062597646452
All,CatBoost,34202.20202020202,543.3062597646452
All,CatBoost,36832.25252525252,543.3062597646452
All,CatBoost,39462.303030303025,543.3062597646452
All,CatBoost,42092.35353535353,540.7037964080722
All,CatBoost,44722.40404040404,540.7037964080722
All,CatBoost,47352.454545454544,540.7037964080722
All,CatBoost,49982.505050505046,540.7037964080722
All,CatBoost,52612.555555555555,540.7037964080722
All,CatBoost,55242.60606060606,540.7037964080722
All,CatBoost,57872.656565656565,538.2454623949511
All,CatBoost,60502.70707070707,538.2454623949511
All,CatBoost,63132.757575757576,538.2454623949511
All,CatBoost,65762.80808080808,538.2454623949511
All,CatBoost,68392.85858585857,538.2454623949511
All,CatBoost,71022.90909090909,538.2454623949511
All,CatBoost,73652.95959595959,538.2454623949511
All,CatBoost,76283.01010101009,538.2114308309579
All,CatBoost,78913.06060606061,538.2114308309579
All,CatBoost,81543.11111111111,538.2114308309579
All,CatBoost,84173.16161616161,538.2114308309579
All,CatBoost,86803.21212121211,538.2114308309579
All,CatBoost,89433.26262626261,538.2114308309579
All,CatBoost,92063.31313131313,538.2114308309579
All,CatBoost,94693.36363636363,538.2114308309579
All,CatBoost,97323.41414141413,538.2114308309579
All,CatBoost,99953.46464646464,538.2114308309579
All,CatBoost,102583.51515151515,538.2114308309579
All,CatBoost,105213.56565656565,538.2114308309579
All,CatBoost,107843.61616161616,537.6136352095376
All,CatBoost,110473.66666666666,536.4571373030385
All,CatBoost,113103.71717171716,532.6307400530955
All,CatBoost,115733.76767676767,532.5150216481009
All,CatBoost,118363.81818181818,532.5129180535712
All,CatBoost,120993.86868686868,532.5129180535712
All,CatBoost,123623.91919191918,532.5129180535712
All,CatBoost,126253.9696969697,532.5129180535712
All,CatBoost,128884.0202020202,532.497226385995
All,CatBoost,131514.0707070707,532.497226385995
All,CatBoost,134144.12121212122,532.497226385995
All,CatBoost,136774.1717171717,532.497226385995
All,CatBoost,139404.22222222222,532.7037012906198
All,CatBoost,142034.2727272727,533.0420176289655
All,CatBoost,144664.32323232322,540.4857193008505
All,CatBoost,147294.37373737374,540.4857193008505
All,CatBoost,149924.42424242423,540.4857193008505
All,CatBoost,152554.47474747474,540.4857193008505
All,CatBoost,155184.52525252523,540.4857193008505
All,CatBoost,157814.57575757575,540.8412433882415
All,CatBoost,160444.62626262626,540.8412433882415
All,CatBoost,163074.67676767675,540.5605815361437
All,CatBoost,165704.72727272726,540.5605815361437
All,CatBoost,168334.77777777778,544.1181495852908
All,CatBoost,170964.82828282827,540.8384973287
All,CatBoost,173594.87878787878,540.8384973287
All,CatBoost,176224.92929292927,540.8384973287
All,CatBoost,178854.9797979798,537.7152501963554
All,CatBoost,181485.0303030303,537.4966282550091
All,CatBoost,184115.0808080808,534.513078282159
All,CatBoost,186745.1313131313,534.513078282159
All,CatBoost,189375.1818181818,599.6454462184164
All,CatBoost,192005.2323232323,599.6454462184164
All,CatBoost,194635.28282828283,599.6454462184164
All,CatBoost,197265.3333333333,611.3831476307168
All,CatBoost,199895.38383838383,612.857055224009
All,CatBoost,202525.43434343432,612.8406972260753
All,CatBoost,205155.48484848483,629.5499295715795
All,CatBoost,207785.53535353535,617.881964363782
All,CatBoost,210415.58585858584,617.233196830844
All,CatBoost,213045.63636363635,617.5293519252075
All,CatBoost,215675.68686868684,650.9210172533717
All,CatBoost,218305.73737373736,650.9210172533717
All,CatBoost,220935.78787878787,650.9210172533717
All,CatBoost,223565.83838383836,654.6249865629952
All,CatBoost,226195.88888888888,644.2901283657299
All,CatBoost,228825.9393939394,644.2901283657299
All,CatBoost,231455.98989898988,638.7046101643293
All,CatBoost,234086.0404040404,640.741324285038
All,CatBoost,236716.09090909088,645.6986672138804
All,CatBoost,239346.1414141414,645.6986672138804
All,CatBoost,241976.19191919192,648.331056659383
All,CatBoost,244606.2424242424,648.1360450544778
All,CatBoost,247236.29292929292,645.8514681768772
All,CatBoost,249866.3434343434,668.0303780361376
All,CatBoost,252496.39393939392,656.3135937791349
All,CatBoost,255126.44444444444,649.7744602547683
All,CatBoost,257756.49494949493,648.2276350743181
All,CatBoost,260386.54545454544,650.0362181975869
All,CatBoost,263016.5959595959,650.0362181975869
All,CatBoost,265646.64646464644,650.0362181975869
All,CatBoost,268276.69696969696,650.6659465608116
All,CatBoost,270906.7474747475,650.6659465608116
All,CatBoost,273536.79797979794,650.6659465608116
All,CatBoost,276166.84848484845,650.8712806417143
All,CatBoost,278796.89898989897,657.2256920886349
All,CatBoost,281426.9494949495,657.2256920886349
All,CatBoost,284057.0,657.2256920886349
All,LightGBM,23682.0,481.9698730306202
All,LightGBM,26312.050505050505,490.3885480511231
All,LightGBM,28942.10101010101,490.3885480511231
All,LightGBM,31572.151515151512,505.9046485374873
All,LightGBM,34202.20202020202,505.9046485374873
All,LightGBM,36832.25252525252,505.9046485374873
All,LightGBM,39462.303030303025,505.9046485374873
All,LightGBM,42092.35353535353,504.76433067107763
All,LightGBM,44722.40404040404,504.5647983796641
All,LightGBM,47352.454545454544,504.69495111192157
All,LightGBM,49982.505050505046,504.69495111192157
All,LightGBM,52612.555555555555,509.93762499875487
All,LightGBM,55242.60606060606,509.93762499875487
All,LightGBM,57872.656565656565,510.4405373764632
All,LightGBM,60502.70707070707,510.4405373764632
All,LightGBM,63132.757575757576,510.4405373764632
All,LightGBM,65762.80808080808,506.4249577816238
All,LightGBM,68392.85858585857,506.4249577816238
All,LightGBM,71022.90909090909,506.4249577816238
All,LightGBM,73652.95959595959,506.8432793036445
All,LightGBM,76283.01010101009,506.8432793036445
All,LightGBM,78913.06060606061,506.60286879785406
All,LightGBM,81543.11111111111,506.60286879785406
All,LightGBM,84173.16161616161,504.29991009295986
All,LightGBM,86803.21212121211,504.29991009295986
All,LightGBM,89433.26262626261,504.25965445719305
All,LightGBM,92063.31313131313,504.25965445719305
All,LightGBM,94693.36363636363,504.25965445719305
All,LightGBM,97323.41414141413,504.25965445719305
All,LightGBM,99953.46464646464,504.25965445719305
All,LightGBM,102583.51515151515,504.25965445719305
All,LightGBM,105213.56565656565,503.8477976932953
All,LightGBM,107843.61616161616,491.07308502858797
All,LightGBM,110473.66666666666,492.41964274018073
All,LightGBM,113103.71717171716,492.41964274018073
All,LightGBM,115733.76767676767,483.2490443229114
All,LightGBM,118363.81818181818,486.177707909627
All,LightGBM,120993.86868686868,486.2239323231222
All,LightGBM,123623.91919191918,486.2239323231222
All,LightGBM,126253.9696969697,486.2239323231222
All,LightGBM,128884.0202020202,505.21957820429674
All,LightGBM,131514.0707070707,505.21957820429674
All,LightGBM,134144.12121212122,505.21957820429674
All,LightGBM,136774.1717171717,505.21957820429674
All,LightGBM,139404.22222222222,555.3041917782201
All,LightGBM,142034.2727272727,555.3041917782201
All,LightGBM,144664.32323232322,554.5804846082295
All,LightGBM,147294.37373737374,555.6665285779678
All,LightGBM,149924.42424242423,555.6972630480794
All,LightGBM,152554.47474747474,557.3243228504826
All,LightGBM,155184.52525252523,557.2929788297197
All,LightGBM,157814.57575757575,557.2929788297197
All,LightGBM,160444.62626262626,557.0785013408992
All,LightGBM,163074.67676767675,557.111258631997
All,LightGBM,165704.72727272726,557.4957527940846
All,LightGBM,168334.77777777778,557.5208087663785
All,LightGBM,170964.82828282827,558.6322447131975
All,LightGBM,173594.87878787878,558.4825242149582
All,LightGBM,176224.92929292927,558.5476860075299
All,LightGBM,178854.9797979798,558.1317861554505
All,LightGBM,181485.0303030303,558.0995828321727
All,LightGBM,184115.0808080808,558.2649217489574
All,LightGBM,186745.1313131313,558.3138783827427
All,LightGBM,189375.1818181818,629.2508229974086
All,LightGBM,192005.2323232323,629.5622648772226
All,LightGBM,194635.28282828283,629.8481904774794
All,LightGBM,197265.3333333333,637.8044653419801
All,LightGBM,199895.38383838383,638.4740578662083
All,LightGBM,202525.43434343432,642.1535821941652
All,LightGBM,205155.48484848483,643.7906991729101
All,LightGBM,207785.53535353535,643.395576721271
All,LightGBM,210415.58585858584,639.1851330643328
All,LightGBM,213045.63636363635,619.6511734397645
All,LightGBM,215675.68686868684,705.7017559937341
All,LightGBM,218305.73737373736,705.7761045454306
All,LightGBM,220935.78787878787,711.5918744551415
All,LightGBM,223565.83838383836,709.5398020806907
All,LightGBM,226195.88888888888,697.7950533231981
All,LightGBM,228825.9393939394,703.473466308816
All,LightGBM,231455.98989898988,703.4329705053049
All,LightGBM,234086.0404040404,703.5314470254174
All,LightGBM,236716.09090909088,704.249907530912
All,LightGBM,239346.1414141414,704.1086401079469
All,LightGBM,241976.19191919192,705.4327691665304
All,LightGBM,244606.2424242424,714.9455635607598
All,LightGBM,247236.29292929292,715.9813373843307
All,LightGBM,249866.3434343434,745.0706571296785
All,LightGBM,252496.39393939392,730.1375079480491
All,LightGBM,255126.44444444444,718.1196201186542
All,LightGBM,257756.49494949493,712.014271095193
All,LightGBM,260386.54545454544,711.4933797221545
All,LightGBM,263016.5959595959,711.469876446392
All,LightGBM,265646.64646464644,711.4167088102635
All,LightGBM,268276.69696969696,711.4249328438184
All,LightGBM,270906.7474747475,711.4249328438184
All,LightGBM,273536.79797979794,711.4249328438184
All,LightGBM,276166.84848484845,711.4423218997324
All,LightGBM,278796.89898989897,711.4423218997324
All,LightGBM,281426.9494949495,711.4423218997324
All,LightGBM,284057.0,711.4423218997324
All,XGBoost,23682.0,517.0877075195312
All,XGBoost,26312.050505050505,517.0877075195312
All,XGBoost,28942.10101010101,516.7850341796875
All,XGBoost,31572.151515151512,517.4224853515625
All,XGBoost,34202.20202020202,517.4224853515625
All,XGBoost,36832.25252525252,517.4224853515625
All,XGBoost,39462.303030303025,516.4027099609375
All,XGBoost,42092.35353535353,515.9840087890625
All,XGBoost,44722.40404040404,515.9840087890625
All,XGBoost,47352.454545454544,515.9840087890625
All,XGBoost,49982.505050505046,515.9840087890625
All,XGBoost,52612.555555555555,515.9840087890625
All,XGBoost,55242.60606060606,515.9766235351562
All,XGBoost,57872.656565656565,515.9954833984375
All,XGBoost,60502.70707070707,515.9954833984375
All,XGBoost,63132.757575757576,515.9954833984375
All,XGBoost,65762.80808080808,515.9954833984375
All,XGBoost,68392.85858585857,515.9954833984375
All,XGBoost,71022.90909090909,515.996337890625
All,XGBoost,73652.95959595959,516.0071411132812
All,XGBoost,76283.01010101009,516.4837646484375
All,XGBoost,78913.06060606061,516.4837646484375
All,XGBoost,81543.11111111111,516.0707397460938
All,XGBoost,84173.16161616161,516.027099609375
All,XGBoost,86803.21212121211,516.027099609375
All,XGBoost,89433.26262626261,516.027099609375
All,XGBoost,92063.31313131313,516.027099609375
All,XGBoost,94693.36363636363,516.027099609375
All,XGBoost,97323.41414141413,516.027099609375
All,XGBoost,99953.46464646464,516.027099609375
All,XGBoost,102583.51515151515,516.5017700195312
All,XGBoost,105213.56565656565,516.5017700195312
All,XGBoost,107843.61616161616,515.840576171875
All,XGBoost,110473.66666666666,515.5985717773438
All,XGBoost,113103.71717171716,512.5679321289062
All,XGBoost,115733.76767676767,512.6177368164062
All,XGBoost,118363.81818181818,512.7645874023438
All,XGBoost,120993.86868686868,512.7197265625
All,XGBoost,123623.91919191918,512.7197265625
All,XGBoost,126253.9696969697,512.7197265625
All,XGBoost,128884.0202020202,535.6981201171875
All,XGBoost,131514.0707070707,535.6981201171875
All,XGBoost,134144.12121212122,535.6981201171875
All,XGBoost,136774.1717171717,535.6981201171875
All,XGBoost,139404.22222222222,591.103271484375
All,XGBoost,142034.2727272727,590.65869140625
All,XGBoost,144664.32323232322,590.5856323242188
All,XGBoost,147294.37373737374,594.325439453125
All,XGBoost,149924.42424242423,594.2280883789062
All,XGBoost,152554.47474747474,594.494873046875
All,XGBoost,155184.52525252523,594.9579467773438
All,XGBoost,157814.57575757575,594.9579467773438
All,XGBoost,160444.62626262626,596.0431518554688
All,XGBoost,163074.67676767675,595.6979370117188
All,XGBoost,165704.72727272726,597.951416015625
All,XGBoost,168334.77777777778,597.8765869140625
All,XGBoost,170964.82828282827,597.1785278320312
All,XGBoost,173594.87878787878,597.1785278320312
All,XGBoost,176224.92929292927,597.204833984375
All,XGBoost,178854.9797979798,597.1902465820312
All,XGBoost,181485.0303030303,598.09423828125
All,XGBoost,184115.0808080808,595.928955078125
All,XGBoost,186745.1313131313,596.186767578125
All,XGBoost,189375.1818181818,626.3888549804688
All,XGBoost,192005.2323232323,635.4491577148438
All,XGBoost,194635.28282828283,628.5358276367188
All,XGBoost,197265.3333333333,637.0642700195312
All,XGBoost,199895.38383838383,637.0642700195312
All,XGBoost,202525.43434343432,636.7778930664062
All,XGBoost,205155.48484848483,646.990234375
All,XGBoost,207785.53535353535,640.7586059570312
All,XGBoost,210415.58585858584,639.8065795898438
All,XGBoost,213045.63636363635,648.3533935546875
All,XGBoost,215675.68686868684,653.9935302734375
All,XGBoost,218305.73737373736,656.3065795898438
All,XGBoost,220935.78787878787,665.2548828125
All,XGBoost,223565.83838383836,666.4385986328125
All,XGBoost,226195.88888888888,666.6746215820312
All,XGBoost,228825.9393939394,656.328857421875
All,XGBoost,231455.98989898988,656.2360229492188
All,XGBoost,234086.0404040404,654.52197265625
All,XGBoost,236716.09090909088,657.6657104492188
All,XGBoost,239346.1414141414,657.7991943359375
All,XGBoost,241976.19191919192,655.9590454101562
All,XGBoost,244606.2424242424,675.2839965820312
All,XGBoost,247236.29292929292,666.2053833007812
All,XGBoost,249866.3434343434,687.9764404296875
All,XGBoost,252496.39393939392,679.7702026367188
All,XGBoost,255126.44444444444,679.2443237304688
All,XGBoost,257756.49494949493,645.0017700195312
All,XGBoost,260386.54545454544,646.1956176757812
All,XGBoost,263016.5959595959,644.6145629882812
All,XGBoost,265646.64646464644,644.6145629882812
All,XGBoost,268276.69696969696,654.4747924804688
All,XGBoost,270906.7474747475,654.4747924804688
All,XGBoost,273536.79797979794,654.4747924804688
All,XGBoost,276166.84848484845,655.1858520507812
All,XGBoost,278796.89898989897,655.1858520507812
All,XGBoost,281426.9494949495,655.1858520507812
All,XGBoost,284057.0,655.1858520507812
Mornings,CatBoost,23682.0,715.5335624225314
Mornings,CatBoost,26312.050505050505,715.5335624225314
Mornings,CatBoost,28942.10101010101,716.2709991895005
Mornings,CatBoost,31572.151515151512,715.1205959493061
Mornings,CatBoost,34202.20202020202,715.1205959493061
Mornings,CatBoost,36832.25252525252,715.1205959493061
Mornings,CatBoost,39462.303030303025,713.5503750618509
Mornings,CatBoost,42092.35353535353,713.3033051641667
Mornings,CatBoost,44722.40404040404,714.033936587647
Mornings,CatBoost,47352.454545454544,712.9125065490449
Mornings,CatBoost,49982.505050505046,712.9125065490449
Mornings,CatBoost,52612.555555555555,719.624794019003
Mornings,CatBoost,55242.60606060606,719.768234398899
Mornings,CatBoost,57872.656565656565,716.4393082311442
Mornings,CatBoost,60502.70707070707,716.4393082311442
Mornings,CatBoost,63132.757575757576,716.4393082311442
Mornings,CatBoost,65762.80808080808,716.4393082311442
Mornings,CatBoost,68392.85858585857,716.4393082311442
Mornings,CatBoost,71022.90909090909,716.4393082311442
Mornings,CatBoost,73652.95959595959,719.3035398675167
Mornings,CatBoost,76283.01010101009,719.3035398675167
Mornings,CatBoost,78913.06060606061,719.3035398675167
Mornings,CatBoost,81543.11111111111,719.3035398675167
Mornings,CatBoost,84173.16161616161,719.3035398675167
Mornings,CatBoost,86803.21212121211,719.3035398675167
Mornings,CatBoost,89433.26262626261,719.3035398675167
Mornings,CatBoost,92063.31313131313,719.3035398675167
Mornings,CatBoost,94693.36363636363,719.3035398675167
Mornings,CatBoost,97323.41414141413,719.3035398675167
Mornings,CatBoost,99953.46464646464,719.3035398675167
Mornings,CatBoost,102583.51515151515,719.3035398675167
Mornings,CatBoost,105213.56565656565,719.3035398675167
Mornings,CatBoost,107843.61616161616,717.0189699343251
Mornings,CatBoost,110473.66666666666,717.9642640645606
Mornings,CatBoost,113103.71717171716,717.1109378518853
Mornings,CatBoost,115733.76767676767,715.9424525738403
Mornings,CatBoost,118363.81818181818,715.9424525738403
Mornings,CatBoost,120993.86868686868,715.9424525738403
Mornings,CatBoost,123623.91919191918,715.9424525738403
Mornings,CatBoost,126253.9696969697,715.9424525738403
Mornings,CatBoost,128884.0202020202,715.9424525738403
Mornings,CatBoost,131514.0707070707,715.9424525738403
Mornings,CatBoost,134144.12121212122,715.9424525738403
Mornings,CatBoost,136774.1717171717,715.9424525738403
Mornings,CatBoost,139404.22222222222,715.9424525738403
Mornings,CatBoost,142034.2727272727,716.0982893506398
Mornings,CatBoost,144664.32323232322,730.9725146014739
Mornings,CatBoost,147294.37373737374,738.4858856730165
Mornings,CatBoost,149924.42424242423,738.4858856730165
Mornings,CatBoost,152554.47474747474,738.4858856730165
Mornings,CatBoost,155184.52525252523,736.918223854865
Mornings,CatBoost,157814.57575757575,736.9039544886258
Mornings,CatBoost,160444.62626262626,752.3826206942904
Mornings,CatBoost,163074.67676767675,741.374379192727
Mornings,CatBoost,165704.72727272726,741.3904438487591
Mornings,CatBoost,168334.77777777778,761.7548007276582
Mornings,CatBoost,170964.82828282827,757.1490987891024
Mornings,CatBoost,173594.87878787878,757.1883287966134
Mornings,CatBoost,176224.92929292927,757.2686277841055
Mornings,CatBoost,178854.9797979798,757.2686277841055
Mornings,CatBoost,181485.0303030303,757.2215618576517
Mornings,CatBoost,184115.0808080808,757.2572368906752
Mornings,CatBoost,186745.1313131313,757.3787702445463
Mornings,CatBoost,189375.1818181818,757.9597766733424
Mornings,CatBoost,192005.2323232323,757.8627133486654
Mornings,CatBoost,194635.28282828283,757.8627133486654
Mornings,CatBoost,197265.3333333333,756.9122732557693
Mornings,CatBoost,199895.38383838383,756.9122732557693
Mornings,CatBoost,202525.43434343432,756.9122732557693
Mornings,CatBoost,205155.48484848483,763.968477561851
Mornings,CatBoost,207785.53535353535,758.03555084728
Mornings,CatBoost,210415.58585858584,756.2045679832531
Mornings,CatBoost,213045.63636363635,750.9250040387116
Mornings,CatBoost,215675.68686868684,780.0266022250667
Mornings,CatBoost,218305.73737373736,780.0266022250667
Mornings,CatBoost,220935.78787878787,780.5854168811004
Mornings,CatBoost,223565.83838383836,779.7873384435372
Mornings,CatBoost,226195.88888888888,774.4576378070683
Mornings,CatBoost,228825.9393939394,773.5064681941909
Mornings,CatBoost,231455.98989898988,773.5064681941909
Mornings,CatBoost,234086.0404040404,773.1263506276429
Mornings,CatBoost,236716.09090909088,773.259501026707
Mornings,CatBoost,239346.1414141414,773.3437386817388
Mornings,CatBoost,241976.19191919192,773.3437386817388
Mornings,CatBoost,244606.2424242424,778.9416925962222
Mornings,CatBoost,247236.29292929292,778.5100876312387
Mornings,CatBoost,249866.3434343434,780.235138117749
Mornings,CatBoost,252496.39393939392,794.9451986005325
Mornings,CatBoost,255126.44444444444,794.9451986005325
Mornings,CatBoost,257756.49494949493,791.0295430742507
Mornings,CatBoost,260386.54545454544,793.2104222321974
Mornings,CatBoost,263016.5959595959,802.77864168717
Mornings,CatBoost,265646.64646464644,802.77864168717
Mornings,CatBoost,268276.69696969696,802.8017949692073
Mornings,CatBoost,270906.7474747475,802.8017949692073
Mornings,CatBoost,273536.79797979794,802.8017949692073
Mornings,CatBoost,276166.84848484845,802.8017949692073
Mornings,CatBoost,278796.89898989897,804.8829082896748
Mornings,CatBoost,281426.9494949495,805.2755998513454
Mornings,CatBoost,284057.0,805.2755998513454
Mornings,LightGBM,23682.0,901.4376630934587
Mornings,LightGBM,26312.050505050505,901.4376630934587
Mornings,LightGBM,28942.10101010101,901.45283242957
Mornings,LightGBM,31572.151515151512,900.9832975367038
Mornings,LightGBM,34202.20202020202,900.9832975367038
Mornings,LightGBM,36832.25252525252,900.9832975367038
Mornings,LightGBM,39462.303030303025,901.0266574198976
Mornings,LightGBM,42092.35353535353,900.7773125751398
Mornings,LightGBM,44722.40404040404,900.7773125751398
Mornings,LightGBM,47352.454545454544,900.6861749467749
Mornings,LightGBM,49982.505050505046,900.8560635098158
Mornings,LightGBM,52612.555555555555,908.1152978553956
Mornings,LightGBM,55242.60606060606,908.1528686681155
Mornings,LightGBM,57872.656565656565,907.7214170664256
Mornings,LightGBM,60502.70707070707,907.7214170664256
Mornings,LightGBM,63132.757575757576,907.7214170664256
Mornings,LightGBM,65762.80808080808,907.7214170664256
Mornings,LightGBM,68392.85858585857,907.7214170664256
Mornings,LightGBM,71022.90909090909,907.7214170664256
Mornings,LightGBM,73652.95959595959,906.9809799968589
Mornings,LightGBM,76283.01010101009,906.9809799968589
Mornings,LightGBM,78913.06060606061,906.9809799968589
Mornings,LightGBM,81543.11111111111,906.9746853143679
Mornings,LightGBM,84173.16161616161,906.9746853143679
Mornings,LightGBM,86803.21212121211,906.9746853143679
Mornings,LightGBM,89433.26262626261,906.9746853143679
Mornings,LightGBM,92063.31313131313,906.9746853143679
Mornings,LightGBM,94693.36363636363,906.9746853143679
Mornings,LightGBM,97323.41414141413,906.9746853143679
Mornings,LightGBM,99953.46464646464,906.9746853143679
Mornings,LightGBM,102583.51515151515,906.9746853143679
Mornings,LightGBM,105213.56565656565,906.9746853143679
Mornings,LightGBM,107843.61616161616,903.40610726472
Mornings,LightGBM,110473.66666666666,903.7404882956404
Mornings,LightGBM,113103.71717171716,903.7404882956404
Mornings,LightGBM,115733.76767676767,721.8331111322241
Mornings,LightGBM,118363.81818181818,726.0410622795448
Mornings,LightGBM,120993.86868686868,726.0410622795448
Mornings,LightGBM,123623.91919191918,726.0410622795448
Mornings,LightGBM,126253.9696969697,726.0410622795448
Mornings,LightGBM,128884.0202020202,727.653886673147
Mornings,LightGBM,131514.0707070707,727.653886673147
Mornings,LightGBM,134144.12121212122,727.653886673147
Mornings,LightGBM,136774.1717171717,727.653886673147
Mornings,LightGBM,139404.22222222222,737.9836316956452
Mornings,LightGBM,142034.2727272727,738.3626171744212
Mornings,LightGBM,144664.32323232322,738.6746176408101
Mornings,LightGBM,147294.37373737374,744.8162672479622
Mornings,LightGBM,149924.42424242423,745.2656782854791
Mornings,LightGBM,152554.47474747474,745.3437277869165
Mornings,LightGBM,155184.52525252523,745.778863499548
Mornings,LightGBM,157814.57575757575,745.8283092564325
Mornings,LightGBM,160444.62626262626,730.0564082711401
Mornings,LightGBM,163074.67676767675,710.1263161905364
Mornings,LightGBM,165704.72727272726,714.2974579982309
Mornings,LightGBM,168334.77777777778,714.3885345180224
Mornings,LightGBM,170964.82828282827,724.4460411896331
Mornings,LightGBM,173594.87878787878,723.7634866029982
Mornings,LightGBM,176224.92929292927,723.7634866029982
Mornings,LightGBM,178854.9797979798,722.0262971085291
Mornings,LightGBM,181485.0303030303,722.1936769642905
Mornings,LightGBM,184115.0808080808,723.2736034334289
Mornings,LightGBM,186745.1313131313,726.5925662400069
Mornings,LightGBM,189375.1818181818,726.231040263755
Mornings,LightGBM,192005.2323232323,731.6679481846942
Mornings,LightGBM,194635.28282828283,731.743587599536
Mornings,LightGBM,197265.3333333333,731.4344135035985
Mornings,LightGBM,199895.38383838383,731.4344135035985
Mornings,LightGBM,202525.43434343432,731.897872703354
Mornings,LightGBM,205155.48484848483,729.1369617984464
Mornings,LightGBM,207785.53535353535,729.3014960777349
Mornings,LightGBM,210415.58585858584,729.0483051384059
Mornings,LightGBM,213045.63636363635,731.76796272762
Mornings,LightGBM,215675.68686868684,742.7314157826751
Mornings,LightGBM,218305.73737373736,742.7402184927956
Mornings,LightGBM,220935.78787878787,749.8200299178955
Mornings,LightGBM,223565.83838383836,747.7172411956124
Mornings,LightGBM,226195.88888888888,744.2612978125478
Mornings,LightGBM,228825.9393939394,743.9111925125904
Mornings,LightGBM,231455.98989898988,743.2826795482923
Mornings,LightGBM,234086.0404040404,743.7395034490887
Mornings,LightGBM,236716.09090909088,743.5910040709343
Mornings,LightGBM,239346.1414141414,740.527917337922
Mornings,LightGBM,241976.19191919192,741.8016016743878
Mornings,LightGBM,244606.2424242424,749.3044703810795
Mornings,LightGBM,247236.29292929292,745.979274342537
Mornings,LightGBM,249866.3434343434,737.7784601764049
Mornings,LightGBM,252496.39393939392,750.2255554056234
Mornings,LightGBM,255126.44444444444,752.9908987056792
Mornings,LightGBM,257756.49494949493,752.2927722923799
Mornings,LightGBM,260386.54545454544,752.6708295850548
Mornings,LightGBM,263016.5959595959,752.8122029742218
Mornings,LightGBM,265646.64646464644,753.0597629868729
Mornings,LightGBM,268276.69696969696,753.0757848819659
Mornings,LightGBM,270906.7474747475,753.0757848819659
Mornings,LightGBM,273536.79797979794,753.0757848819659
Mornings,LightGBM,276166.84848484845,753.0757848819659
Mornings,LightGBM,278796.89898989897,755.1113525064821
Mornings,LightGBM,281426.9494949495,755.1113525064821
Mornings,LightGBM,284057.0,755.1113525064821
Mornings,XGBoost,23682.0,1074.9716796875
Mornings,XGBoost,26312.050505050505,1074.9716796875
Mornings,XGBoost,28942.10101010101,1075.0030517578125
Mornings,XGBoost,31572.151515151512,1075.0020751953125
Mornings,XGBoost,34202.20202020202,1075.0020751953125
Mornings,XGBoost,36832.25252525252,1075.0020751953125
Mornings,XGBoost,39462.303030303025,1075.9658203125
Mornings,XGBoost,42092.35353535353,1078.205078125
Mornings,XGBoost,44722.40404040404,1078.205078125
Mornings,XGBoost,47352.454545454544,1079.290283203125
Mornings,XGBoost,49982.505050505046,1079.290283203125
Mornings,XGBoost,52612.555555555555,1079.41845703125
Mornings,XGBoost,55242.60606060606,1079.424560546875
Mornings,XGBoost,57872.656565656565,1080.464111328125
Mornings,XGBoost,60502.70707070707,1080.464111328125
Mornings,XGBoost,63132.757575757576,1080.464111328125
Mornings,XGBoost,65762.80808080808,1080.464111328125
Mornings,XGBoost,68392.85858585857,1080.464111328125
Mornings,XGBoost,71022.90909090909,1080.464111328125
Mornings,XGBoost,73652.95959595959,1080.4500732421875
Mornings,XGBoost,76283.01010101009,1080.0811767578125
Mornings,XGBoost,78913.06060606061,1080.0811767578125
Mornings,XGBoost,81543.11111111111,1080.0811767578125
Mornings,XGBoost,84173.16161616161,1080.0811767578125
Mornings,XGBoost,86803.21212121211,1080.0811767578125
Mornings,XGBoost,89433.26262626261,1080.0811767578125
Mornings,XGBoost,92063.31313131313,1080.0811767578125
Mornings,XGBoost,94693.36363636363,1080.0811767578125
Mornings,XGBoost,97323.41414141413,1080.84619140625
Mornings,XGBoost,99953.46464646464,1080.84619140625
Mornings,XGBoost,102583.51515151515,1080.9033203125
Mornings,XGBoost,105213.56565656565,1080.9815673828125
Mornings,XGBoost,107843.61616161616,1080.9815673828125
Mornings,XGBoost,110473.66666666666,1081.5018310546875
Mornings,XGBoost,113103.71717171716,897.2724609375
Mornings,XGBoost,115733.76767676767,897.7982177734375
Mornings,XGBoost,118363.81818181818,740.4556884765625
Mornings,XGBoost,120993.86868686868,740.4556884765625
Mornings,XGBoost,123623.91919191918,740.4556884765625
Mornings,XGBoost,126253.9696969697,740.4556884765625
Mornings,XGBoost,128884.0202020202,740.4556884765625
Mornings,XGBoost,131514.0707070707,740.4556884765625
Mornings,XGBoost,134144.12121212122,740.4556884765625
Mornings,XGBoost,136774.1717171717,740.4556884765625
Mornings,XGBoost,139404.22222222222,743.7005004882812
Mornings,XGBoost,142034.2727272727,744.40966796875
Mornings,XGBoost,144664.32323232322,744.727294921875
Mornings,XGBoost,147294.37373737374,747.9500122070312
Mornings,XGBoost,149924.42424242423,748.206298828125
Mornings,XGBoost,152554.47474747474,750.6189575195312
Mornings,XGBoost,155184.52525252523,751.7308349609375
Mornings,XGBoost,157814.57575757575,748.390380859375
Mornings,XGBoost,160444.62626262626,744.12841796875
Mornings,XGBoost,163074.67676767675,691.8597412109375
Mornings,XGBoost,165704.72727272726,691.8597412109375
Mornings,XGBoost,168334.77777777778,694.0177612304688
Mornings,XGBoost,170964.82828282827,692.7369995117188
Mornings,XGBoost,173594.87878787878,692.8680419921875
Mornings,XGBoost,176224.92929292927,692.4432983398438
Mornings,XGBoost,178854.9797979798,692.0513305664062
Mornings,XGBoost,181485.0303030303,692.060546875
Mornings,XGBoost,184115.0808080808,693.0839233398438
Mornings,XGBoost,186745.1313131313,689.0274658203125
Mornings,XGBoost,189375.1818181818,704.5997314453125
Mornings,XGBoost,192005.2323232323,704.8694458007812
Mornings,XGBoost,194635.28282828283,703.4830322265625
Mornings,XGBoost,197265.3333333333,702.4126586914062
Mornings,XGBoost,199895.38383838383,702.4126586914062
Mornings,XGBoost,202525.43434343432,702.3419799804688
Mornings,XGBoost,205155.48484848483,702.1643676757812
Mornings,XGBoost,207785.53535353535,702.88818359375
Mornings,XGBoost,210415.58585858584,703.4229736328125
Mornings,XGBoost,213045.63636363635,705.4609985351562
Mornings,XGBoost,215675.68686868684,711.8305053710938
Mornings,XGBoost,218305.73737373736,712.023193359375
Mornings,XGBoost,220935.78787878787,712.6701049804688
Mornings,XGBoost,223565.83838383836,711.9888916015625
Mornings,XGBoost,226195.88888888888,708.5512084960938
Mornings,XGBoost,228825.9393939394,709.540283203125
Mornings,XGBoost,231455.98989898988,709.650390625
Mornings,XGBoost,234086.0404040404,708.0408935546875
Mornings,XGBoost,236716.09090909088,708.0765991210938
Mornings,XGBoost,239346.1414141414,705.55615234375
Mornings,XGBoost,241976.19191919192,705.8184204101562
Mornings,XGBoost,244606.2424242424,712.544189453125
Mornings,XGBoost,247236.29292929292,712.4619140625
Mornings,XGBoost,249866.3434343434,713.4406127929688
Mornings,XGBoost,252496.39393939392,722.4827270507812
Mornings,XGBoost,255126.44444444444,718.0153198242188
Mornings,XGBoost,257756.49494949493,716.9177856445312
Mornings,XGBoost,260386.54545454544,719.236328125
Mornings,XGBoost,263016.5959595959,721.0579833984375
Mornings,XGBoost,265646.64646464644,721.0579833984375
Mornings,XGBoost,268276.69696969696,719.7820434570312
Mornings,XGBoost,270906.7474747475,719.7820434570312
Mornings,XGBoost,273536.79797979794,719.7820434570312
Mornings,XGBoost,276166.84848484845,719.4447021484375
Mornings,XGBoost,278796.89898989897,719.4447021484375
Mornings,XGBoost,281426.9494949495,719.4447021484375
Mornings,XGBoost,284057.0,719.4447021484375
Lunches,CatBoost,23682.0,1065.8207524663142
Lunches,CatBoost,26312.050505050505,1071.4227686512663
Lunches,CatBoost,28942.10101010101,1077.7335454370157
Lunches,CatBoost,31572.151515151512,1077.7335454370157
Lunches,CatBoost,34202.20202020202,1077.7335454370157
Lunches,CatBoost,36832.25252525252,1077.7335454370157
Lunches,CatBoost,39462.303030303025,1077.1248504586704
Lunches,CatBoost,42092.35353535353,1076.2037489695833
Lunches,CatBoost,44722.40404040404,1078.908488826659
Lunches,CatBoost,47352.454545454544,1078.908488826659
Lunches,CatBoost,49982.505050505046,1078.908488826659
Lunches,CatBoost,52612.555555555555,1080.3262865067786
Lunches,CatBoost,55242.60606060606,1080.3262865067786
Lunches,CatBoost,57872.656565656565,1078.5616538045965
Lunches,CatBoost,60502.70707070707,1078.5616538045965
Lunches,CatBoost,63132.757575757576,1078.5616538045965
Lunches,CatBoost,65762.80808080808,1078.5616538045965
Lunches,CatBoost,68392.85858585857,1078.5616538045965
Lunches,CatBoost,71022.90909090909,1078.5616538045965
Lunches,CatBoost,73652.95959595959,1078.5616538045965
Lunches,CatBoost,76283.01010101009,1078.5616538045965
Lunches,CatBoost,78913.06060606061,1078.5616538045965
Lunches,CatBoost,81543.11111111111,1078.5616538045965
Lunches,CatBoost,84173.16161616161,1078.5616538045965
Lunches,CatBoost,86803.21212121211,1078.5616538045965
Lunches,CatBoost,89433.26262626261,1078.5616538045965
Lunches,CatBoost,92063.31313131313,1078.5616538045965
Lunches,CatBoost,94693.36363636363,1078.5616538045965
Lunches,CatBoost,97323.41414141413,1078.5616538045965
Lunches,CatBoost,99953.46464646464,1078.5616538045965
Lunches,CatBoost,102583.51515151515,1078.5616538045965
Lunches,CatBoost,105213.56565656565,1078.5616538045965
Lunches,CatBoost,107843.61616161616,1078.5616538045965
Lunches,CatBoost,110473.66666666666,1078.207294985166
Lunches,CatBoost,113103.71717171716,1078.207294985166
Lunches,CatBoost,115733.76767676767,1110.6743485867833
Lunches,CatBoost,118363.81818181818,1110.6743485867833
Lunches,CatBoost,120993.86868686868,1110.6743485867833
Lunches,CatBoost,123623.91919191918,1110.6743485867833
Lunches,CatBoost,126253.9696969697,1110.6743485867833
Lunches,CatBoost,128884.0202020202,1110.6743485867833
Lunches,CatBoost,131514.0707070707,1110.6743485867833
Lunches,CatBoost,134144.12121212122,1106.6827452250884
Lunches,CatBoost,136774.1717171717,1106.6827452250884
Lunches,CatBoost,139404.22222222222,1106.6827452250884
Lunches,CatBoost,142034.2727272727,1111.17321368246
Lunches,CatBoost,144664.32323232322,1111.2214524536228
Lunches,CatBoost,147294.37373737374,1112.844591440811
Lunches,CatBoost,149924.42424242423,1112.844591440811
Lunches,CatBoost,152554.47474747474,1112.844591440811
Lunches,CatBoost,155184.52525252523,1112.844591440811
Lunches,CatBoost,157814.57575757575,1112.458077388597
Lunches,CatBoost,160444.62626262626,1112.589617332041
Lunches,CatBoost,163074.67676767675,1111.144977488396
Lunches,CatBoost,165704.72727272726,1111.2237299122783
Lunches,CatBoost,168334.77777777778,1111.2237299122783
Lunches,CatBoost,170964.82828282827,1115.063633064812
Lunches,CatBoost,173594.87878787878,1114.265803734427
Lunches,CatBoost,176224.92929292927,1113.4766402412017
Lunches,CatBoost,178854.9797979798,1113.0386340700072
Lunches,CatBoost,181485.0303030303,1113.0386340700072
Lunches,CatBoost,184115.0808080808,1109.9156835446545
Lunches,CatBoost,186745.1313131313,1108.1984369812224
Lunches,CatBoost,189375.1818181818,1107.769944811025
Lunches,CatBoost,192005.2323232323,1107.8304373166623
Lunches,CatBoost,194635.28282828283,1109.2872536381751
Lunches,CatBoost,197265.3333333333,1106.9396909798445
Lunches,CatBoost,199895.38383838383,1107.6078707807178
Lunches,CatBoost,202525.43434343432,1107.6688028586764
Lunches,CatBoost,205155.48484848483,1116.7877158125132
Lunches,CatBoost,207785.53535353535,1104.9489531802774
Lunches,CatBoost,210415.58585858584,1102.538505414369
Lunches,CatBoost,213045.63636363635,1102.7815344003689
Lunches,CatBoost,215675.68686868684,1152.9540683882944
Lunches,CatBoost,218305.73737373736,1152.9540683882944
Lunches,CatBoost,220935.78787878787,1154.9725906105261
Lunches,CatBoost,223565.83838383836,1154.4040254150277
Lunches,CatBoost,226195.88888888888,1140.2336510533517
Lunches,CatBoost,228825.9393939394,1141.4769782374733
Lunches,CatBoost,231455.98989898988,1133.5205666659867
Lunches,CatBoost,234086.0404040404,1132.7948531874474
Lunches,CatBoost,236716.09090909088,1139.8640510996283
Lunches,CatBoost,239346.1414141414,1139.8640510996283
Lunches,CatBoost,241976.19191919192,1140.9269385214614
Lunches,CatBoost,244606.2424242424,1159.450230549706
Lunches,CatBoost,247236.29292929292,1157.0275572370492
Lunches,CatBoost,249866.3434343434,1185.3831052840114
Lunches,CatBoost,252496.39393939392,1185.4360728835147
Lunches,CatBoost,255126.44444444444,1175.648158035598
Lunches,CatBoost,257756.49494949493,1188.2946046266668
Lunches,CatBoost,260386.54545454544,1187.8096261373876
Lunches,CatBoost,263016.5959595959,1185.1402528965684
Lunches,CatBoost,265646.64646464644,1185.1402528965684
Lunches,CatBoost,268276.69696969696,1185.1402528965684
Lunches,CatBoost,270906.7474747475,1184.8828066810695
Lunches,CatBoost,273536.79797979794,1184.8828066810695
Lunches,CatBoost,276166.84848484845,1183.798138730534
Lunches,CatBoost,278796.89898989897,1191.945202402551
Lunches,CatBoost,281426.9494949495,1191.945202402551
Lunches,CatBoost,284057.0,1191.945202402551
Lunches,LightGBM,23682.0,897.7493603405461
Lunches,LightGBM,26312.050505050505,897.7493603405461
Lunches,LightGBM,28942.10101010101,909.4821551879866
Lunches,LightGBM,31572.151515151512,909.4821551879866
Lunches,LightGBM,34202.20202020202,909.4821551879866
Lunches,LightGBM,36832.25252525252,909.4821551879866
Lunches,LightGBM,39462.303030303025,909.4821551879866
Lunches,LightGBM,42092.35353535353,909.4972474004924
Lunches,LightGBM,44722.40404040404,909.4972474004924
Lunches,LightGBM,47352.454545454544,909.4972474004924
Lunches,LightGBM,49982.505050505046,912.2156898049991
Lunches,LightGBM,52612.555555555555,919.7768253543876
Lunches,LightGBM,55242.60606060606,919.7768253543876
Lunches,LightGBM,57872.656565656565,919.7999599697363
Lunches,LightGBM,60502.70707070707,919.7999599697363
Lunches,LightGBM,63132.757575757576,919.7999599697363
Lunches,LightGBM,65762.80808080808,919.7999599697363
Lunches,LightGBM,68392.85858585857,919.7999599697363
Lunches,LightGBM,71022.90909090909,919.7999599697363
Lunches,LightGBM,73652.95959595959,919.7945766555946
Lunches,LightGBM,76283.01010101009,919.7945766555946
Lunches,LightGBM,78913.06060606061,919.808523282896
Lunches,LightGBM,81543.11111111111,919.808523282896
Lunches,LightGBM,84173.16161616161,919.6083942828916
Lunches,LightGBM,86803.21212121211,919.6083942828916
Lunches,LightGBM,89433.26262626261,919.6083942828916
Lunches,LightGBM,92063.31313131313,919.6083942828916
Lunches,LightGBM,94693.36363636363,919.6083942828916
Lunches,LightGBM,97323.41414141413,919.6083942828916
Lunches,LightGBM,99953.46464646464,919.6083942828916
Lunches,LightGBM,102583.51515151515,919.6083942828916
Lunches,LightGBM,105213.56565656565,919.6083942828916
Lunches,LightGBM,107843.61616161616,919.4302310742138
Lunches,LightGBM,110473.66666666666,919.4423507533287
Lunches,LightGBM,113103.71717171716,919.4423507533287
Lunches,LightGBM,115733.76767676767,918.3979061380334
Lunches,LightGBM,118363.81818181818,918.3928751253812
Lunches,LightGBM,120993.86868686868,918.3928751253812
Lunches,LightGBM,123623.91919191918,941.6635697025406
Lunches,LightGBM,126253.9696969697,941.6635697025406
Lunches,LightGBM,128884.0202020202,1159.3583967421255
Lunches,LightGBM,131514.0707070707,1159.3583967421255
Lunches,LightGBM,134144.12121212122,1159.3583967421255
Lunches,LightGBM,136774.1717171717,1159.3583967421255
Lunches,LightGBM,139404.22222222222,1159.0078911043386
Lunches,LightGBM,142034.2727272727,1170.19133630971
Lunches,LightGBM,144664.32323232322,1169.2448967912846
Lunches,LightGBM,147294.37373737374,1170.9827885277105
Lunches,LightGBM,149924.42424242423,1171.0683376044324
Lunches,LightGBM,152554.47474747474,1173.5216473074304
Lunches,LightGBM,155184.52525252523,1173.7613790435755
Lunches,LightGBM,157814.57575757575,1173.8413708186774
Lunches,LightGBM,160444.62626262626,1173.3930276074423
Lunches,LightGBM,163074.67676767675,1172.2035756835269
Lunches,LightGBM,165704.72727272726,1178.1603886959797
Lunches,LightGBM,168334.77777777778,1178.435476019558
Lunches,LightGBM,170964.82828282827,1177.0180683372803
Lunches,LightGBM,173594.87878787878,1176.528069302977
Lunches,LightGBM,176224.92929292927,1176.5327769867977
Lunches,LightGBM,178854.9797979798,1175.9246653516368
Lunches,LightGBM,181485.0303030303,1175.9044181213387
Lunches,LightGBM,184115.0808080808,1175.9108015532124
Lunches,LightGBM,186745.1313131313,1176.1709212678986
Lunches,LightGBM,189375.1818181818,1192.0208992003136
Lunches,LightGBM,192005.2323232323,1192.1470697794641
Lunches,LightGBM,194635.28282828283,1192.7325540874904
Lunches,LightGBM,197265.3333333333,1192.444960702514
Lunches,LightGBM,199895.38383838383,1192.451830800432
Lunches,LightGBM,202525.43434343432,1203.1360249819536
Lunches,LightGBM,205155.48484848483,1199.9981073740983
Lunches,LightGBM,207785.53535353535,1201.3262087614708
Lunches,LightGBM,210415.58585858584,1201.0402329334663
Lunches,LightGBM,213045.63636363635,1207.0013345289146
Lunches,LightGBM,215675.68686868684,1240.6110301262659
Lunches,LightGBM,218305.73737373736,1240.5070252025178
Lunches,LightGBM,220935.78787878787,1247.666020764038
Lunches,LightGBM,223565.83838383836,1246.8067202312125
Lunches,LightGBM,226195.88888888888,1245.5535682061145
Lunches,LightGBM,228825.9393939394,1244.43357362988
Lunches,LightGBM,231455.98989898988,1244.0669851058735
Lunches,LightGBM,234086.0404040404,1242.7697486171799
Lunches,LightGBM,236716.09090909088,1241.2227205985419
Lunches,LightGBM,239346.1414141414,1241.232246343738
Lunches,LightGBM,241976.19191919192,1242.855659520545
Lunches,LightGBM,244606.2424242424,1265.7349281565903
Lunches,LightGBM,247236.29292929292,1265.5667372193757
Lunches,LightGBM,249866.3434343434,1264.2694463023922
Lunches,LightGBM,252496.39393939392,1252.9637381909927
Lunches,LightGBM,255126.44444444444,1250.5574180040876
Lunches,LightGBM,257756.49494949493,1250.8518237840685
Lunches,LightGBM,260386.54545454544,1250.0407535359345
Lunches,LightGBM,263016.5959595959,1248.3610146577198
Lunches,LightGBM,265646.64646464644,1247.071444876136
Lunches,LightGBM,268276.69696969696,1247.071444876136
Lunches,LightGBM,270906.7474747475,1250.0884310545694
Lunches,LightGBM,273536.79797979794,1250.0884310545694
Lunches,LightGBM,276166.84848484845,1250.0884310545694
Lunches,LightGBM,278796.89898989897,1250.0884310545694
Lunches,LightGBM,281426.9494949495,1250.0884310545694
Lunches,LightGBM,284057.0,1250.0884310545694
Lunches,XGBoost,23682.0,904.6639404296875
Lunches,XGBoost,26312.050505050505,904.6639404296875
Lunches,XGBoost,28942.10101010101,914.35205078125
Lunches,XGBoost,31572.151515151512,914.35205078125
Lunches,XGBoost,34202.20202020202,914.35205078125
Lunches,XGBoost,36832.25252525252,914.35205078125
Lunches,XGBoost,39462.303030303025,914.041259765625
Lunches,XGBoost,42092.35353535353,914.1394653320312
Lunches,XGBoost,44722.40404040404,914.1300048828125
Lunches,XGBoost,47352.454545454544,914.6320190429688
Lunches,XGBoost,49982.505050505046,914.6320190429688
Lunches,XGBoost,52612.555555555555,917.48876953125
Lunches,XGBoost,55242.60606060606,917.5322265625
Lunches,XGBoost,57872.656565656565,917.191162109375
Lunches,XGBoost,60502.70707070707,917.191162109375
Lunches,XGBoost,63132.757575757576,917.191162109375
Lunches,XGBoost,65762.80808080808,917.191162109375
Lunches,XGBoost,68392.85858585857,917.191162109375
Lunches,XGBoost,71022.90909090909,917.191162109375
Lunches,XGBoost,73652.95959595959,917.54150390625
Lunches,XGBoost,76283.01010101009,917.5519409179688
Lunches,XGBoost,78913.06060606061,917.5519409179688
Lunches,XGBoost,81543.11111111111,917.5519409179688
Lunches,XGBoost,84173.16161616161,917.5519409179688
Lunches,XGBoost,86803.21212121211,917.5519409179688
Lunches,XGBoost,89433.26262626261,917.5519409179688
Lunches,XGBoost,92063.31313131313,917.5519409179688
Lunches,XGBoost,94693.36363636363,917.5519409179688
Lunches,XGBoost,97323.41414141413,917.5519409179688
Lunches,XGBoost,99953.46464646464,917.5519409179688
Lunches,XGBoost,102583.51515151515,917.5519409179688
Lunches,XGBoost,105213.56565656565,917.5519409179688
Lunches,XGBoost,107843.61616161616,914.5790405273438
Lunches,XGBoost,110473.66666666666,914.5137329101562
Lunches,XGBoost,113103.71717171716,914.5137329101562
Lunches,XGBoost,115733.76767676767,914.5208740234375
Lunches,XGBoost,118363.81818181818,914.5208740234375
Lunches,XGBoost,120993.86868686868,936.5902709960938
Lunches,XGBoost,123623.91919191918,936.5448608398438
Lunches,XGBoost,126253.9696969697,954.213134765625
Lunches,XGBoost,128884.0202020202,954.213134765625
Lunches,XGBoost,131514.0707070707,954.213134765625
Lunches,XGBoost,134144.12121212122,954.213134765625
Lunches,XGBoost,136774.1717171717,954.213134765625
Lunches,XGBoost,139404.22222222222,1172.761962890625
Lunches,XGBoost,142034.2727272727,1172.6883544921875
Lunches,XGBoost,144664.32323232322,1174.6341552734375
Lunches,XGBoost,147294.37373737374,1181.1282958984375
Lunches,XGBoost,149924.42424242423,1178.0699462890625
Lunches,XGBoost,152554.47474747474,1184.93701171875
Lunches,XGBoost,155184.52525252523,1182.0172119140625
Lunches,XGBoost,157814.57575757575,1178.62451171875
Lunches,XGBoost,160444.62626262626,1188.6483154296875
Lunches,XGBoost,163074.67676767675,1182.764892578125
Lunches,XGBoost,165704.72727272726,1182.764892578125
Lunches,XGBoost,168334.77777777778,1190.7823486328125
Lunches,XGBoost,170964.82828282827,1188.7718505859375
Lunches,XGBoost,173594.87878787878,1188.7718505859375
Lunches,XGBoost,176224.92929292927,1188.9072265625
Lunches,XGBoost,178854.9797979798,1188.8265380859375
Lunches,XGBoost,181485.0303030303,1189.3834228515625
Lunches,XGBoost,184115.0808080808,1189.37890625
Lunches,XGBoost,186745.1313131313,1189.37890625
Lunches,XGBoost,189375.1818181818,1199.7823486328125
Lunches,XGBoost,192005.2323232323,1199.5579833984375
Lunches,XGBoost,194635.28282828283,1196.4437255859375
Lunches,XGBoost,197265.3333333333,1198.291015625
Lunches,XGBoost,199895.38383838383,1198.291015625
Lunches,XGBoost,202525.43434343432,1199.11181640625
Lunches,XGBoost,205155.48484848483,1200.0760498046875
Lunches,XGBoost,207785.53535353535,1198.248291015625
Lunches,XGBoost,210415.58585858584,1200.41162109375
Lunches,XGBoost,213045.63636363635,1201.06396484375
Lunches,XGBoost,215675.68686868684,1202.6788330078125
Lunches,XGBoost,218305.73737373736,1201.2618408203125
Lunches,XGBoost,220935.78787878787,1203.4610595703125
Lunches,XGBoost,223565.83838383836,1200.43212890625
Lunches,XGBoost,226195.88888888888,1198.1690673828125
Lunches,XGBoost,228825.9393939394,1191.9296875
Lunches,XGBoost,231455.98989898988,1190.4884033203125
Lunches,XGBoost,234086.0404040404,1188.615234375
Lunches,XGBoost,236716.09090909088,1189.4193115234375
Lunches,XGBoost,239346.1414141414,1188.375
Lunches,XGBoost,241976.19191919192,1188.0142822265625
Lunches,XGBoost,244606.2424242424,1196.2587890625
Lunches,XGBoost,247236.29292929292,1195.7315673828125
Lunches,XGBoost,249866.3434343434,1189.1864013671875
Lunches,XGBoost,252496.39393939392,1191.1995849609375
Lunches,XGBoost,255126.44444444444,1186.8548583984375
Lunches,XGBoost,257756.49494949493,1188.3568115234375
Lunches,XGBoost,260386.54545454544,1183.839111328125
Lunches,XGBoost,263016.5959595959,1183.035888671875
Lunches,XGBoost,265646.64646464644,1183.035888671875
Lunches,XGBoost,268276.69696969696,1184.378662109375
Lunches,XGBoost,270906.7474747475,1184.378662109375
Lunches,XGBoost,273536.79797979794,1184.378662109375
Lunches,XGBoost,276166.84848484845,1190.159423828125
Lunches,XGBoost,278796.89898989897,1190.159423828125
Lunches,XGBoost,281426.9494949495,1190.159423828125
Lunches,XGBoost,284057.0,1190.159423828125
Afternoons,CatBoost,23682.0,1113.300584054804
Afternoons,CatBoost,26312.050505050505,1113.300584054804
Afternoons,CatBoost,28942.10101010101,1114.3435407832496
Afternoons,CatBoost,31572.151515151512,1114.3345429425685
Afternoons,CatBoost,34202.20202020202,1114.3345429425685
Afternoons,CatBoost,36832.25252525252,1114.3345429425685
Afternoons,CatBoost,39462.303030303025,1112.6874492929426
Afternoons,CatBoost,42092.35353535353,1107.9289509220207
Afternoons,CatBoost,44722.40404040404,1108.722569855675
Afternoons,CatBoost,47352.454545454544,1108.722569855675
Afternoons,CatBoost,49982.505050505046,1113.7598583514464
Afternoons,CatBoost,52612.555555555555,1113.7598583514464
Afternoons,CatBoost,55242.60606060606,1118.7199192047663
Afternoons,CatBoost,57872.656565656565,1114.6261772835935
Afternoons,CatBoost,60502.70707070707,1114.6261772835935
Afternoons,CatBoost,63132.757575757576,1114.6261772835935
Afternoons,CatBoost,65762.80808080808,1114.6261772835935
Afternoons,CatBoost,68392.85858585857,1114.6261772835935
Afternoons,CatBoost,71022.90909090909,1114.6261772835935
Afternoons,CatBoost,73652.95959595959,1114.6261772835935
Afternoons,CatBoost,76283.01010101009,1114.6261772835935
Afternoons,CatBoost,78913.06060606061,1114.6261772835935
Afternoons,CatBoost,81543.11111111111,1114.6261772835935
Afternoons,CatBoost,84173.16161616161,1114.6261772835935
Afternoons,CatBoost,86803.21212121211,1114.6261772835935
Afternoons,CatBoost,89433.26262626261,1114.6261772835935
Afternoons,CatBoost,92063.31313131313,1114.6261772835935
Afternoons,CatBoost,94693.36363636363,1114.6261772835935
Afternoons,CatBoost,97323.41414141413,1114.6261772835935
Afternoons,CatBoost,99953.46464646464,1114.6261772835935
Afternoons,CatBoost,102583.51515151515,1114.6261772835935
Afternoons,CatBoost,105213.56565656565,1114.6261772835935
Afternoons,CatBoost,107843.61616161616,1110.0146253270882
Afternoons,CatBoost,110473.66666666666,1110.313753663395
Afternoons,CatBoost,113103.71717171716,1107.4548361735356
Afternoons,CatBoost,115733.76767676767,1109.1741347057803
Afternoons,CatBoost,118363.81818181818,1109.3357465809088
Afternoons,CatBoost,120993.86868686868,1109.3357465809088
Afternoons,CatBoost,123623.91919191918,1109.3357465809088
Afternoons,CatBoost,126253.9696969697,1109.3357465809088
Afternoons,CatBoost,128884.0202020202,1109.3357465809088
Afternoons,CatBoost,131514.0707070707,1109.3357465809088
Afternoons,CatBoost,134144.12121212122,1109.3357465809088
Afternoons,CatBoost,136774.1717171717,1109.3357465809088
Afternoons,CatBoost,139404.22222222222,1109.3357465809088
Afternoons,CatBoost,142034.2727272727,1109.3357465809088
Afternoons,CatBoost,144664.32323232322,1109.3357465809088
Afternoons,CatBoost,147294.37373737374,1145.9692421912282
Afternoons,CatBoost,149924.42424242423,1145.9692421912282
Afternoons,CatBoost,152554.47474747474,1158.2328670763293
Afternoons,CatBoost,155184.52525252523,1158.2328670763293
Afternoons,CatBoost,157814.57575757575,1158.2328670763293
Afternoons,CatBoost,160444.62626262626,1158.2328670763293
Afternoons,CatBoost,163074.67676767675,1186.3145831698514
Afternoons,CatBoost,165704.72727272726,1186.3145831698514
Afternoons,CatBoost,168334.77777777778,1186.3145831698514
Afternoons,CatBoost,170964.82828282827,1189.6576277185288
Afternoons,CatBoost,173594.87878787878,1189.6576277185288
Afternoons,CatBoost,176224.92929292927,1189.6671439673123
Afternoons,CatBoost,178854.9797979798,1188.1010566773805
Afternoons,CatBoost,181485.0303030303,1185.9686388648815
Afternoons,CatBoost,184115.0808080808,1183.884308597702
Afternoons,CatBoost,186745.1313131313,1183.884308597702
Afternoons,CatBoost,189375.1818181818,1240.2341423018813
Afternoons,CatBoost,192005.2323232323,1240.1220968102098
Afternoons,CatBoost,194635.28282828283,1238.2399981911126
Afternoons,CatBoost,197265.3333333333,1247.7249404920253
Afternoons,CatBoost,199895.38383838383,1247.7249404920253
Afternoons,CatBoost,202525.43434343432,1267.2499771253445
Afternoons,CatBoost,205155.48484848483,1277.0311259363082
Afternoons,CatBoost,207785.53535353535,1275.0996009670498
Afternoons,CatBoost,210415.58585858584,1272.0384728294423
Afternoons,CatBoost,213045.63636363635,1262.6113575201048
Afternoons,CatBoost,215675.68686868684,1322.5022209213405
Afternoons,CatBoost,218305.73737373736,1322.1989487746034
Afternoons,CatBoost,220935.78787878787,1362.4830159305295
Afternoons,CatBoost,223565.83838383836,1364.4077574626306
Afternoons,CatBoost,226195.88888888888,1348.8065106845036
Afternoons,CatBoost,228825.9393939394,1348.8269343455895
Afternoons,CatBoost,231455.98989898988,1342.4854677121612
Afternoons,CatBoost,234086.0404040404,1351.654886348953
Afternoons,CatBoost,236716.09090909088,1356.6035943611475
Afternoons,CatBoost,239346.1414141414,1357.5341085477553
Afternoons,CatBoost,241976.19191919192,1358.5973204239353
Afternoons,CatBoost,244606.2424242424,1366.7053031678417
Afternoons,CatBoost,247236.29292929292,1366.889845372483
Afternoons,CatBoost,249866.3434343434,1373.151560451488
Afternoons,CatBoost,252496.39393939392,1382.1466571679116
Afternoons,CatBoost,255126.44444444444,1381.0412049339686
Afternoons,CatBoost,257756.49494949493,1381.731253403041
Afternoons,CatBoost,260386.54545454544,1382.2948114480728
Afternoons,CatBoost,263016.5959595959,1381.3707169684233
Afternoons,CatBoost,265646.64646464644,1381.9830189448537
Afternoons,CatBoost,268276.69696969696,1385.145424439204
Afternoons,CatBoost,270906.7474747475,1385.145424439204
Afternoons,CatBoost,273536.79797979794,1385.145424439204
Afternoons,CatBoost,276166.84848484845,1385.145424439204
Afternoons,CatBoost,278796.89898989897,1385.145424439204
Afternoons,CatBoost,281426.9494949495,1385.145424439204
Afternoons,CatBoost,284057.0,1385.145424439204
Afternoons,LightGBM,23682.0,1025.1083334044813
Afternoons,LightGBM,26312.050505050505,1025.1083334044813
Afternoons,LightGBM,28942.10101010101,1036.4807021199517
Afternoons,LightGBM,31572.151515151512,1036.4807021199517
Afternoons,LightGBM,34202.20202020202,1036.4807021199517
Afternoons,LightGBM,36832.25252525252,1036.4807021199517
Afternoons,LightGBM,39462.303030303025,1036.4807021199517
Afternoons,LightGBM,42092.35353535353,1042.9919454211752
Afternoons,LightGBM,44722.40404040404,1042.9919454211752
Afternoons,LightGBM,47352.454545454544,1042.9919454211752
Afternoons,LightGBM,49982.505050505046,1056.2748976427883
Afternoons,LightGBM,52612.555555555555,1060.2149458877568
Afternoons,LightGBM,55242.60606060606,1060.2149458877568
Afternoons,LightGBM,57872.656565656565,1057.1302220799898
Afternoons,LightGBM,60502.70707070707,1057.1302220799898
Afternoons,LightGBM,63132.757575757576,1057.1302220799898
Afternoons,LightGBM,65762.80808080808,1057.1302220799898
Afternoons,LightGBM,68392.85858585857,1057.1302220799898
Afternoons,LightGBM,71022.90909090909,1057.1302220799898
Afternoons,LightGBM,73652.95959595959,1056.5077543139937
Afternoons,LightGBM,76283.01010101009,1056.5621742624337
Afternoons,LightGBM,78913.06060606061,1056.5801488747495
Afternoons,LightGBM,81543.11111111111,1056.5801488747495
Afternoons,LightGBM,84173.16161616161,1056.5801488747495
Afternoons,LightGBM,86803.21212121211,1056.5801488747495
Afternoons,LightGBM,89433.26262626261,1056.5801488747495
Afternoons,LightGBM,92063.31313131313,1056.5801488747495
Afternoons,LightGBM,94693.36363636363,1056.5801488747495
Afternoons,LightGBM,97323.41414141413,1056.5801488747495
Afternoons,LightGBM,99953.46464646464,1056.5801488747495
Afternoons,LightGBM,102583.51515151515,1056.5801488747495
Afternoons,LightGBM,105213.56565656565,1056.5801488747495
Afternoons,LightGBM,107843.61616161616,1055.1969935509485
Afternoons,LightGBM,110473.66666666666,1055.3015880477208
Afternoons,LightGBM,113103.71717171716,1055.3300738917221
Afternoons,LightGBM,115733.76767676767,1045.6329848841483
Afternoons,LightGBM,118363.81818181818,1045.6329848841483
Afternoons,LightGBM,120993.86868686868,1045.6329848841483
Afternoons,LightGBM,123623.91919191918,1109.334323341646
Afternoons,LightGBM,126253.9696969697,1109.334323341646
Afternoons,LightGBM,128884.0202020202,1287.065516601354
Afternoons,LightGBM,131514.0707070707,1287.065516601354
Afternoons,LightGBM,134144.12121212122,1287.065516601354
Afternoons,LightGBM,136774.1717171717,1287.065516601354
Afternoons,LightGBM,139404.22222222222,1286.7725402841231
Afternoons,LightGBM,142034.2727272727,1288.0053513911482
Afternoons,LightGBM,144664.32323232322,1288.390080009933
Afternoons,LightGBM,147294.37373737374,1288.6862485272022
Afternoons,LightGBM,149924.42424242423,1288.6862485272022
Afternoons,LightGBM,152554.47474747474,1298.515343449218
Afternoons,LightGBM,155184.52525252523,1298.4848662024965
Afternoons,LightGBM,157814.57575757575,1298.5791924431896
Afternoons,LightGBM,160444.62626262626,1298.948050057958
Afternoons,LightGBM,163074.67676767675,1298.2265900896662
Afternoons,LightGBM,165704.72727272726,1298.947716048169
Afternoons,LightGBM,168334.77777777778,1298.9265901533415
Afternoons,LightGBM,170964.82828282827,1304.4187560334617
Afternoons,LightGBM,173594.87878787878,1304.0891492997787
Afternoons,LightGBM,176224.92929292927,1304.2368693745127
Afternoons,LightGBM,178854.9797979798,1304.2368526732794
Afternoons,LightGBM,181485.0303030303,1304.3147091994977
Afternoons,LightGBM,184115.0808080808,1304.1987639109552
Afternoons,LightGBM,186745.1313131313,1304.302989043
Afternoons,LightGBM,189375.1818181818,1307.816164587704
Afternoons,LightGBM,192005.2323232323,1308.233408166373
Afternoons,LightGBM,194635.28282828283,1308.2516149797034
Afternoons,LightGBM,197265.3333333333,1308.5177704882183
Afternoons,LightGBM,199895.38383838383,1322.051572011952
Afternoons,LightGBM,202525.43434343432,1326.6146260943503
Afternoons,LightGBM,205155.48484848483,1352.963972688275
Afternoons,LightGBM,207785.53535353535,1332.8627992908414
Afternoons,LightGBM,210415.58585858584,1313.0674521362032
Afternoons,LightGBM,213045.63636363635,1314.9977601955195
Afternoons,LightGBM,215675.68686868684,1369.653536594055
Afternoons,LightGBM,218305.73737373736,1369.9118269553371
Afternoons,LightGBM,220935.78787878787,1373.8642486094861
Afternoons,LightGBM,223565.83838383836,1373.9748529191227
Afternoons,LightGBM,226195.88888888888,1373.4698963754242
Afternoons,LightGBM,228825.9393939394,1373.9388301043925
Afternoons,LightGBM,231455.98989898988,1373.5645107146877
Afternoons,LightGBM,234086.0404040404,1374.3173544662834
Afternoons,LightGBM,236716.09090909088,1376.9918633936124
Afternoons,LightGBM,239346.1414141414,1377.694444870399
Afternoons,LightGBM,241976.19191919192,1380.7143173095471
Afternoons,LightGBM,244606.2424242424,1386.835620012105
Afternoons,LightGBM,247236.29292929292,1379.226541089309
Afternoons,LightGBM,249866.3434343434,1411.3186457359259
Afternoons,LightGBM,252496.39393939392,1373.097198282475
Afternoons,LightGBM,255126.44444444444,1369.821955278118
Afternoons,LightGBM,257756.49494949493,1379.03365138158
Afternoons,LightGBM,260386.54545454544,1377.6023296649144
Afternoons,LightGBM,263016.5959595959,1378.2380364325181
Afternoons,LightGBM,265646.64646464644,1378.5188447054852
Afternoons,LightGBM,268276.69696969696,1379.0247288772528
Afternoons,LightGBM,270906.7474747475,1379.0247288772528
Afternoons,LightGBM,273536.79797979794,1379.0247288772528
Afternoons,LightGBM,276166.84848484845,1379.0247288772528
Afternoons,LightGBM,278796.89898989897,1379.0247288772528
Afternoons,LightGBM,281426.9494949495,1379.0247288772528
Afternoons,LightGBM,284057.0,1379.0247288772528
Afternoons,XGBoost,23682.0,1072.546630859375
Afternoons,XGBoost,26312.050505050505,1072.546630859375
Afternoons,XGBoost,28942.10101010101,1078.6534423828125
Afternoons,XGBoost,31572.151515151512,1078.6534423828125
Afternoons,XGBoost,34202.20202020202,1078.6534423828125
Afternoons,XGBoost,36832.25252525252,1078.6534423828125
Afternoons,XGBoost,39462.303030303025,1078.563232421875
Afternoons,XGBoost,42092.35353535353,1087.310546875
Afternoons,XGBoost,44722.40404040404,1088.8292236328125
Afternoons,XGBoost,47352.454545454544,1088.81982421875
Afternoons,XGBoost,49982.505050505046,1088.81982421875
Afternoons,XGBoost,52612.555555555555,1096.016845703125
Afternoons,XGBoost,55242.60606060606,1096.016845703125
Afternoons,XGBoost,57872.656565656565,1096.4075927734375
Afternoons,XGBoost,60502.70707070707,1096.4075927734375
Afternoons,XGBoost,63132.757575757576,1096.4075927734375
Afternoons,XGBoost,65762.80808080808,1096.4075927734375
Afternoons,XGBoost,68392.85858585857,1096.4075927734375
Afternoons,XGBoost,71022.90909090909,1098.1259765625
Afternoons,XGBoost,73652.95959595959,1098.5206298828125
Afternoons,XGBoost,76283.01010101009,1098.4857177734375
Afternoons,XGBoost,78913.06060606061,1098.489013671875
Afternoons,XGBoost,81543.11111111111,1098.489013671875
Afternoons,XGBoost,84173.16161616161,1098.489013671875
Afternoons,XGBoost,86803.21212121211,1098.489013671875
Afternoons,XGBoost,89433.26262626261,1098.489013671875
Afternoons,XGBoost,92063.31313131313,1098.489013671875
Afternoons,XGBoost,94693.36363636363,1098.489013671875
Afternoons,XGBoost,97323.41414141413,1098.489013671875
Afternoons,XGBoost,99953.46464646464,1098.489013671875
Afternoons,XGBoost,102583.51515151515,1098.489013671875
Afternoons,XGBoost,105213.56565656565,1098.489013671875
Afternoons,XGBoost,107843.61616161616,1072.4044189453125
Afternoons,XGBoost,110473.66666666666,1073.0220947265625
Afternoons,XGBoost,113103.71717171716,1073.0220947265625
Afternoons,XGBoost,115733.76767676767,1072.9957275390625
Afternoons,XGBoost,118363.81818181818,1072.9957275390625
Afternoons,XGBoost,120993.86868686868,1072.9957275390625
Afternoons,XGBoost,123623.91919191918,1072.9957275390625
Afternoons,XGBoost,126253.9696969697,1133.7705078125
Afternoons,XGBoost,128884.0202020202,1133.7705078125
Afternoons,XGBoost,131514.0707070707,1133.7705078125
Afternoons,XGBoost,134144.12121212122,1133.7705078125
Afternoons,XGBoost,136774.1717171717,1133.7705078125
Afternoons,XGBoost,139404.22222222222,1343.9744873046875
Afternoons,XGBoost,142034.2727272727,1343.318359375
Afternoons,XGBoost,144664.32323232322,1349.4012451171875
Afternoons,XGBoost,147294.37373737374,1357.164306640625
Afternoons,XGBoost,149924.42424242423,1357.164306640625
Afternoons,XGBoost,152554.47474747474,1386.0501708984375
Afternoons,XGBoost,155184.52525252523,1385.736083984375
Afternoons,XGBoost,157814.57575757575,1384.7576904296875
Afternoons,XGBoost,160444.62626262626,1386.103759765625
Afternoons,XGBoost,163074.67676767675,1385.73974609375
Afternoons,XGBoost,165704.72727272726,1385.6776123046875
Afternoons,XGBoost,168334.77777777778,1423.160888671875
Afternoons,XGBoost,170964.82828282827,1419.7109375
Afternoons,XGBoost,173594.87878787878,1419.597412109375
Afternoons,XGBoost,176224.92929292927,1425.960693359375
Afternoons,XGBoost,178854.9797979798,1424.57958984375
Afternoons,XGBoost,181485.0303030303,1427.14697265625
Afternoons,XGBoost,184115.0808080808,1427.9393310546875
Afternoons,XGBoost,186745.1313131313,1428.070068359375
Afternoons,XGBoost,189375.1818181818,1441.7174072265625
Afternoons,XGBoost,192005.2323232323,1441.4862060546875
Afternoons,XGBoost,194635.28282828283,1439.3463134765625
Afternoons,XGBoost,197265.3333333333,1440.6163330078125
Afternoons,XGBoost,199895.38383838383,1440.6163330078125
Afternoons,XGBoost,202525.43434343432,1441.057861328125
Afternoons,XGBoost,205155.48484848483,1440.8863525390625
Afternoons,XGBoost,207785.53535353535,1407.3951416015625
Afternoons,XGBoost,210415.58585858584,1406.6451416015625
Afternoons,XGBoost,213045.63636363635,1441.7569580078125
Afternoons,XGBoost,215675.68686868684,1442.84228515625
Afternoons,XGBoost,218305.73737373736,1442.9573974609375
Afternoons,XGBoost,220935.78787878787,1444.0809326171875
Afternoons,XGBoost,223565.83838383836,1445.23095703125
Afternoons,XGBoost,226195.88888888888,1438.9949951171875
Afternoons,XGBoost,228825.9393939394,1438.0533447265625
Afternoons,XGBoost,231455.98989898988,1444.8255615234375
Afternoons,XGBoost,234086.0404040404,1444.4876708984375
Afternoons,XGBoost,236716.09090909088,1443.3612060546875
Afternoons,XGBoost,239346.1414141414,1444.375732421875
Afternoons,XGBoost,241976.19191919192,1445.65771484375
Afternoons,XGBoost,244606.2424242424,1450.8709716796875
Afternoons,XGBoost,247236.29292929292,1449.88525390625
Afternoons,XGBoost,249866.3434343434,1424.044677734375
Afternoons,XGBoost,252496.39393939392,1429.0872802734375
Afternoons,XGBoost,255126.44444444444,1433.2027587890625
Afternoons,XGBoost,257756.49494949493,1431.414794921875
Afternoons,XGBoost,260386.54545454544,1424.0992431640625
Afternoons,XGBoost,263016.5959595959,1424.509765625
Afternoons,XGBoost,265646.64646464644,1424.509765625
Afternoons,XGBoost,268276.69696969696,1426.1441650390625
Afternoons,XGBoost,270906.7474747475,1426.1441650390625
Afternoons,XGBoost,273536.79797979794,1426.16015625
Afternoons,XGBoost,276166.84848484845,1426.16015625
Afternoons,XGBoost,278796.89898989897,1426.16015625
Afternoons,XGBoost,281426.9494949495,1426.16015625
Afternoons,XGBoost,284057.0,1426.16015625
Evenings,CatBoost,23682.0,528.2052300187269
Evenings,CatBoost,26312.050505050505,529.1334843035119
Evenings,CatBoost,28942.10101010101,531.0519185342308
Evenings,CatBoost,31572.151515151512,531.0519185342308
Evenings,CatBoost,34202.20202020202,533.6556012734604
Evenings,CatBoost,36832.25252525252,533.6556012734604
Evenings,CatBoost,39462.303030303025,533.6556012734604
Evenings,CatBoost,42092.35353535353,530.1253522805418
Evenings,CatBoost,44722.40404040404,530.1253522805418
Evenings,CatBoost,47352.454545454544,530.6587164662047
Evenings,CatBoost,49982.505050505046,530.6587164662047
Evenings,CatBoost,52612.555555555555,530.6587164662047
Evenings,CatBoost,55242.60606060606,530.6587164662047
Evenings,CatBoost,57872.656565656565,530.3083891833377
Evenings,CatBoost,60502.70707070707,530.3083891833377
Evenings,CatBoost,63132.757575757576,530.3083891833377
Evenings,CatBoost,65762.80808080808,530.3083891833377
Evenings,CatBoost,68392.85858585857,530.3083891833377
Evenings,CatBoost,71022.90909090909,530.3083891833377
Evenings,CatBoost,73652.95959595959,530.3083891833377
Evenings,CatBoost,76283.01010101009,529.9534278066201
Evenings,CatBoost,78913.06060606061,530.0166469491804
Evenings,CatBoost,81543.11111111111,530.0166469491804
Evenings,CatBoost,84173.16161616161,530.0166469491804
Evenings,CatBoost,86803.21212121211,530.0166469491804
Evenings,CatBoost,89433.26262626261,530.0166469491804
Evenings,CatBoost,92063.31313131313,530.0166469491804
Evenings,CatBoost,94693.36363636363,530.0166469491804
Evenings,CatBoost,97323.41414141413,530.0166469491804
Evenings,CatBoost,99953.46464646464,530.0166469491804
Evenings,CatBoost,102583.51515151515,530.0166469491804
Evenings,CatBoost,105213.56565656565,530.0166469491804
Evenings,CatBoost,107843.61616161616,530.3042201484501
Evenings,CatBoost,110473.66666666666,529.8080053729083
Evenings,CatBoost,113103.71717171716,529.3754811509385
Evenings,CatBoost,115733.76767676767,528.8068318778824
Evenings,CatBoost,118363.81818181818,528.8068318778824
Evenings,CatBoost,120993.86868686868,528.8068318778824
Evenings,CatBoost,123623.91919191918,528.8068318778824
Evenings,CatBoost,126253.9696969697,528.8068318778824
Evenings,CatBoost,128884.0202020202,528.7858689461622
Evenings,CatBoost,131514.0707070707,528.7858689461622
Evenings,CatBoost,134144.12121212122,528.7858689461622
Evenings,CatBoost,136774.1717171717,528.7858689461622
Evenings,CatBoost,139404.22222222222,529.3733405849816
Evenings,CatBoost,142034.2727272727,529.9112288680511
Evenings,CatBoost,144664.32323232322,530.0216714432969
Evenings,CatBoost,147294.37373737374,530.6867855839608
Evenings,CatBoost,149924.42424242423,531.1114568262061
Evenings,CatBoost,152554.47474747474,533.9768933946044
Evenings,CatBoost,155184.52525252523,533.9768933946044
Evenings,CatBoost,157814.57575757575,533.9768933946044
Evenings,CatBoost,160444.62626262626,533.9768933946044
Evenings,CatBoost,163074.67676767675,533.9768933946044
Evenings,CatBoost,165704.72727272726,533.9768933946044
Evenings,CatBoost,168334.77777777778,534.6125191791751
Evenings,CatBoost,170964.82828282827,535.746809867338
Evenings,CatBoost,173594.87878787878,535.746809867338
Evenings,CatBoost,176224.92929292927,535.746809867338
Evenings,CatBoost,178854.9797979798,535.746809867338
Evenings,CatBoost,181485.0303030303,535.3826591303086
Evenings,CatBoost,184115.0808080808,534.6293192118285
Evenings,CatBoost,186745.1313131313,534.8333120446387
Evenings,CatBoost,189375.1818181818,540.237379545713
Evenings,CatBoost,192005.2323232323,540.1072599521455
Evenings,CatBoost,194635.28282828283,538.2714408521015
Evenings,CatBoost,197265.3333333333,538.655054120169
Evenings,CatBoost,199895.38383838383,541.3471293126053
Evenings,CatBoost,202525.43434343432,541.3851642503513
Evenings,CatBoost,205155.48484848483,541.5347010225832
Evenings,CatBoost,207785.53535353535,541.2678543467791
Evenings,CatBoost,210415.58585858584,539.8668466790544
Evenings,CatBoost,213045.63636363635,541.8540581762632
Evenings,CatBoost,215675.68686868684,544.7070017568562
Evenings,CatBoost,218305.73737373736,544.7826490694945
Evenings,CatBoost,220935.78787878787,544.6890735785314
Evenings,CatBoost,223565.83838383836,542.7824589333609
Evenings,CatBoost,226195.88888888888,535.3277006410231
Evenings,CatBoost,228825.9393939394,530.0117979429507
Evenings,CatBoost,231455.98989898988,530.0117979429507
Evenings,CatBoost,234086.0404040404,530.1087767429372
Evenings,CatBoost,236716.09090909088,529.8830591646283
Evenings,CatBoost,239346.1414141414,529.8830591646283
Evenings,CatBoost,241976.19191919192,530.3753143932473
Evenings,CatBoost,244606.2424242424,533.1609302562173
Evenings,CatBoost,247236.29292929292,533.2931726932852
Evenings,CatBoost,249866.3434343434,537.4647668197007
Evenings,CatBoost,252496.39393939392,537.1713855132828
Evenings,CatBoost,255126.44444444444,539.4549144944134
Evenings,CatBoost,257756.49494949493,528.3758129773149
Evenings,CatBoost,260386.54545454544,521.2622549818575
Evenings,CatBoost,263016.5959595959,525.9130407434892
Evenings,CatBoost,265646.64646464644,526.6057756873506
Evenings,CatBoost,268276.69696969696,545.4504751545622
Evenings,CatBoost,270906.7474747475,545.4504751545622
Evenings,CatBoost,273536.79797979794,545.4504751545622
Evenings,CatBoost,276166.84848484845,545.4504751545622
Evenings,CatBoost,278796.89898989897,545.4504751545622
Evenings,CatBoost,281426.9494949495,545.4504751545622
Evenings,CatBoost,284057.0,545.4504751545622
Evenings,LightGBM,23682.0,491.97564907621137
Evenings,LightGBM,26312.050505050505,506.46705515967216
Evenings,LightGBM,28942.10101010101,506.46705515967216
Evenings,LightGBM,31572.151515151512,510.8815152881803
Evenings,LightGBM,34202.20202020202,515.8089909004923
Evenings,LightGBM,36832.25252525252,515.8089909004923
Evenings,LightGBM,39462.303030303025,515.8089909004923
Evenings,LightGBM,42092.35353535353,515.7025680160954
Evenings,LightGBM,44722.40404040404,515.7025680160954
Evenings,LightGBM,47352.454545454544,515.7025680160954
Evenings,LightGBM,49982.505050505046,515.7025680160954
Evenings,LightGBM,52612.555555555555,515.7025680160954
Evenings,LightGBM,55242.60606060606,515.7025680160954
Evenings,LightGBM,57872.656565656565,515.7025680160954
Evenings,LightGBM,60502.70707070707,515.7025680160954
Evenings,LightGBM,63132.757575757576,515.7025680160954
Evenings,LightGBM,65762.80808080808,515.7025680160954
Evenings,LightGBM,68392.85858585857,515.7025680160954
Evenings,LightGBM,71022.90909090909,515.6840036195822
Evenings,LightGBM,73652.95959595959,515.4295155641117
Evenings,LightGBM,76283.01010101009,515.3978599615697
Evenings,LightGBM,78913.06060606061,515.3978599615697
Evenings,LightGBM,81543.11111111111,515.3550212053873
Evenings,LightGBM,84173.16161616161,515.3550212053873
Evenings,LightGBM,86803.21212121211,515.3550212053873
Evenings,LightGBM,89433.26262626261,515.3550212053873
Evenings,LightGBM,92063.31313131313,515.3550212053873
Evenings,LightGBM,94693.36363636363,515.3550212053873
Evenings,LightGBM,97323.41414141413,515.3550212053873
Evenings,LightGBM,99953.46464646464,515.3550212053873
Evenings,LightGBM,102583.51515151515,515.3550212053873
Evenings,LightGBM,105213.56565656565,515.2825723528093
Evenings,LightGBM,107843.61616161616,514.9731021601942
Evenings,LightGBM,110473.66666666666,513.8731028923236
Evenings,LightGBM,113103.71717171716,513.8531891400985
Evenings,LightGBM,115733.76767676767,512.485378670417
Evenings,LightGBM,118363.81818181818,512.3387447090863
Evenings,LightGBM,120993.86868686868,512.3387447090863
Evenings,LightGBM,123623.91919191918,512.3387447090863
Evenings,LightGBM,126253.9696969697,512.3387447090863
Evenings,LightGBM,128884.0202020202,512.3387447090863
Evenings,LightGBM,131514.0707070707,512.3387447090863
Evenings,LightGBM,134144.12121212122,512.3387447090863
Evenings,LightGBM,136774.1717171717,512.3387447090863
Evenings,LightGBM,139404.22222222222,517.317877112729
Evenings,LightGBM,142034.2727272727,517.4597198091399
Evenings,LightGBM,144664.32323232322,516.7688842295092
Evenings,LightGBM,147294.37373737374,516.7960559669586
Evenings,LightGBM,149924.42424242423,516.7960559669586
Evenings,LightGBM,152554.47474747474,520.0141072857898
Evenings,LightGBM,155184.52525252523,520.0271140266037
Evenings,LightGBM,157814.57575757575,520.0271140266037
Evenings,LightGBM,160444.62626262626,528.2839299703904
Evenings,LightGBM,163074.67676767675,528.2839299703904
Evenings,LightGBM,165704.72727272726,528.5117799473104
Evenings,LightGBM,168334.77777777778,528.3667298219996
Evenings,LightGBM,170964.82828282827,531.9352154459465
Evenings,LightGBM,173594.87878787878,531.5789235394808
Evenings,LightGBM,176224.92929292927,531.7015194380836
Evenings,LightGBM,178854.9797979798,531.7395921260847
Evenings,LightGBM,181485.0303030303,531.804251679413
Evenings,LightGBM,184115.0808080808,531.4606084228809
Evenings,LightGBM,186745.1313131313,531.4421467367897
Evenings,LightGBM,189375.1818181818,550.3986688854362
Evenings,LightGBM,192005.2323232323,550.8200559285953
Evenings,LightGBM,194635.28282828283,550.658943926421
Evenings,LightGBM,197265.3333333333,550.5337980192554
Evenings,LightGBM,199895.38383838383,551.4901116066767
Evenings,LightGBM,202525.43434343432,555.0885609383579
Evenings,LightGBM,205155.48484848483,555.5634419597144
Evenings,LightGBM,207785.53535353535,555.5739535136506
Evenings,LightGBM,210415.58585858584,555.4527075339948
Evenings,LightGBM,213045.63636363635,566.7162483132553
Evenings,LightGBM,215675.68686868684,570.754228900753
Evenings,LightGBM,218305.73737373736,570.8060385769155
Evenings,LightGBM,220935.78787878787,570.8292649328992
Evenings,LightGBM,223565.83838383836,569.843266315265
Evenings,LightGBM,226195.88888888888,569.8304002588385
Evenings,LightGBM,228825.9393939394,569.9993904559404
Evenings,LightGBM,231455.98989898988,572.5773588130643
Evenings,LightGBM,234086.0404040404,572.8156663029507
Evenings,LightGBM,236716.09090909088,580.8297493681115
Evenings,LightGBM,239346.1414141414,582.7386629046592
Evenings,LightGBM,241976.19191919192,584.4039102869137
Evenings,LightGBM,244606.2424242424,589.8663904421749
Evenings,LightGBM,247236.29292929292,590.4535546254475
Evenings,LightGBM,249866.3434343434,591.0204900010996
Evenings,LightGBM,252496.39393939392,590.7727875254914
Evenings,LightGBM,255126.44444444444,590.4769547467715
Evenings,LightGBM,257756.49494949493,587.2192583918572
Evenings,LightGBM,260386.54545454544,586.1081099110357
Evenings,LightGBM,263016.5959595959,589.469467711608
Evenings,LightGBM,265646.64646464644,590.3359335146804
Evenings,LightGBM,268276.69696969696,593.159598268352
Evenings,LightGBM,270906.7474747475,593.159598268352
Evenings,LightGBM,273536.79797979794,593.159598268352
Evenings,LightGBM,276166.84848484845,593.159598268352
Evenings,LightGBM,278796.89898989897,593.159598268352
Evenings,LightGBM,281426.9494949495,593.159598268352
Evenings,LightGBM,284057.0,593.159598268352
Evenings,XGBoost,23682.0,508.641845703125
Evenings,XGBoost,26312.050505050505,508.641845703125
Evenings,XGBoost,28942.10101010101,510.025146484375
Evenings,XGBoost,31572.151515151512,512.1370849609375
Evenings,XGBoost,34202.20202020202,512.1370849609375
Evenings,XGBoost,36832.25252525252,512.1370849609375
Evenings,XGBoost,39462.303030303025,512.0849609375
Evenings,XGBoost,42092.35353535353,511.9322509765625
Evenings,XGBoost,44722.40404040404,511.9322509765625
Evenings,XGBoost,47352.454545454544,511.91937255859375
Evenings,XGBoost,49982.505050505046,511.91937255859375
Evenings,XGBoost,52612.555555555555,512.0455932617188
Evenings,XGBoost,55242.60606060606,511.9239807128906
Evenings,XGBoost,57872.656565656565,511.8304138183594
Evenings,XGBoost,60502.70707070707,511.8304138183594
Evenings,XGBoost,63132.757575757576,511.8304138183594
Evenings,XGBoost,65762.80808080808,511.8304138183594
Evenings,XGBoost,68392.85858585857,511.8304138183594
Evenings,XGBoost,71022.90909090909,511.8304138183594
Evenings,XGBoost,73652.95959595959,511.8304138183594
Evenings,XGBoost,76283.01010101009,515.26611328125
Evenings,XGBoost,78913.06060606061,515.37109375
Evenings,XGBoost,81543.11111111111,515.2960205078125
Evenings,XGBoost,84173.16161616161,514.8606567382812
Evenings,XGBoost,86803.21212121211,514.8606567382812
Evenings,XGBoost,89433.26262626261,514.8606567382812
Evenings,XGBoost,92063.31313131313,514.8606567382812
Evenings,XGBoost,94693.36363636363,514.8606567382812
Evenings,XGBoost,97323.41414141413,514.8606567382812
Evenings,XGBoost,99953.46464646464,514.8606567382812
Evenings,XGBoost,102583.51515151515,514.8580932617188
Evenings,XGBoost,105213.56565656565,514.8646240234375
Evenings,XGBoost,107843.61616161616,514.5595092773438
Evenings,XGBoost,110473.66666666666,514.4655151367188
Evenings,XGBoost,113103.71717171716,514.3104858398438
Evenings,XGBoost,115733.76767676767,514.3154907226562
Evenings,XGBoost,118363.81818181818,514.3154907226562
Evenings,XGBoost,120993.86868686868,514.2952880859375
Evenings,XGBoost,123623.91919191918,514.2952880859375
Evenings,XGBoost,126253.9696969697,514.3629760742188
Evenings,XGBoost,128884.0202020202,514.3668823242188
Evenings,XGBoost,131514.0707070707,514.3668823242188
Evenings,XGBoost,134144.12121212122,514.3668823242188
Evenings,XGBoost,136774.1717171717,514.3668823242188
Evenings,XGBoost,139404.22222222222,528.8063354492188
Evenings,XGBoost,142034.2727272727,529.5755004882812
Evenings,XGBoost,144664.32323232322,526.9890747070312
Evenings,XGBoost,147294.37373737374,527.0994873046875
Evenings,XGBoost,149924.42424242423,527.0994873046875
Evenings,XGBoost,152554.47474747474,535.9622802734375
Evenings,XGBoost,155184.52525252523,535.9364013671875
Evenings,XGBoost,157814.57575757575,535.9364013671875
Evenings,XGBoost,160444.62626262626,546.65234375
Evenings,XGBoost,163074.67676767675,546.7655639648438
Evenings,XGBoost,165704.72727272726,546.7655639648438
Evenings,XGBoost,168334.77777777778,548.9837036132812
Evenings,XGBoost,170964.82828282827,547.2257080078125
Evenings,XGBoost,173594.87878787878,547.2819213867188
Evenings,XGBoost,176224.92929292927,546.3670654296875
Evenings,XGBoost,178854.9797979798,546.3662109375
Evenings,XGBoost,181485.0303030303,546.959228515625
Evenings,XGBoost,184115.0808080808,546.9838256835938
Evenings,XGBoost,186745.1313131313,546.8477783203125
Evenings,XGBoost,189375.1818181818,565.1331176757812
Evenings,XGBoost,192005.2323232323,564.7320556640625
Evenings,XGBoost,194635.28282828283,559.5621337890625
Evenings,XGBoost,197265.3333333333,558.3101806640625
Evenings,XGBoost,199895.38383838383,558.3101806640625
Evenings,XGBoost,202525.43434343432,558.4058227539062
Evenings,XGBoost,205155.48484848483,559.1386108398438
Evenings,XGBoost,207785.53535353535,560.2951049804688
Evenings,XGBoost,210415.58585858584,560.5503540039062
Evenings,XGBoost,213045.63636363635,563.383544921875
Evenings,XGBoost,215675.68686868684,564.788818359375
Evenings,XGBoost,218305.73737373736,565.1356201171875
Evenings,XGBoost,220935.78787878787,564.4532470703125
Evenings,XGBoost,223565.83838383836,573.1198120117188
Evenings,XGBoost,226195.88888888888,573.93408203125
Evenings,XGBoost,228825.9393939394,574.5663452148438
Evenings,XGBoost,231455.98989898988,569.233154296875
Evenings,XGBoost,234086.0404040404,569.0287475585938
Evenings,XGBoost,236716.09090909088,574.4539794921875
Evenings,XGBoost,239346.1414141414,574.4500732421875
Evenings,XGBoost,241976.19191919192,575.471923828125
Evenings,XGBoost,244606.2424242424,576.6683959960938
Evenings,XGBoost,247236.29292929292,577.4885864257812
Evenings,XGBoost,249866.3434343434,577.1193237304688
Evenings,XGBoost,252496.39393939392,580.8975830078125
Evenings,XGBoost,255126.44444444444,584.9423217773438
Evenings,XGBoost,257756.49494949493,570.4331665039062
Evenings,XGBoost,260386.54545454544,571.016357421875
Evenings,XGBoost,263016.5959595959,575.426025390625
Evenings,XGBoost,265646.64646464644,575.426025390625
Evenings,XGBoost,268276.69696969696,586.7839965820312
Evenings,XGBoost,270906.7474747475,586.7839965820312
Evenings,XGBoost,273536.79797979794,586.7839965820312
Evenings,XGBoost,276166.84848484845,585.7661743164062
Evenings,XGBoost,278796.89898989897,585.7661743164062
Evenings,XGBoost,281426.9494949495,585.7661743164062
Evenings,XGBoost,284057.0,585.7661743164062
Mornings Special,CatBoost,23682.0,291.65611116937055
Mornings Special,CatBoost,26312.050505050505,292.2087759483691
Mornings Special,CatBoost,28942.10101010101,292.6890595419499
Mornings Special,CatBoost,31572.151515151512,293.46259489051687
Mornings Special,CatBoost,34202.20202020202,292.56323428490356
Mornings Special,CatBoost,36832.25252525252,292.56323428490356
Mornings Special,CatBoost,39462.303030303025,287.13957855377066
Mornings Special,CatBoost,42092.35353535353,277.68349323667906
Mornings Special,CatBoost,44722.40404040404,277.68349323667906
Mornings Special,CatBoost,47352.454545454544,277.68349323667906
Mornings Special,CatBoost,49982.505050505046,279.4431906596922
Mornings Special,CatBoost,52612.555555555555,283.1728817488069
Mornings Special,CatBoost,55242.60606060606,287.08786105126165
Mornings Special,CatBoost,57872.656565656565,289.0560299840627
Mornings Special,CatBoost,60502.70707070707,289.0560299840627
Mornings Special,CatBoost,63132.757575757576,289.0560299840627
Mornings Special,CatBoost,65762.80808080808,289.1321740625503
Mornings Special,CatBoost,68392.85858585857,289.1321740625503
Mornings Special,CatBoost,71022.90909090909,289.1321740625503
Mornings Special,CatBoost,73652.95959595959,289.23382563537865
Mornings Special,CatBoost,76283.01010101009,289.23382563537865
Mornings Special,CatBoost,78913.06060606061,289.23382563537865
Mornings Special,CatBoost,81543.11111111111,289.23382563537865
Mornings Special,CatBoost,84173.16161616161,289.23382563537865
Mornings Special,CatBoost,86803.21212121211,289.23382563537865
Mornings Special,CatBoost,89433.26262626261,289.23382563537865
Mornings Special,CatBoost,92063.31313131313,289.23382563537865
Mornings Special,CatBoost,94693.36363636363,289.23382563537865
Mornings Special,CatBoost,97323.41414141413,289.23382563537865
Mornings Special,CatBoost,99953.46464646464,289.23382563537865
Mornings Special,CatBoost,102583.51515151515,289.23382563537865
Mornings Special,CatBoost,105213.56565656565,291.0733835326227
Mornings Special,CatBoost,107843.61616161616,291.5997228204943
Mornings Special,CatBoost,110473.66666666666,291.5997228204943
Mornings Special,CatBoost,113103.71717171716,286.183188761682
Mornings Special,CatBoost,115733.76767676767,286.183188761682
Mornings Special,CatBoost,118363.81818181818,286.183188761682
Mornings Special,CatBoost,120993.86868686868,286.183188761682
Mornings Special,CatBoost,123623.91919191918,285.42456905076824
Mornings Special,CatBoost,126253.9696969697,285.42456905076824
Mornings Special,CatBoost,128884.0202020202,284.5068638114125
Mornings Special,CatBoost,131514.0707070707,284.5068638114125
Mornings Special,CatBoost,134144.12121212122,284.5068638114125
Mornings Special,CatBoost,136774.1717171717,284.5068638114125
Mornings Special,CatBoost,139404.22222222222,284.5068638114125
Mornings Special,CatBoost,142034.2727272727,291.91674646831683
Mornings Special,CatBoost,144664.32323232322,293.87666070710276
Mornings Special,CatBoost,147294.37373737374,293.9117335369385
Mornings Special,CatBoost,149924.42424242423,293.9117335369385
Mornings Special,CatBoost,152554.47474747474,294.10940287435045
Mornings Special,CatBoost,155184.52525252523,294.10940287435045
Mornings Special,CatBoost,157814.57575757575,294.10940287435045
Mornings Special,CatBoost,160444.62626262626,294.2355690039282
Mornings Special,CatBoost,163074.67676767675,294.7773564520777
Mornings Special,CatBoost,165704.72727272726,294.7958116023298
Mornings Special,CatBoost,168334.77777777778,294.7810414196376
Mornings Special,CatBoost,170964.82828282827,293.1404299971815
Mornings Special,CatBoost,173594.87878787878,293.0356877701172
Mornings Special,CatBoost,176224.92929292927,293.0066014223247
Mornings Special,CatBoost,178854.9797979798,292.9255745493386
Mornings Special,CatBoost,181485.0303030303,292.7676099746105
Mornings Special,CatBoost,184115.0808080808,295.6175791454756
Mornings Special,CatBoost,186745.1313131313,295.3117371144226
Mornings Special,CatBoost,189375.1818181818,295.9837448483408
Mornings Special,CatBoost,192005.2323232323,295.4463067017365
Mornings Special,CatBoost,194635.28282828283,295.4463067017365
Mornings Special,CatBoost,197265.3333333333,311.500498161595
Mornings Special,CatBoost,199895.38383838383,311.500498161595
Mornings Special,CatBoost,202525.43434343432,318.3773626880292
Mornings Special,CatBoost,205155.48484848483,318.6040765897774
Mornings Special,CatBoost,207785.53535353535,318.6040765897774
Mornings Special,CatBoost,210415.58585858584,320.0197173576062
Mornings Special,CatBoost,213045.63636363635,321.39524976297383
Mornings Special,CatBoost,215675.68686868684,322.23317858171015
Mornings Special,CatBoost,218305.73737373736,321.11182766335634
Mornings Special,CatBoost,220935.78787878787,320.98389899281284
Mornings Special,CatBoost,223565.83838383836,321.332761407315
Mornings Special,CatBoost,226195.88888888888,320.0302210422035
Mornings Special,CatBoost,228825.9393939394,319.83026842057274
Mornings Special,CatBoost,231455.98989898988,317.27630306830395
Mornings Special,CatBoost,234086.0404040404,316.6887169954803
Mornings Special,CatBoost,236716.09090909088,318.00058961243633
Mornings Special,CatBoost,239346.1414141414,317.98992857973565
Mornings Special,CatBoost,241976.19191919192,316.05090678471225
Mornings Special,CatBoost,244606.2424242424,316.1038787982766
Mornings Special,CatBoost,247236.29292929292,315.4365621100717
Mornings Special,CatBoost,249866.3434343434,334.21038563297
Mornings Special,CatBoost,252496.39393939392,325.88172058772506
Mornings Special,CatBoost,255126.44444444444,322.96219053695717
Mornings Special,CatBoost,257756.49494949493,317.4005321113066
Mornings Special,CatBoost,260386.54545454544,318.5347293921553
Mornings Special,CatBoost,263016.5959595959,323.3801339716022
Mornings Special,CatBoost,265646.64646464644,323.17829390470104
Mornings Special,CatBoost,268276.69696969696,323.17829390470104
Mornings Special,CatBoost,270906.7474747475,323.7328342953732
Mornings Special,CatBoost,273536.79797979794,323.7328342953732
Mornings Special,CatBoost,276166.84848484845,323.3227269311495
Mornings Special,CatBoost,278796.89898989897,324.03875658243606
Mornings Special,CatBoost,281426.9494949495,324.1334313774031
Mornings Special,CatBoost,284057.0,324.1334313774031
Lunches Special,CatBoost,23682.0,919.767485314934
Lunches Special,CatBoost,26312.050505050505,928.639494008971
Lunches Special,CatBoost,28942.10101010101,940.5645338495447
Lunches Special,CatBoost,31572.151515151512,957.5234407695641
Lunches Special,CatBoost,34202.20202020202,957.5959683628402
Lunches Special,CatBoost,36832.25252525252,957.5959683628402
Lunches Special,CatBoost,39462.303030303025,948.075818945001
Lunches Special,CatBoost,42092.35353535353,915.963931027051
Lunches Special,CatBoost,44722.40404040404,887.6491255062643
Lunches Special,CatBoost,47352.454545454544,887.6491255062643
Lunches Special,CatBoost,49982.505050505046,914.0270777810391
Lunches Special,CatBoost,52612.555555555555,933.9152460730821
Lunches Special,CatBoost,55242.60606060606,934.370063365088
Lunches Special,CatBoost,57872.656565656565,924.1098275166538
Lunches Special,CatBoost,60502.70707070707,924.1098275166538
Lunches Special,CatBoost,63132.757575757576,924.1098275166538
Lunches Special,CatBoost,65762.80808080808,918.6453125086146
Lunches Special,CatBoost,68392.85858585857,918.6453125086146
Lunches Special,CatBoost,71022.90909090909,918.6453125086146
Lunches Special,CatBoost,73652.95959595959,917.5739699432609
Lunches Special,CatBoost,76283.01010101009,918.2179588359405
Lunches Special,CatBoost,78913.06060606061,914.671123482755
Lunches Special,CatBoost,81543.11111111111,914.671123482755
Lunches Special,CatBoost,84173.16161616161,914.671123482755
Lunches Special,CatBoost,86803.21212121211,914.671123482755
Lunches Special,CatBoost,89433.26262626261,914.671123482755
Lunches Special,CatBoost,92063.31313131313,914.671123482755
Lunches Special,CatBoost,94693.36363636363,914.671123482755
Lunches Special,CatBoost,97323.41414141413,914.671123482755
Lunches Special,CatBoost,99953.46464646464,914.671123482755
Lunches Special,CatBoost,102583.51515151515,914.671123482755
Lunches Special,CatBoost,105213.56565656565,916.1895761893381
Lunches Special,CatBoost,107843.61616161616,916.1895761893381
Lunches Special,CatBoost,110473.66666666666,938.0665854634482
Lunches Special,CatBoost,113103.71717171716,935.7762946993568
Lunches Special,CatBoost,115733.76767676767,919.4905710120241
Lunches Special,CatBoost,118363.81818181818,919.4905710120241
Lunches Special,CatBoost,120993.86868686868,919.4905710120241
Lunches Special,CatBoost,123623.91919191918,919.4905710120241
Lunches Special,CatBoost,126253.9696969697,919.4905710120241
Lunches Special,CatBoost,128884.0202020202,901.0526558768564
Lunches Special,CatBoost,131514.0707070707,901.0526558768564
Lunches Special,CatBoost,134144.12121212122,901.0526558768564
Lunches Special,CatBoost,136774.1717171717,901.0526558768564
Lunches Special,CatBoost,139404.22222222222,897.4685202465953
Lunches Special,CatBoost,142034.2727272727,939.1092737662567
Lunches Special,CatBoost,144664.32323232322,950.1468598074692
Lunches Special,CatBoost,147294.37373737374,948.3368483573704
Lunches Special,CatBoost,149924.42424242423,948.5800631418425
Lunches Special,CatBoost,152554.47474747474,958.3296797173498
Lunches Special,CatBoost,155184.52525252523,962.58850329395
Lunches Special,CatBoost,157814.57575757575,963.0018070062436
Lunches Special,CatBoost,160444.62626262626,963.0854589488804
Lunches Special,CatBoost,163074.67676767675,968.0959862947205
Lunches Special,CatBoost,165704.72727272726,968.4592078485462
Lunches Special,CatBoost,168334.77777777778,968.8872504049178
Lunches Special,CatBoost,170964.82828282827,974.7426046179565
Lunches Special,CatBoost,173594.87878787878,971.3683789528933
Lunches Special,CatBoost,176224.92929292927,971.3683789528933
Lunches Special,CatBoost,178854.9797979798,965.0369716373482
Lunches Special,CatBoost,181485.0303030303,954.2698091045582
Lunches Special,CatBoost,184115.0808080808,943.9181456918511
Lunches Special,CatBoost,186745.1313131313,946.9155091530338
Lunches Special,CatBoost,189375.1818181818,949.2404982933105
Lunches Special,CatBoost,192005.2323232323,953.2919289811583
Lunches Special,CatBoost,194635.28282828283,959.5231970308615
Lunches Special,CatBoost,197265.3333333333,954.5874561904454
Lunches Special,CatBoost,199895.38383838383,952.5095023355517
Lunches Special,CatBoost,202525.43434343432,963.865121606076
Lunches Special,CatBoost,205155.48484848483,986.6097315037249
Lunches Special,CatBoost,207785.53535353535,984.8436184857055
Lunches Special,CatBoost,210415.58585858584,968.9454111860036
Lunches Special,CatBoost,213045.63636363635,960.5615224978308
Lunches Special,CatBoost,215675.68686868684,977.0089536175742
Lunches Special,CatBoost,218305.73737373736,976.8998876421962
Lunches Special,CatBoost,220935.78787878787,977.0914382609186
Lunches Special,CatBoost,223565.83838383836,977.3482911253984
Lunches Special,CatBoost,226195.88888888888,965.9223968252712
Lunches Special,CatBoost,228825.9393939394,967.3623838655935
Lunches Special,CatBoost,231455.98989898988,934.6373322182322
Lunches Special,CatBoost,234086.0404040404,935.9336844781611
Lunches Special,CatBoost,236716.09090909088,977.9333273088062
Lunches Special,CatBoost,239346.1414141414,976.949148236902
Lunches Special,CatBoost,241976.19191919192,978.4785498792168
Lunches Special,CatBoost,244606.2424242424,1009.8194469101684
Lunches Special,CatBoost,247236.29292929292,992.8531786218178
Lunches Special,CatBoost,249866.3434343434,1025.8966995700798
Lunches Special,CatBoost,252496.39393939392,1003.4190390677081
Lunches Special,CatBoost,255126.44444444444,975.269526639454
Lunches Special,CatBoost,257756.49494949493,996.6809311123764
Lunches Special,CatBoost,260386.54545454544,1015.1759816575375
Lunches Special,CatBoost,263016.5959595959,1013.5677783348656
Lunches Special,CatBoost,265646.64646464644,1016.3872789073845
Lunches Special,CatBoost,268276.69696969696,1018.3170431206383
Lunches Special,CatBoost,270906.7474747475,1018.3170431206383
Lunches Special,CatBoost,273536.79797979794,1018.3170431206383
Lunches Special,CatBoost,276166.84848484845,1018.3261713386177
Lunches Special,CatBoost,278796.89898989897,1018.3261713386177
Lunches Special,CatBoost,281426.9494949495,1019.2616040703356
Lunches Special,CatBoost,284057.0,1019.2616040703356
Lunches Special,LightGBM,23682.0,930.5653753325033
Lunches Special,LightGBM,26312.050505050505,958.8570551839532
Lunches Special,LightGBM,28942.10101010101,958.8570551839532
Lunches Special,LightGBM,31572.151515151512,981.557391224028
Lunches Special,LightGBM,34202.20202020202,972.128492262501
Lunches Special,LightGBM,36832.25252525252,972.128492262501
Lunches Special,LightGBM,39462.303030303025,966.90532125734
Lunches Special,LightGBM,42092.35353535353,948.1326559684501
Lunches Special,LightGBM,44722.40404040404,924.4272022255623
Lunches Special,LightGBM,47352.454545454544,930.501469287945
Lunches Special,LightGBM,49982.505050505046,930.501469287945
Lunches Special,LightGBM,52612.555555555555,958.6454634809058
Lunches Special,LightGBM,55242.60606060606,959.5130274929184
Lunches Special,LightGBM,57872.656565656565,947.8463279361487
Lunches Special,LightGBM,60502.70707070707,947.8463279361487
Lunches Special,LightGBM,63132.757575757576,947.8463279361487
Lunches Special,LightGBM,65762.80808080808,947.8621214941907
Lunches Special,LightGBM,68392.85858585857,947.8621214941907
Lunches Special,LightGBM,71022.90909090909,947.8621214941907
Lunches Special,LightGBM,73652.95959595959,947.5954021426429
Lunches Special,LightGBM,76283.01010101009,947.5954021426429
Lunches Special,LightGBM,78913.06060606061,947.2174183581819
Lunches Special,LightGBM,81543.11111111111,946.339925936609
Lunches Special,LightGBM,84173.16161616161,946.339925936609
Lunches Special,LightGBM,86803.21212121211,946.339925936609
Lunches Special,LightGBM,89433.26262626261,946.6220023161974
Lunches Special,LightGBM,92063.31313131313,946.6220023161974
Lunches Special,LightGBM,94693.36363636363,946.6220023161974
Lunches Special,LightGBM,97323.41414141413,946.6220023161974
Lunches Special,LightGBM,99953.46464646464,946.6220023161974
Lunches Special,LightGBM,102583.51515151515,946.6220023161974
Lunches Special,LightGBM,105213.56565656565,946.4277842887353
Lunches Special,LightGBM,107843.61616161616,950.5296666542351
Lunches Special,LightGBM,110473.66666666666,950.2697685539291
Lunches Special,LightGBM,113103.71717171716,950.2345778789652
Lunches Special,LightGBM,115733.76767676767,927.9742267564595
Lunches Special,LightGBM,118363.81818181818,924.3581905951703
Lunches Special,LightGBM,120993.86868686868,924.4350326250144
Lunches Special,LightGBM,123623.91919191918,924.652926721764
Lunches Special,LightGBM,126253.9696969697,924.652926721764
Lunches Special,LightGBM,128884.0202020202,924.6399876622542
Lunches Special,LightGBM,131514.0707070707,924.6399876622542
Lunches Special,LightGBM,134144.12121212122,924.6399876622542
Lunches Special,LightGBM,136774.1717171717,924.6399876622542
Lunches Special,LightGBM,139404.22222222222,928.7864156862516
Lunches Special,LightGBM,142034.2727272727,943.9940803343557
Lunches Special,LightGBM,144664.32323232322,947.0319557014978
Lunches Special,LightGBM,147294.37373737374,944.474398315231
Lunches Special,LightGBM,149924.42424242423,944.142417898747
Lunches Special,LightGBM,152554.47474747474,951.096496717802
Lunches Special,LightGBM,155184.52525252523,951.1267895281428
Lunches Special,LightGBM,157814.57575757575,950.9951017748284
Lunches Special,LightGBM,160444.62626262626,951.0885860115422
Lunches Special,LightGBM,163074.67676767675,955.8159707563858
Lunches Special,LightGBM,165704.72727272726,965.9497557186611
Lunches Special,LightGBM,168334.77777777778,965.8968471450019
Lunches Special,LightGBM,170964.82828282827,976.7181777748847
Lunches Special,LightGBM,173594.87878787878,1018.3449543881684
Lunches Special,LightGBM,176224.92929292927,1017.0491205910009
Lunches Special,LightGBM,178854.9797979798,1001.222571719971
Lunches Special,LightGBM,181485.0303030303,998.7232764097829
Lunches Special,LightGBM,184115.0808080808,996.6405075636704
Lunches Special,LightGBM,186745.1313131313,997.0169654993664
Lunches Special,LightGBM,189375.1818181818,1009.6401324235195
Lunches Special,LightGBM,192005.2323232323,1007.3514382294886
Lunches Special,LightGBM,194635.28282828283,1013.19282330032
Lunches Special,LightGBM,197265.3333333333,1012.4657400948474
Lunches Special,LightGBM,199895.38383838383,1012.4171114659354
Lunches Special,LightGBM,202525.43434343432,1020.6562635230944
Lunches Special,LightGBM,205155.48484848483,1021.1233770002723
Lunches Special,LightGBM,207785.53535353535,1020.0566626997537
Lunches Special,LightGBM,210415.58585858584,1019.3482066583297
Lunches Special,LightGBM,213045.63636363635,1016.4978260125573
Lunches Special,LightGBM,215675.68686868684,1026.0014445481825
Lunches Special,LightGBM,218305.73737373736,1026.502481783505
Lunches Special,LightGBM,220935.78787878787,1027.4383323033599
Lunches Special,LightGBM,223565.83838383836,1022.2103055171325
Lunches Special,LightGBM,226195.88888888888,1011.6626541546267
Lunches Special,LightGBM,228825.9393939394,1014.0300814911291
Lunches Special,LightGBM,231455.98989898988,975.8771794032039
Lunches Special,LightGBM,234086.0404040404,967.8772019430473
Lunches Special,LightGBM,236716.09090909088,1020.1323283153015
Lunches Special,LightGBM,239346.1414141414,1009.80142564018
Lunches Special,LightGBM,241976.19191919192,955.8746085504662
Lunches Special,LightGBM,244606.2424242424,1044.9767688132426
Lunches Special,LightGBM,247236.29292929292,1037.1263521378928
Lunches Special,LightGBM,249866.3434343434,1084.1834376764614
Lunches Special,LightGBM,252496.39393939392,1049.5582219646633
Lunches Special,LightGBM,255126.44444444444,1025.583333157761
Lunches Special,LightGBM,257756.49494949493,1033.2914240500418
Lunches Special,LightGBM,260386.54545454544,1037.7141917441745
Lunches Special,LightGBM,263016.5959595959,1033.8445837755492
Lunches Special,LightGBM,265646.64646464644,1037.1557215128555
Lunches Special,LightGBM,268276.69696969696,1037.332062552882
Lunches Special,LightGBM,270906.7474747475,1037.332062552882
Lunches Special,LightGBM,273536.79797979794,1037.332062552882
Lunches Special,LightGBM,276166.84848484845,1033.656270658608
Lunches Special,LightGBM,278796.89898989897,1028.5462041055139
Lunches Special,LightGBM,281426.9494949495,1028.5462041055139
Lunches Special,LightGBM,284057.0,1028.5462041055139
Lunches Special,XGBoost,23682.0,887.590576171875
Lunches Special,XGBoost,26312.050505050505,887.590576171875
Lunches Special,XGBoost,28942.10101010101,890.8093872070312
Lunches Special,XGBoost,31572.151515151512,877.7355346679688
Lunches Special,XGBoost,34202.20202020202,877.7355346679688
Lunches Special,XGBoost,36832.25252525252,877.7355346679688
Lunches Special,XGBoost,39462.303030303025,875.089111328125
Lunches Special,XGBoost,42092.35353535353,856.0154418945312
Lunches Special,XGBoost,44722.40404040404,840.1217651367188
Lunches Special,XGBoost,47352.454545454544,844.86279296875
Lunches Special,XGBoost,49982.505050505046,844.86279296875
Lunches Special,XGBoost,52612.555555555555,854.9911499023438
Lunches Special,XGBoost,55242.60606060606,870.7589721679688
Lunches Special,XGBoost,57872.656565656565,866.939453125
Lunches Special,XGBoost,60502.70707070707,866.939453125
Lunches Special,XGBoost,63132.757575757576,866.939453125
Lunches Special,XGBoost,65762.80808080808,866.939453125
Lunches Special,XGBoost,68392.85858585857,866.939453125
Lunches Special,XGBoost,71022.90909090909,866.939453125
Lunches Special,XGBoost,73652.95959595959,868.1841430664062
Lunches Special,XGBoost,76283.01010101009,882.6943359375
Lunches Special,XGBoost,78913.06060606061,873.9982299804688
Lunches Special,XGBoost,81543.11111111111,884.591796875
Lunches Special,XGBoost,84173.16161616161,866.2490844726562
Lunches Special,XGBoost,86803.21212121211,866.2490844726562
Lunches Special,XGBoost,89433.26262626261,866.2490844726562
Lunches Special,XGBoost,92063.31313131313,866.2490844726562
Lunches Special,XGBoost,94693.36363636363,866.2490844726562
Lunches Special,XGBoost,97323.41414141413,866.2490844726562
Lunches Special,XGBoost,99953.46464646464,866.2490844726562
Lunches Special,XGBoost,102583.51515151515,872.0958251953125
Lunches Special,XGBoost,105213.56565656565,875.528564453125
Lunches Special,XGBoost,107843.61616161616,870.0354614257812
Lunches Special,XGBoost,110473.66666666666,870.8884887695312
Lunches Special,XGBoost,113103.71717171716,871.2667236328125
Lunches Special,XGBoost,115733.76767676767,859.7860107421875
Lunches Special,XGBoost,118363.81818181818,859.7860107421875
Lunches Special,XGBoost,120993.86868686868,862.2510375976562
Lunches Special,XGBoost,123623.91919191918,877.3217163085938
Lunches Special,XGBoost,126253.9696969697,879.6460571289062
Lunches Special,XGBoost,128884.0202020202,879.6460571289062
Lunches Special,XGBoost,131514.0707070707,879.6460571289062
Lunches Special,XGBoost,134144.12121212122,879.6460571289062
Lunches Special,XGBoost,136774.1717171717,879.6460571289062
Lunches Special,XGBoost,139404.22222222222,910.8857421875
Lunches Special,XGBoost,142034.2727272727,883.9740600585938
Lunches Special,XGBoost,144664.32323232322,901.6841430664062
Lunches Special,XGBoost,147294.37373737374,916.0863037109375
Lunches Special,XGBoost,149924.42424242423,895.074462890625
Lunches Special,XGBoost,152554.47474747474,913.9347534179688
Lunches Special,XGBoost,155184.52525252523,913.4225463867188
Lunches Special,XGBoost,157814.57575757575,912.36669921875
Lunches Special,XGBoost,160444.62626262626,905.4942626953125
Lunches Special,XGBoost,163074.67676767675,928.0540161132812
Lunches Special,XGBoost,165704.72727272726,927.7891235351562
Lunches Special,XGBoost,168334.77777777778,937.5328369140625
Lunches Special,XGBoost,170964.82828282827,922.7811279296875
Lunches Special,XGBoost,173594.87878787878,922.2890014648438
Lunches Special,XGBoost,176224.92929292927,931.001708984375
Lunches Special,XGBoost,178854.9797979798,912.3118286132812
Lunches Special,XGBoost,181485.0303030303,935.7595825195312
Lunches Special,XGBoost,184115.0808080808,948.619140625
Lunches Special,XGBoost,186745.1313131313,983.1761474609375
Lunches Special,XGBoost,189375.1818181818,961.8584594726562
Lunches Special,XGBoost,192005.2323232323,1012.0665283203125
Lunches Special,XGBoost,194635.28282828283,999.0548706054688
Lunches Special,XGBoost,197265.3333333333,1015.583740234375
Lunches Special,XGBoost,199895.38383838383,1015.583740234375
Lunches Special,XGBoost,202525.43434343432,1091.125244140625
Lunches Special,XGBoost,205155.48484848483,1088.2899169921875
Lunches Special,XGBoost,207785.53535353535,1010.9365844726562
Lunches Special,XGBoost,210415.58585858584,1037.291259765625
Lunches Special,XGBoost,213045.63636363635,1061.957763671875
Lunches Special,XGBoost,215675.68686868684,1049.9422607421875
Lunches Special,XGBoost,218305.73737373736,1063.685791015625
Lunches Special,XGBoost,220935.78787878787,1070.3389892578125
Lunches Special,XGBoost,223565.83838383836,1023.8217163085938
Lunches Special,XGBoost,226195.88888888888,1032.8919677734375
Lunches Special,XGBoost,228825.9393939394,1035.6890869140625
Lunches Special,XGBoost,231455.98989898988,1032.6046142578125
Lunches Special,XGBoost,234086.0404040404,1056.9320068359375
Lunches Special,XGBoost,236716.09090909088,1065.3536376953125
Lunches Special,XGBoost,239346.1414141414,1053.226318359375
Lunches Special,XGBoost,241976.19191919192,1070.1439208984375
Lunches Special,XGBoost,244606.2424242424,1105.52587890625
Lunches Special,XGBoost,247236.29292929292,1059.1328125
Lunches Special,XGBoost,249866.3434343434,1098.2508544921875
Lunches Special,XGBoost,252496.39393939392,1059.45068359375
Lunches Special,XGBoost,255126.44444444444,1039.4910888671875
Lunches Special,XGBoost,257756.49494949493,1049.563232421875
Lunches Special,XGBoost,260386.54545454544,1040.7457275390625
Lunches Special,XGBoost,263016.5959595959,1035.0408935546875
Lunches Special,XGBoost,265646.64646464644,1035.0408935546875
Lunches Special,XGBoost,268276.69696969696,1057.218994140625
Lunches Special,XGBoost,270906.7474747475,1057.218994140625
Lunches Special,XGBoost,273536.79797979794,1049.36962890625
Lunches Special,XGBoost,276166.84848484845,1049.0546875
Lunches Special,XGBoost,278796.89898989897,1049.0546875
Lunches Special,XGBoost,281426.9494949495,1049.0546875
Lunches Special,XGBoost,284057.0,1048.411865234375
Afternoons Special,LightGBM,23682.0,880.6323205531396
Afternoons Special,LightGBM,26312.050505050505,889.3182923992616
Afternoons Special,LightGBM,28942.10101010101,889.3182923992616
Afternoons Special,LightGBM,31572.151515151512,905.7929100881895
Afternoons Special,LightGBM,34202.20202020202,917.2840142939256
Afternoons Special,LightGBM,36832.25252525252,917.2840142939256
Afternoons Special,LightGBM,39462.303030303025,897.1599151695174
Afternoons Special,LightGBM,42092.35353535353,884.5159114775587
Afternoons Special,LightGBM,44722.40404040404,884.9047633194939
Afternoons Special,LightGBM,47352.454545454544,885.4944021741956
Afternoons Special,LightGBM,49982.505050505046,885.4944021741956
Afternoons Special,LightGBM,52612.555555555555,894.794511850074
Afternoons Special,LightGBM,55242.60606060606,888.2827447366972
Afternoons Special,LightGBM,57872.656565656565,887.9321555978499
Afternoons Special,LightGBM,60502.70707070707,887.9321555978499
Afternoons Special,LightGBM,63132.757575757576,887.9321555978499
Afternoons Special,LightGBM,65762.80808080808,888.0468478499351
Afternoons Special,LightGBM,68392.85858585857,888.0468478499351
Afternoons Special,LightGBM,71022.90909090909,888.0468478499351
Afternoons Special,LightGBM,73652.95959595959,892.8661264181728
Afternoons Special,LightGBM,76283.01010101009,892.238457548195
Afternoons Special,LightGBM,78913.06060606061,888.4545455126864
Afternoons Special,LightGBM,81543.11111111111,887.8499964261498
Afternoons Special,LightGBM,84173.16161616161,887.8499964261498
Afternoons Special,LightGBM,86803.21212121211,887.8499964261498
Afternoons Special,LightGBM,89433.26262626261,889.0408087594298
Afternoons Special,LightGBM,92063.31313131313,889.0408087594298
Afternoons Special,LightGBM,94693.36363636363,889.0408087594298
Afternoons Special,LightGBM,97323.41414141413,889.0408087594298
Afternoons Special,LightGBM,99953.46464646464,889.0408087594298
Afternoons Special,LightGBM,102583.51515151515,889.0408087594298
Afternoons Special,LightGBM,105213.56565656565,889.3533101433823
Afternoons Special,LightGBM,107843.61616161616,889.4016511183605
Afternoons Special,LightGBM,110473.66666666666,889.7788365529666
Afternoons Special,LightGBM,113103.71717171716,889.0478466561161
Afternoons Special,LightGBM,115733.76767676767,877.3036589614813
Afternoons Special,LightGBM,118363.81818181818,878.2180499479982
Afternoons Special,LightGBM,120993.86868686868,878.3726819234197
Afternoons Special,LightGBM,123623.91919191918,874.1599374306886
Afternoons Special,LightGBM,126253.9696969697,874.1599374306886
Afternoons Special,LightGBM,128884.0202020202,874.0838850075716
Afternoons Special,LightGBM,131514.0707070707,874.0838850075716
Afternoons Special,LightGBM,134144.12121212122,874.0838850075716
Afternoons Special,LightGBM,136774.1717171717,874.0838850075716
Afternoons Special,LightGBM,139404.22222222222,874.7246577086383
Afternoons Special,LightGBM,142034.2727272727,874.7990031109274
Afternoons Special,LightGBM,144664.32323232322,888.412597239795
Afternoons Special,LightGBM,147294.37373737374,888.6459207833472
Afternoons Special,LightGBM,149924.42424242423,888.6763226759543
Afternoons Special,LightGBM,152554.47474747474,911.5919952688625
Afternoons Special,LightGBM,155184.52525252523,905.9628039195537
Afternoons Special,LightGBM,157814.57575757575,906.462984655516
Afternoons Special,LightGBM,160444.62626262626,907.3506697165542
Afternoons Special,LightGBM,163074.67676767675,910.0543687418882
Afternoons Special,LightGBM,165704.72727272726,910.3637377095389
Afternoons Special,LightGBM,168334.77777777778,911.2236297860297
Afternoons Special,LightGBM,170964.82828282827,923.0071847990837
Afternoons Special,LightGBM,173594.87878787878,918.0684166964086
Afternoons Special,LightGBM,176224.92929292927,918.5190715210049
Afternoons Special,LightGBM,178854.9797979798,919.0989980856843
Afternoons Special,LightGBM,181485.0303030303,921.8393875374152
Afternoons Special,LightGBM,184115.0808080808,924.2374242692973
Afternoons Special,LightGBM,186745.1313131313,926.2736381094346
Afternoons Special,LightGBM,189375.1818181818,938.555448442711
Afternoons Special,LightGBM,192005.2323232323,937.5985976710986
Afternoons Special,LightGBM,194635.28282828283,938.1724225384071
Afternoons Special,LightGBM,197265.3333333333,934.828711795226
Afternoons Special,LightGBM,199895.38383838383,948.8965825952587
Afternoons Special,LightGBM,202525.43434343432,1022.1820101889069
Afternoons Special,LightGBM,205155.48484848483,1043.8909766262918
Afternoons Special,LightGBM,207785.53535353535,1025.8991162094326
Afternoons Special,LightGBM,210415.58585858584,1017.5111005478822
Afternoons Special,LightGBM,213045.63636363635,1013.0563431298914
Afternoons Special,LightGBM,215675.68686868684,1032.1792046118162
Afternoons Special,LightGBM,218305.73737373736,1051.6780046492263
Afternoons Special,LightGBM,220935.78787878787,1051.9973169566308
Afternoons Special,LightGBM,223565.83838383836,1064.6911792075553
Afternoons Special,LightGBM,226195.88888888888,1056.012227339244
Afternoons Special,LightGBM,228825.9393939394,1057.917963272218
Afternoons Special,LightGBM,231455.98989898988,1040.9116631973413
Afternoons Special,LightGBM,234086.0404040404,992.3444520953416
Afternoons Special,LightGBM,236716.09090909088,1017.4185719981174
Afternoons Special,LightGBM,239346.1414141414,1030.9545613822827
Afternoons Special,LightGBM,241976.19191919192,990.9129933080144
Afternoons Special,LightGBM,244606.2424242424,1030.0660875193482
Afternoons Special,LightGBM,247236.29292929292,1011.9400901789229
Afternoons Special,LightGBM,249866.3434343434,1083.51953035049
Afternoons Special,LightGBM,252496.39393939392,1088.105008388527
Afternoons Special,LightGBM,255126.44444444444,1066.9149382680644
Afternoons Special,LightGBM,257756.49494949493,1069.3764149955505
Afternoons Special,LightGBM,260386.54545454544,1069.821718022449
Afternoons Special,LightGBM,263016.5959595959,1061.8413185904199
Afternoons Special,LightGBM,265646.64646464644,1062.322924434981
Afternoons Special,LightGBM,268276.69696969696,1082.2547194829592
Afternoons Special,LightGBM,270906.7474747475,1073.9328656324446
Afternoons Special,LightGBM,273536.79797979794,1073.9328656324446
Afternoons Special,LightGBM,276166.84848484845,1074.9094169364841
Afternoons Special,LightGBM,278796.89898989897,1074.9094169364841
Afternoons Special,LightGBM,281426.9494949495,1074.9094169364841
Afternoons Special,LightGBM,284057.0,1074.9094169364841
Evenings Special,LightGBM,23682.0,526.490232510811
Evenings Special,LightGBM,26312.050505050505,526.490232510811
Evenings Special,LightGBM,28942.10101010101,526.490232510811
Evenings Special,LightGBM,31572.151515151512,534.2006771766831
Evenings Special,LightGBM,34202.20202020202,534.6248264419255
Evenings Special,LightGBM,36832.25252525252,534.6248264419255
Evenings Special,LightGBM,39462.303030303025,530.3448873562656
Evenings Special,LightGBM,42092.35353535353,532.3286642941932
Evenings Special,LightGBM,44722.40404040404,532.2254119794733
Evenings Special,LightGBM,47352.454545454544,531.9971436572802
Evenings Special,LightGBM,49982.505050505046,531.9971436572802
Evenings Special,LightGBM,52612.555555555555,531.5607785394623
Evenings Special,LightGBM,55242.60606060606,531.5607785394623
Evenings Special,LightGBM,57872.656565656565,532.5801454209385
Evenings Special,LightGBM,60502.70707070707,532.5801454209385
Evenings Special,LightGBM,63132.757575757576,532.5801454209385
Evenings Special,LightGBM,65762.80808080808,535.0358616198018
Evenings Special,LightGBM,68392.85858585857,535.0358616198018
Evenings Special,LightGBM,71022.90909090909,535.0358616198018
Evenings Special,LightGBM,73652.95959595959,534.4944570551596
Evenings Special,LightGBM,76283.01010101009,534.3483916088584
Evenings Special,LightGBM,78913.06060606061,534.1505866540422
Evenings Special,LightGBM,81543.11111111111,533.7087721086087
Evenings Special,LightGBM,84173.16161616161,533.7087721086087
Evenings Special,LightGBM,86803.21212121211,533.7087721086087
Evenings Special,LightGBM,89433.26262626261,534.1104742705991
Evenings Special,LightGBM,92063.31313131313,534.1104742705991
Evenings Special,LightGBM,94693.36363636363,534.1104742705991
Evenings Special,LightGBM,97323.41414141413,534.1104742705991
Evenings Special,LightGBM,99953.46464646464,534.1104742705991
Evenings Special,LightGBM,102583.51515151515,534.1104742705991
Evenings Special,LightGBM,105213.56565656565,533.8822378944519
Evenings Special,LightGBM,107843.61616161616,532.5433389411446
Evenings Special,LightGBM,110473.66666666666,530.1734772318097
Evenings Special,LightGBM,113103.71717171716,530.1734772318097
Evenings Special,LightGBM,115733.76767676767,524.8960056995132
Evenings Special,LightGBM,118363.81818181818,525.0980212108708
Evenings Special,LightGBM,120993.86868686868,525.0980212108708
Evenings Special,LightGBM,123623.91919191918,525.0980212108708
Evenings Special,LightGBM,126253.9696969697,525.0980212108708
Evenings Special,LightGBM,128884.0202020202,525.0730707358804
Evenings Special,LightGBM,131514.0707070707,525.0730707358804
Evenings Special,LightGBM,134144.12121212122,525.0730707358804
Evenings Special,LightGBM,136774.1717171717,525.0730707358804
Evenings Special,LightGBM,139404.22222222222,525.1450015921729
Evenings Special,LightGBM,142034.2727272727,525.1450015921729
Evenings Special,LightGBM,144664.32323232322,525.6718120222499
Evenings Special,LightGBM,147294.37373737374,525.7966108479169
Evenings Special,LightGBM,149924.42424242423,532.4449577699727
Evenings Special,LightGBM,152554.47474747474,532.894046038211
Evenings Special,LightGBM,155184.52525252523,533.0916542108437
Evenings Special,LightGBM,157814.57575757575,533.3628833587512
Evenings Special,LightGBM,160444.62626262626,536.0715289628822
Evenings Special,LightGBM,163074.67676767675,536.6802171842461
Evenings Special,LightGBM,165704.72727272726,542.1791081855644
Evenings Special,LightGBM,168334.77777777778,542.1628972156857
Evenings Special,LightGBM,170964.82828282827,548.2243908699132
Evenings Special,LightGBM,173594.87878787878,532.3948408427544
Evenings Special,LightGBM,176224.92929292927,541.9184146247579
Evenings Special,LightGBM,178854.9797979798,540.0889422167279
Evenings Special,LightGBM,181485.0303030303,542.4523126333187
Evenings Special,LightGBM,184115.0808080808,542.2519856001111
Evenings Special,LightGBM,186745.1313131313,542.3224497583054
Evenings Special,LightGBM,189375.1818181818,562.3794184806186
Evenings Special,LightGBM,192005.2323232323,598.1106632074194
Evenings Special,LightGBM,194635.28282828283,596.4452993507315
Evenings Special,LightGBM,197265.3333333333,599.5696859163668
Evenings Special,LightGBM,199895.38383838383,599.6377299524526
Evenings Special,LightGBM,202525.43434343432,602.0111381042267
Evenings Special,LightGBM,205155.48484848483,602.636473310888
Evenings Special,LightGBM,207785.53535353535,600.9729608656185
Evenings Special,LightGBM,210415.58585858584,601.9172401591741
Evenings Special,LightGBM,213045.63636363635,605.366785223854
Evenings Special,LightGBM,215675.68686868684,615.9600852429407
Evenings Special,LightGBM,218305.73737373736,616.671629883704
Evenings Special,LightGBM,220935.78787878787,617.748726142961
Evenings Special,LightGBM,223565.83838383836,616.4190011776204
Evenings Special,LightGBM,226195.88888888888,609.9481109425355
Evenings Special,LightGBM,228825.9393939394,615.848009612701
Evenings Special,LightGBM,231455.98989898988,612.7010431354587
Evenings Special,LightGBM,234086.0404040404,614.1543935659752
Evenings Special,LightGBM,236716.09090909088,623.6740943994555
Evenings Special,LightGBM,239346.1414141414,624.3672223426748
Evenings Special,LightGBM,241976.19191919192,629.5933612393284
Evenings Special,LightGBM,244606.2424242424,627.4872504628867
Evenings Special,LightGBM,247236.29292929292,628.0786218364719
Evenings Special,LightGBM,249866.3434343434,658.0268882127473
Evenings Special,LightGBM,252496.39393939392,642.1096218204783
Evenings Special,LightGBM,255126.44444444444,634.100905772145
Evenings Special,LightGBM,257756.49494949493,613.4347953543797
Evenings Special,LightGBM,260386.54545454544,604.090036541734
Evenings Special,LightGBM,263016.5959595959,622.8089171865753
Evenings Special,LightGBM,265646.64646464644,622.8089171865753
Evenings Special,LightGBM,268276.69696969696,622.8043737013722
Evenings Special,LightGBM,270906.7474747475,622.9000865753861
Evenings Special,LightGBM,273536.79797979794,622.9000865753861
Evenings Special,LightGBM,276166.84848484845,622.9000865753861
Evenings Special,LightGBM,278796.89898989897,622.9000865753861
Evenings Special,LightGBM,281426.9494949495,627.4191866189246
Evenings Special,LightGBM,284057.0,627.4191866189246
