Dataset,Model,Building view mean,Predicted Value
All,CatBoost,0.043,623.1421300595566
All,CatBoost,0.0467111657111657,623.1421300595566
All,CatBoost,0.050422331422331414,623.1421300595566
All,CatBoost,0.05413349713349712,626.7163293262024
All,CatBoost,0.057844662844662824,626.7163293262024
All,CatBoost,0.06155582855582853,626.7163293262024
All,CatBoost,0.06526699426699424,626.7163293262024
All,CatBoost,0.06897815997815995,626.7163293262024
All,CatBoost,0.07268932568932565,626.7163293262024
All,CatBoost,0.07640049140049136,626.7163293262024
All,CatBoost,0.08011165711165708,626.7163293262024
All,CatBoost,0.08382282282282277,626.7163293262024
All,CatBoost,0.08753398853398849,626.7163293262024
All,CatBoost,0.0912451542451542,626.7163293262024
All,CatBoost,0.0949563199563199,627.7755732239726
All,CatBoost,0.09866748566748561,627.7755732239726
All,CatBoost,0.10237865137865132,627.7755732239726
All,CatBoost,0.10608981708981702,627.7755732239726
All,CatBoost,0.10980098280098273,627.7755732239726
All,CatBoost,0.11351214851214843,627.7755732239726
All,CatBoost,0.11722331422331414,627.7755732239726
All,CatBoost,0.12093447993447985,627.7755732239726
All,CatBoost,0.12464564564564555,625.9042167667924
All,CatBoost,0.12835681135681126,625.9042167667924
All,CatBoost,0.13206797706797696,625.9042167667924
All,CatBoost,0.13577914277914266,625.795612827439
All,CatBoost,0.13949030849030838,625.795612827439
All,CatBoost,0.1432014742014741,625.795612827439
All,CatBoost,0.1469126399126398,625.795612827439
All,CatBoost,0.1506238056238055,625.795612827439
All,CatBoost,0.1543349713349712,625.8933007739445
All,CatBoost,0.1580461370461369,625.8933007739445
All,CatBoost,0.16175730275730263,625.8933007739445
All,CatBoost,0.16546846846846835,625.8933007739445
All,CatBoost,0.16917963417963405,625.8933007739445
All,CatBoost,0.17289079989079975,625.8933007739445
All,CatBoost,0.17660196560196545,625.8933007739445
All,CatBoost,0.18031313131313115,625.8933007739445
All,CatBoost,0.18402429702429685,625.8933007739445
All,CatBoost,0.1877354627354626,625.8933007739445
All,CatBoost,0.1914466284466283,626.2575680617836
All,CatBoost,0.195157794157794,626.2575680617836
All,CatBoost,0.1988689598689597,626.2295800797481
All,CatBoost,0.2025801255801254,624.7881643487432
All,CatBoost,0.2062912912912911,624.7881643487432
All,CatBoost,0.21000245700245684,614.5177370351976
All,CatBoost,0.21371362271362254,614.1563736287656
All,CatBoost,0.21742478842478824,614.1563736287656
All,CatBoost,0.22113595413595394,614.2323904996132
All,CatBoost,0.22484711984711964,600.7420074634879
All,CatBoost,0.22855828555828533,600.7420074634879
All,CatBoost,0.2322694512694511,598.6956886766776
All,CatBoost,0.2359806169806168,597.4127292237763
All,CatBoost,0.23969178269178248,597.4127292237763
All,CatBoost,0.24340294840294818,597.4127292237763
All,CatBoost,0.24711411411411388,597.4127292237763
All,CatBoost,0.2508252798252796,597.4127292237763
All,CatBoost,0.25453644553644533,597.4127292237763
All,CatBoost,0.25824761124761103,597.0994541141104
All,CatBoost,0.26195877695877673,597.0994541141104
All,CatBoost,0.2656699426699424,597.0994541141104
All,CatBoost,0.2693811083811081,576.3804178510225
All,CatBoost,0.2730922740922738,576.3804178510225
All,CatBoost,0.2768034398034396,572.2169072549817
All,CatBoost,0.2805146055146053,572.2169072549817
All,CatBoost,0.284225771225771,571.2309198150573
All,CatBoost,0.28793693693693667,571.2309198150573
All,CatBoost,0.29164810264810237,571.2309198150573
All,CatBoost,0.29535926835926807,571.2309198150573
All,CatBoost,0.29907043407043377,571.1512945516833
All,CatBoost,0.30278159978159946,571.681020147648
All,CatBoost,0.3064927654927652,571.681020147648
All,CatBoost,0.3102039312039309,571.681020147648
All,CatBoost,0.3139150969150966,571.681020147648
All,CatBoost,0.3176262626262623,571.681020147648
All,CatBoost,0.321337428337428,571.644839382735
All,CatBoost,0.3250485940485937,571.644839382735
All,CatBoost,0.32875975975975946,571.644839382735
All,CatBoost,0.33247092547092516,571.644839382735
All,CatBoost,0.33618209118209086,571.644839382735
All,CatBoost,0.33989325689325656,571.644839382735
All,CatBoost,0.34360442260442225,589.4689509095467
All,CatBoost,0.34731558831558795,589.4689509095467
All,CatBoost,0.3510267540267537,592.2161042053511
All,CatBoost,0.3547379197379194,477.8887396363187
All,CatBoost,0.3584490854490851,477.8887396363187
All,CatBoost,0.3621602511602508,477.8887396363187
All,CatBoost,0.3658714168714165,477.8887396363187
All,CatBoost,0.3695825825825822,477.8887396363187
All,CatBoost,0.37329374829374795,477.8887396363187
All,CatBoost,0.37700491400491365,477.8887396363187
All,CatBoost,0.38071607971607935,704.224729123164
All,CatBoost,0.38442724542724505,704.224729123164
All,CatBoost,0.38813841113841074,704.224729123164
All,CatBoost,0.39184957684957644,704.224729123164
All,CatBoost,0.3955607425607422,702.2518668925155
All,CatBoost,0.3992719082719079,702.2518668925155
All,CatBoost,0.4029830739830736,702.2518668925155
All,CatBoost,0.4066942396942393,702.2518668925155
All,CatBoost,0.410405405405405,708.0060886443914
All,LightGBM,0.043,621.3598002803597
All,LightGBM,0.0467111657111657,621.3598002803597
All,LightGBM,0.050422331422331414,621.3598002803597
All,LightGBM,0.05413349713349712,621.3598002803597
All,LightGBM,0.057844662844662824,621.3598002803597
All,LightGBM,0.06155582855582853,621.3598002803597
All,LightGBM,0.06526699426699424,621.3598002803597
All,LightGBM,0.06897815997815995,621.3598002803597
All,LightGBM,0.07268932568932565,621.3598002803597
All,LightGBM,0.07640049140049136,621.3598002803597
All,LightGBM,0.08011165711165708,621.3598002803597
All,LightGBM,0.08382282282282277,621.3598002803597
All,LightGBM,0.08753398853398849,621.3598002803597
All,LightGBM,0.0912451542451542,621.3598002803597
All,LightGBM,0.0949563199563199,621.1154676809208
All,LightGBM,0.09866748566748561,621.1154676809208
All,LightGBM,0.10237865137865132,621.1154676809208
All,LightGBM,0.10608981708981702,621.1154676809208
All,LightGBM,0.10980098280098273,621.1154676809208
All,LightGBM,0.11351214851214843,621.1154676809208
All,LightGBM,0.11722331422331414,621.1154676809208
All,LightGBM,0.12093447993447985,621.1154676809208
All,LightGBM,0.12464564564564555,618.9816230140094
All,LightGBM,0.12835681135681126,618.9816230140094
All,LightGBM,0.13206797706797696,618.9816230140094
All,LightGBM,0.13577914277914266,613.7355533969142
All,LightGBM,0.13949030849030838,610.5772852501411
All,LightGBM,0.1432014742014741,610.5772852501411
All,LightGBM,0.1469126399126398,607.5847282033518
All,LightGBM,0.1506238056238055,607.5847282033518
All,LightGBM,0.1543349713349712,607.5497915585581
All,LightGBM,0.1580461370461369,607.5497915585581
All,LightGBM,0.16175730275730263,607.5497915585581
All,LightGBM,0.16546846846846835,607.5497915585581
All,LightGBM,0.16917963417963405,607.5497915585581
All,LightGBM,0.17289079989079975,607.095589654091
All,LightGBM,0.17660196560196545,607.095589654091
All,LightGBM,0.18031313131313115,607.095589654091
All,LightGBM,0.18402429702429685,607.095589654091
All,LightGBM,0.1877354627354626,607.095589654091
All,LightGBM,0.1914466284466283,607.095589654091
All,LightGBM,0.195157794157794,607.095589654091
All,LightGBM,0.1988689598689597,607.095589654091
All,LightGBM,0.2025801255801254,605.0297977561229
All,LightGBM,0.2062912912912911,605.0297977561229
All,LightGBM,0.21000245700245684,569.3733171020854
All,LightGBM,0.21371362271362254,591.6480115149195
All,LightGBM,0.21742478842478824,592.2593028341228
All,LightGBM,0.22113595413595394,592.5098528787126
All,LightGBM,0.22484711984711964,604.6584290290084
All,LightGBM,0.22855828555828533,604.6584290290084
All,LightGBM,0.2322694512694511,521.6847955273694
All,LightGBM,0.2359806169806168,530.968818362294
All,LightGBM,0.23969178269178248,530.968818362294
All,LightGBM,0.24340294840294818,530.968818362294
All,LightGBM,0.24711411411411388,542.8473236946685
All,LightGBM,0.2508252798252796,542.8473236946685
All,LightGBM,0.25453644553644533,542.8473236946685
All,LightGBM,0.25824761124761103,542.4403186638232
All,LightGBM,0.26195877695877673,542.4403186638232
All,LightGBM,0.2656699426699424,542.4403186638232
All,LightGBM,0.2693811083811081,518.6460352920982
All,LightGBM,0.2730922740922738,518.6460352920982
All,LightGBM,0.2768034398034396,518.6693747668484
All,LightGBM,0.2805146055146053,518.6693747668484
All,LightGBM,0.284225771225771,527.4254744787364
All,LightGBM,0.28793693693693667,527.0871717164998
All,LightGBM,0.29164810264810237,527.0871717164998
All,LightGBM,0.29535926835926807,527.0871717164998
All,LightGBM,0.29907043407043377,527.133361168149
All,LightGBM,0.30278159978159946,538.9976886911572
All,LightGBM,0.3064927654927652,538.9976886911572
All,LightGBM,0.3102039312039309,538.9976886911572
All,LightGBM,0.3139150969150966,538.9976886911572
All,LightGBM,0.3176262626262623,538.9976886911572
All,LightGBM,0.321337428337428,540.8881386367113
All,LightGBM,0.3250485940485937,540.8881386367113
All,LightGBM,0.32875975975975946,540.8881386367113
All,LightGBM,0.33247092547092516,540.8881386367113
All,LightGBM,0.33618209118209086,540.8881386367113
All,LightGBM,0.33989325689325656,540.8881386367113
All,LightGBM,0.34360442260442225,540.8766963566828
All,LightGBM,0.34731558831558795,540.8766963566828
All,LightGBM,0.3510267540267537,610.8908457906696
All,LightGBM,0.3547379197379194,526.6697898960936
All,LightGBM,0.3584490854490851,526.6697898960936
All,LightGBM,0.3621602511602508,526.6697898960936
All,LightGBM,0.3658714168714165,526.3589320385743
All,LightGBM,0.3695825825825822,526.3589320385743
All,LightGBM,0.37329374829374795,526.3589320385743
All,LightGBM,0.37700491400491365,526.3589320385743
All,LightGBM,0.38071607971607935,816.0222321081403
All,LightGBM,0.38442724542724505,816.0222321081403
All,LightGBM,0.38813841113841074,816.0222321081403
All,LightGBM,0.39184957684957644,816.0222321081403
All,LightGBM,0.3955607425607422,785.59263963641
All,LightGBM,0.3992719082719079,785.59263963641
All,LightGBM,0.4029830739830736,785.59263963641
All,LightGBM,0.4066942396942393,785.59263963641
All,LightGBM,0.410405405405405,785.59263963641
All,XGBoost,0.043,636.89404296875
All,XGBoost,0.0467111657111657,636.89404296875
All,XGBoost,0.050422331422331414,636.89404296875
All,XGBoost,0.05413349713349712,636.89404296875
All,XGBoost,0.057844662844662824,636.89404296875
All,XGBoost,0.06155582855582853,636.89404296875
All,XGBoost,0.06526699426699424,636.89404296875
All,XGBoost,0.06897815997815995,636.89404296875
All,XGBoost,0.07268932568932565,636.89404296875
All,XGBoost,0.07640049140049136,636.89404296875
All,XGBoost,0.08011165711165708,636.89404296875
All,XGBoost,0.08382282282282277,636.89404296875
All,XGBoost,0.08753398853398849,636.89404296875
All,XGBoost,0.0912451542451542,636.89404296875
All,XGBoost,0.0949563199563199,636.89404296875
All,XGBoost,0.09866748566748561,636.89404296875
All,XGBoost,0.10237865137865132,636.89404296875
All,XGBoost,0.10608981708981702,636.89404296875
All,XGBoost,0.10980098280098273,636.89404296875
All,XGBoost,0.11351214851214843,636.48095703125
All,XGBoost,0.11722331422331414,636.48095703125
All,XGBoost,0.12093447993447985,636.48095703125
All,XGBoost,0.12464564564564555,636.48095703125
All,XGBoost,0.12835681135681126,636.48095703125
All,XGBoost,0.13206797706797696,638.0709838867188
All,XGBoost,0.13577914277914266,638.0709838867188
All,XGBoost,0.13949030849030838,636.9181518554688
All,XGBoost,0.1432014742014741,637.4156494140625
All,XGBoost,0.1469126399126398,637.4156494140625
All,XGBoost,0.1506238056238055,637.4156494140625
All,XGBoost,0.1543349713349712,635.7948608398438
All,XGBoost,0.1580461370461369,635.7948608398438
All,XGBoost,0.16175730275730263,635.7948608398438
All,XGBoost,0.16546846846846835,635.7948608398438
All,XGBoost,0.16917963417963405,635.7948608398438
All,XGBoost,0.17289079989079975,629.8759765625
All,XGBoost,0.17660196560196545,629.8759765625
All,XGBoost,0.18031313131313115,629.8759765625
All,XGBoost,0.18402429702429685,629.8759765625
All,XGBoost,0.1877354627354626,629.8759765625
All,XGBoost,0.1914466284466283,630.0514526367188
All,XGBoost,0.195157794157794,630.0514526367188
All,XGBoost,0.1988689598689597,630.0514526367188
All,XGBoost,0.2025801255801254,630.0514526367188
All,XGBoost,0.2062912912912911,593.4508666992188
All,XGBoost,0.21000245700245684,593.4508666992188
All,XGBoost,0.21371362271362254,626.5604248046875
All,XGBoost,0.21742478842478824,625.7930908203125
All,XGBoost,0.22113595413595394,626.4107666015625
All,XGBoost,0.22484711984711964,626.4107666015625
All,XGBoost,0.22855828555828533,626.4107666015625
All,XGBoost,0.2322694512694511,505.2570495605469
All,XGBoost,0.2359806169806168,505.2570495605469
All,XGBoost,0.23969178269178248,505.5343017578125
All,XGBoost,0.24340294840294818,505.5343017578125
All,XGBoost,0.24711411411411388,505.5343017578125
All,XGBoost,0.2508252798252796,503.2951354980469
All,XGBoost,0.25453644553644533,503.2951354980469
All,XGBoost,0.25824761124761103,503.2951354980469
All,XGBoost,0.26195877695877673,503.2951354980469
All,XGBoost,0.2656699426699424,497.8055419921875
All,XGBoost,0.2693811083811081,497.8055419921875
All,XGBoost,0.2730922740922738,497.8055419921875
All,XGBoost,0.2768034398034396,489.2257385253906
All,XGBoost,0.2805146055146053,490.06805419921875
All,XGBoost,0.284225771225771,490.7086486816406
All,XGBoost,0.28793693693693667,490.7086486816406
All,XGBoost,0.29164810264810237,490.7086486816406
All,XGBoost,0.29535926835926807,490.7086486816406
All,XGBoost,0.29907043407043377,490.7086486816406
All,XGBoost,0.30278159978159946,492.8070983886719
All,XGBoost,0.3064927654927652,492.8070983886719
All,XGBoost,0.3102039312039309,492.8070983886719
All,XGBoost,0.3139150969150966,492.8070983886719
All,XGBoost,0.3176262626262623,492.8070983886719
All,XGBoost,0.321337428337428,492.8070983886719
All,XGBoost,0.3250485940485937,492.8070983886719
All,XGBoost,0.32875975975975946,492.8070983886719
All,XGBoost,0.33247092547092516,492.8070983886719
All,XGBoost,0.33618209118209086,492.8070983886719
All,XGBoost,0.33989325689325656,491.6552429199219
All,XGBoost,0.34360442260442225,491.6552429199219
All,XGBoost,0.34731558831558795,491.6552429199219
All,XGBoost,0.3510267540267537,491.5506286621094
All,XGBoost,0.3547379197379194,487.67926025390625
All,XGBoost,0.3584490854490851,487.67926025390625
All,XGBoost,0.3621602511602508,487.67926025390625
All,XGBoost,0.3658714168714165,487.67926025390625
All,XGBoost,0.3695825825825822,487.67926025390625
All,XGBoost,0.37329374829374795,487.67926025390625
All,XGBoost,0.37700491400491365,487.67926025390625
All,XGBoost,0.38071607971607935,487.67926025390625
All,XGBoost,0.38442724542724505,764.12060546875
All,XGBoost,0.38813841113841074,764.12060546875
All,XGBoost,0.39184957684957644,764.12060546875
All,XGBoost,0.3955607425607422,764.12060546875
All,XGBoost,0.3992719082719079,764.12060546875
All,XGBoost,0.4029830739830736,764.12060546875
All,XGBoost,0.4066942396942393,761.66015625
All,XGBoost,0.410405405405405,760.9295654296875
Mornings,CatBoost,0.043,724.404057304003
Mornings,CatBoost,0.0467111657111657,724.404057304003
Mornings,CatBoost,0.050422331422331414,724.404057304003
Mornings,CatBoost,0.05413349713349712,724.404057304003
Mornings,CatBoost,0.057844662844662824,724.404057304003
Mornings,CatBoost,0.06155582855582853,724.404057304003
Mornings,CatBoost,0.06526699426699424,724.404057304003
Mornings,CatBoost,0.06897815997815995,724.404057304003
Mornings,CatBoost,0.07268932568932565,724.404057304003
Mornings,CatBoost,0.07640049140049136,724.404057304003
Mornings,CatBoost,0.08011165711165708,724.404057304003
Mornings,CatBoost,0.08382282282282277,724.404057304003
Mornings,CatBoost,0.08753398853398849,724.404057304003
Mornings,CatBoost,0.0912451542451542,724.404057304003
Mornings,CatBoost,0.0949563199563199,724.5290958730071
Mornings,CatBoost,0.09866748566748561,724.5290958730071
Mornings,CatBoost,0.10237865137865132,724.5290958730071
Mornings,CatBoost,0.10608981708981702,724.5290958730071
Mornings,CatBoost,0.10980098280098273,724.5290958730071
Mornings,CatBoost,0.11351214851214843,724.2177512339769
Mornings,CatBoost,0.11722331422331414,724.2177512339769
Mornings,CatBoost,0.12093447993447985,724.2177512339769
Mornings,CatBoost,0.12464564564564555,724.3321377573973
Mornings,CatBoost,0.12835681135681126,724.3321377573973
Mornings,CatBoost,0.13206797706797696,724.3321377573973
Mornings,CatBoost,0.13577914277914266,724.3321377573973
Mornings,CatBoost,0.13949030849030838,724.3321377573973
Mornings,CatBoost,0.1432014742014741,724.3321377573973
Mornings,CatBoost,0.1469126399126398,724.3628979411744
Mornings,CatBoost,0.1506238056238055,724.3628979411744
Mornings,CatBoost,0.1543349713349712,724.3628979411744
Mornings,CatBoost,0.1580461370461369,724.3628979411744
Mornings,CatBoost,0.16175730275730263,724.3628979411744
Mornings,CatBoost,0.16546846846846835,724.3628979411744
Mornings,CatBoost,0.16917963417963405,724.3628979411744
Mornings,CatBoost,0.17289079989079975,724.3628979411744
Mornings,CatBoost,0.17660196560196545,724.3628979411744
Mornings,CatBoost,0.18031313131313115,724.3628979411744
Mornings,CatBoost,0.18402429702429685,724.3628979411744
Mornings,CatBoost,0.1877354627354626,724.3628979411744
Mornings,CatBoost,0.1914466284466283,724.3628979411744
Mornings,CatBoost,0.195157794157794,724.3628979411744
Mornings,CatBoost,0.1988689598689597,724.5150881306188
Mornings,CatBoost,0.2025801255801254,735.8781589116239
Mornings,CatBoost,0.2062912912912911,735.8781589116239
Mornings,CatBoost,0.21000245700245684,725.7832660088449
Mornings,CatBoost,0.21371362271362254,725.7321916555645
Mornings,CatBoost,0.21742478842478824,725.7244973691239
Mornings,CatBoost,0.22113595413595394,725.7244973691239
Mornings,CatBoost,0.22484711984711964,725.7244973691239
Mornings,CatBoost,0.22855828555828533,725.7244973691239
Mornings,CatBoost,0.2322694512694511,725.480063241758
Mornings,CatBoost,0.2359806169806168,725.4781065234232
Mornings,CatBoost,0.23969178269178248,725.4781065234232
Mornings,CatBoost,0.24340294840294818,725.4781065234232
Mornings,CatBoost,0.24711411411411388,725.3625988881465
Mornings,CatBoost,0.2508252798252796,725.3625988881465
Mornings,CatBoost,0.25453644553644533,725.3625988881465
Mornings,CatBoost,0.25824761124761103,725.2603227043842
Mornings,CatBoost,0.26195877695877673,725.2603227043842
Mornings,CatBoost,0.2656699426699424,725.2603227043842
Mornings,CatBoost,0.2693811083811081,724.988954962861
Mornings,CatBoost,0.2730922740922738,724.988954962861
Mornings,CatBoost,0.2768034398034396,723.1428713814119
Mornings,CatBoost,0.2805146055146053,723.1428713814119
Mornings,CatBoost,0.284225771225771,723.6182451797292
Mornings,CatBoost,0.28793693693693667,723.0974159190449
Mornings,CatBoost,0.29164810264810237,723.0974159190449
Mornings,CatBoost,0.29535926835926807,723.0974159190449
Mornings,CatBoost,0.29907043407043377,727.7184767810409
Mornings,CatBoost,0.30278159978159946,728.305257710647
Mornings,CatBoost,0.3064927654927652,728.305257710647
Mornings,CatBoost,0.3102039312039309,728.305257710647
Mornings,CatBoost,0.3139150969150966,728.305257710647
Mornings,CatBoost,0.3176262626262623,728.305257710647
Mornings,CatBoost,0.321337428337428,733.3964019482385
Mornings,CatBoost,0.3250485940485937,733.3964019482385
Mornings,CatBoost,0.32875975975975946,733.3964019482385
Mornings,CatBoost,0.33247092547092516,733.3964019482385
Mornings,CatBoost,0.33618209118209086,733.3964019482385
Mornings,CatBoost,0.33989325689325656,733.3964019482385
Mornings,CatBoost,0.34360442260442225,732.6655934896157
Mornings,CatBoost,0.34731558831558795,732.6655934896157
Mornings,CatBoost,0.3510267540267537,735.0553425974629
Mornings,CatBoost,0.3547379197379194,733.2680873290834
Mornings,CatBoost,0.3584490854490851,733.2680873290834
Mornings,CatBoost,0.3621602511602508,733.2680873290834
Mornings,CatBoost,0.3658714168714165,733.2680873290834
Mornings,CatBoost,0.3695825825825822,733.2680873290834
Mornings,CatBoost,0.37329374829374795,733.2680873290834
Mornings,CatBoost,0.37700491400491365,733.2680873290834
Mornings,CatBoost,0.38071607971607935,775.8528476916723
Mornings,CatBoost,0.38442724542724505,775.8528476916723
Mornings,CatBoost,0.38813841113841074,775.8528476916723
Mornings,CatBoost,0.39184957684957644,775.8528476916723
Mornings,CatBoost,0.3955607425607422,772.023095413909
Mornings,CatBoost,0.3992719082719079,772.023095413909
Mornings,CatBoost,0.4029830739830736,772.023095413909
Mornings,CatBoost,0.4066942396942393,772.023095413909
Mornings,CatBoost,0.410405405405405,772.0400882356413
Mornings,LightGBM,0.043,708.8134518757621
Mornings,LightGBM,0.0467111657111657,708.8134518757621
Mornings,LightGBM,0.050422331422331414,708.8134518757621
Mornings,LightGBM,0.05413349713349712,708.8134518757621
Mornings,LightGBM,0.057844662844662824,708.8134518757621
Mornings,LightGBM,0.06155582855582853,708.8134518757621
Mornings,LightGBM,0.06526699426699424,708.8134518757621
Mornings,LightGBM,0.06897815997815995,708.8134518757621
Mornings,LightGBM,0.07268932568932565,708.909595406575
Mornings,LightGBM,0.07640049140049136,708.909595406575
Mornings,LightGBM,0.08011165711165708,708.909595406575
Mornings,LightGBM,0.08382282282282277,708.909595406575
Mornings,LightGBM,0.08753398853398849,708.909595406575
Mornings,LightGBM,0.0912451542451542,708.909595406575
Mornings,LightGBM,0.0949563199563199,708.9605681861691
Mornings,LightGBM,0.09866748566748561,708.9605681861691
Mornings,LightGBM,0.10237865137865132,708.9605681861691
Mornings,LightGBM,0.10608981708981702,708.9605681861691
Mornings,LightGBM,0.10980098280098273,708.9605681861691
Mornings,LightGBM,0.11351214851214843,706.9969970523018
Mornings,LightGBM,0.11722331422331414,706.9969970523018
Mornings,LightGBM,0.12093447993447985,706.9969970523018
Mornings,LightGBM,0.12464564564564555,707.173002927395
Mornings,LightGBM,0.12835681135681126,707.173002927395
Mornings,LightGBM,0.13206797706797696,707.173002927395
Mornings,LightGBM,0.13577914277914266,707.173002927395
Mornings,LightGBM,0.13949030849030838,705.8957626740547
Mornings,LightGBM,0.1432014742014741,705.8957626740547
Mornings,LightGBM,0.1469126399126398,705.4127659502707
Mornings,LightGBM,0.1506238056238055,705.4127659502707
Mornings,LightGBM,0.1543349713349712,705.4190117561379
Mornings,LightGBM,0.1580461370461369,705.4190117561379
Mornings,LightGBM,0.16175730275730263,705.4309441012663
Mornings,LightGBM,0.16546846846846835,705.4309441012663
Mornings,LightGBM,0.16917963417963405,705.4309441012663
Mornings,LightGBM,0.17289079989079975,705.4411213369553
Mornings,LightGBM,0.17660196560196545,705.4468603826122
Mornings,LightGBM,0.18031313131313115,705.4468603826122
Mornings,LightGBM,0.18402429702429685,705.4595421263135
Mornings,LightGBM,0.1877354627354626,705.4595421263135
Mornings,LightGBM,0.1914466284466283,705.5724114110226
Mornings,LightGBM,0.195157794157794,705.5724114110226
Mornings,LightGBM,0.1988689598689597,704.9099724745274
Mornings,LightGBM,0.2025801255801254,704.9024952600547
Mornings,LightGBM,0.2062912912912911,704.9024952600547
Mornings,LightGBM,0.21000245700245684,735.8359809289177
Mornings,LightGBM,0.21371362271362254,736.0487806732175
Mornings,LightGBM,0.21742478842478824,736.0487806732175
Mornings,LightGBM,0.22113595413595394,736.7922867297642
Mornings,LightGBM,0.22484711984711964,736.8357480670279
Mornings,LightGBM,0.22855828555828533,736.8357480670279
Mornings,LightGBM,0.2322694512694511,736.9207856481194
Mornings,LightGBM,0.2359806169806168,736.9195380225872
Mornings,LightGBM,0.23969178269178248,736.9195380225872
Mornings,LightGBM,0.24340294840294818,736.9195380225872
Mornings,LightGBM,0.24711411411411388,736.9184365818492
Mornings,LightGBM,0.2508252798252796,736.9184365818492
Mornings,LightGBM,0.25453644553644533,736.9184365818492
Mornings,LightGBM,0.25824761124761103,737.3109510500409
Mornings,LightGBM,0.26195877695877673,737.3109510500409
Mornings,LightGBM,0.2656699426699424,737.3109510500409
Mornings,LightGBM,0.2693811083811081,736.3926421364338
Mornings,LightGBM,0.2730922740922738,736.3926421364338
Mornings,LightGBM,0.2768034398034396,735.8572529579551
Mornings,LightGBM,0.2805146055146053,735.8572529579551
Mornings,LightGBM,0.284225771225771,728.9642159314186
Mornings,LightGBM,0.28793693693693667,728.9717764199806
Mornings,LightGBM,0.29164810264810237,728.9717764199806
Mornings,LightGBM,0.29535926835926807,728.9717764199806
Mornings,LightGBM,0.29907043407043377,728.9957509317592
Mornings,LightGBM,0.30278159978159946,731.5863543705146
Mornings,LightGBM,0.3064927654927652,731.5863543705146
Mornings,LightGBM,0.3102039312039309,731.5863543705146
Mornings,LightGBM,0.3139150969150966,731.5863543705146
Mornings,LightGBM,0.3176262626262623,731.5863543705146
Mornings,LightGBM,0.321337428337428,732.4828362712474
Mornings,LightGBM,0.3250485940485937,732.4828362712474
Mornings,LightGBM,0.32875975975975946,732.4828362712474
Mornings,LightGBM,0.33247092547092516,732.4828362712474
Mornings,LightGBM,0.33618209118209086,732.4828362712474
Mornings,LightGBM,0.33989325689325656,732.4828362712474
Mornings,LightGBM,0.34360442260442225,732.4784185021639
Mornings,LightGBM,0.34731558831558795,732.4784185021639
Mornings,LightGBM,0.3510267540267537,742.2006174603456
Mornings,LightGBM,0.3547379197379194,739.5230440506439
Mornings,LightGBM,0.3584490854490851,739.5230440506439
Mornings,LightGBM,0.3621602511602508,739.5230440506439
Mornings,LightGBM,0.3658714168714165,739.7434407511627
Mornings,LightGBM,0.3695825825825822,739.7434407511627
Mornings,LightGBM,0.37329374829374795,739.7434407511627
Mornings,LightGBM,0.37700491400491365,739.7434407511627
Mornings,LightGBM,0.38071607971607935,790.5381096851157
Mornings,LightGBM,0.38442724542724505,790.5381096851157
Mornings,LightGBM,0.38813841113841074,790.5381096851157
Mornings,LightGBM,0.39184957684957644,790.5381096851157
Mornings,LightGBM,0.3955607425607422,790.3177543151093
Mornings,LightGBM,0.3992719082719079,790.3177543151093
Mornings,LightGBM,0.4029830739830736,790.3177543151093
Mornings,LightGBM,0.4066942396942393,790.3177543151093
Mornings,LightGBM,0.410405405405405,790.3177543151093
Mornings,XGBoost,0.043,707.0722045898438
Mornings,XGBoost,0.0467111657111657,707.0722045898438
Mornings,XGBoost,0.050422331422331414,707.0722045898438
Mornings,XGBoost,0.05413349713349712,707.0722045898438
Mornings,XGBoost,0.057844662844662824,707.0722045898438
Mornings,XGBoost,0.06155582855582853,707.0722045898438
Mornings,XGBoost,0.06526699426699424,707.0722045898438
Mornings,XGBoost,0.06897815997815995,707.0722045898438
Mornings,XGBoost,0.07268932568932565,707.0722045898438
Mornings,XGBoost,0.07640049140049136,707.0722045898438
Mornings,XGBoost,0.08011165711165708,706.2890625
Mornings,XGBoost,0.08382282282282277,706.2890625
Mornings,XGBoost,0.08753398853398849,706.2890625
Mornings,XGBoost,0.0912451542451542,706.2890625
Mornings,XGBoost,0.0949563199563199,706.2890625
Mornings,XGBoost,0.09866748566748561,706.2890625
Mornings,XGBoost,0.10237865137865132,706.2890625
Mornings,XGBoost,0.10608981708981702,706.2890625
Mornings,XGBoost,0.10980098280098273,706.2890625
Mornings,XGBoost,0.11351214851214843,706.8175048828125
Mornings,XGBoost,0.11722331422331414,706.3259887695312
Mornings,XGBoost,0.12093447993447985,706.3259887695312
Mornings,XGBoost,0.12464564564564555,706.3259887695312
Mornings,XGBoost,0.12835681135681126,706.3259887695312
Mornings,XGBoost,0.13206797706797696,705.3739013671875
Mornings,XGBoost,0.13577914277914266,705.3739013671875
Mornings,XGBoost,0.13949030849030838,705.5888061523438
Mornings,XGBoost,0.1432014742014741,705.5888061523438
Mornings,XGBoost,0.1469126399126398,705.5888061523438
Mornings,XGBoost,0.1506238056238055,705.5888061523438
Mornings,XGBoost,0.1543349713349712,705.4150390625
Mornings,XGBoost,0.1580461370461369,705.4150390625
Mornings,XGBoost,0.16175730275730263,705.4150390625
Mornings,XGBoost,0.16546846846846835,705.4150390625
Mornings,XGBoost,0.16917963417963405,705.4150390625
Mornings,XGBoost,0.17289079989079975,705.4165649414062
Mornings,XGBoost,0.17660196560196545,705.4334106445312
Mornings,XGBoost,0.18031313131313115,705.4334106445312
Mornings,XGBoost,0.18402429702429685,705.4334106445312
Mornings,XGBoost,0.1877354627354626,705.4334106445312
Mornings,XGBoost,0.1914466284466283,703.3038330078125
Mornings,XGBoost,0.195157794157794,703.3038330078125
Mornings,XGBoost,0.1988689598689597,703.3038330078125
Mornings,XGBoost,0.2025801255801254,703.268310546875
Mornings,XGBoost,0.2062912912912911,703.37158203125
Mornings,XGBoost,0.21000245700245684,703.37158203125
Mornings,XGBoost,0.21371362271362254,750.0540771484375
Mornings,XGBoost,0.21742478842478824,749.8770141601562
Mornings,XGBoost,0.22113595413595394,747.0604248046875
Mornings,XGBoost,0.22484711984711964,747.0604248046875
Mornings,XGBoost,0.22855828555828533,747.0604248046875
Mornings,XGBoost,0.2322694512694511,746.5469360351562
Mornings,XGBoost,0.2359806169806168,746.5469360351562
Mornings,XGBoost,0.23969178269178248,746.7393798828125
Mornings,XGBoost,0.24340294840294818,746.7393798828125
Mornings,XGBoost,0.24711411411411388,746.7393798828125
Mornings,XGBoost,0.2508252798252796,746.8903198242188
Mornings,XGBoost,0.25453644553644533,746.8903198242188
Mornings,XGBoost,0.25824761124761103,746.8903198242188
Mornings,XGBoost,0.26195877695877673,746.8903198242188
Mornings,XGBoost,0.2656699426699424,747.2706298828125
Mornings,XGBoost,0.2693811083811081,747.2706298828125
Mornings,XGBoost,0.2730922740922738,747.2706298828125
Mornings,XGBoost,0.2768034398034396,748.7581176757812
Mornings,XGBoost,0.2805146055146053,748.7581176757812
Mornings,XGBoost,0.284225771225771,748.7221069335938
Mornings,XGBoost,0.28793693693693667,748.7221069335938
Mornings,XGBoost,0.29164810264810237,748.7221069335938
Mornings,XGBoost,0.29535926835926807,748.7221069335938
Mornings,XGBoost,0.29907043407043377,748.7221069335938
Mornings,XGBoost,0.30278159978159946,748.6432495117188
Mornings,XGBoost,0.3064927654927652,748.6432495117188
Mornings,XGBoost,0.3102039312039309,748.6432495117188
Mornings,XGBoost,0.3139150969150966,748.6432495117188
Mornings,XGBoost,0.3176262626262623,748.6432495117188
Mornings,XGBoost,0.321337428337428,748.6432495117188
Mornings,XGBoost,0.3250485940485937,748.6432495117188
Mornings,XGBoost,0.32875975975975946,748.6432495117188
Mornings,XGBoost,0.33247092547092516,748.6432495117188
Mornings,XGBoost,0.33618209118209086,748.6432495117188
Mornings,XGBoost,0.33989325689325656,749.9363403320312
Mornings,XGBoost,0.34360442260442225,749.9363403320312
Mornings,XGBoost,0.34731558831558795,749.9363403320312
Mornings,XGBoost,0.3510267540267537,749.8749389648438
Mornings,XGBoost,0.3547379197379194,750.353271484375
Mornings,XGBoost,0.3584490854490851,750.353271484375
Mornings,XGBoost,0.3621602511602508,750.353271484375
Mornings,XGBoost,0.3658714168714165,750.353271484375
Mornings,XGBoost,0.3695825825825822,750.353271484375
Mornings,XGBoost,0.37329374829374795,750.353271484375
Mornings,XGBoost,0.37700491400491365,750.6856079101562
Mornings,XGBoost,0.38071607971607935,750.6856079101562
Mornings,XGBoost,0.38442724542724505,768.3003540039062
Mornings,XGBoost,0.38813841113841074,768.3003540039062
Mornings,XGBoost,0.39184957684957644,768.3003540039062
Mornings,XGBoost,0.3955607425607422,768.3003540039062
Mornings,XGBoost,0.3992719082719079,768.3003540039062
Mornings,XGBoost,0.4029830739830736,768.3003540039062
Mornings,XGBoost,0.4066942396942393,769.1199951171875
Mornings,XGBoost,0.410405405405405,766.8658447265625
Lunches,CatBoost,0.043,1127.9642894528454
Lunches,CatBoost,0.0467111657111657,1127.9642894528454
Lunches,CatBoost,0.050422331422331414,1127.9642894528454
Lunches,CatBoost,0.05413349713349712,1127.9642894528454
Lunches,CatBoost,0.057844662844662824,1127.9642894528454
Lunches,CatBoost,0.06155582855582853,1127.9642894528454
Lunches,CatBoost,0.06526699426699424,1127.9642894528454
Lunches,CatBoost,0.06897815997815995,1127.9642894528454
Lunches,CatBoost,0.07268932568932565,1128.5275168182914
Lunches,CatBoost,0.07640049140049136,1128.5275168182914
Lunches,CatBoost,0.08011165711165708,1128.5275168182914
Lunches,CatBoost,0.08382282282282277,1128.5275168182914
Lunches,CatBoost,0.08753398853398849,1128.5275168182914
Lunches,CatBoost,0.0912451542451542,1128.5275168182914
Lunches,CatBoost,0.0949563199563199,1129.6204073392646
Lunches,CatBoost,0.09866748566748561,1129.6204073392646
Lunches,CatBoost,0.10237865137865132,1129.6204073392646
Lunches,CatBoost,0.10608981708981702,1129.6204073392646
Lunches,CatBoost,0.10980098280098273,1129.6204073392646
Lunches,CatBoost,0.11351214851214843,1129.299423688773
Lunches,CatBoost,0.11722331422331414,1129.299423688773
Lunches,CatBoost,0.12093447993447985,1129.299423688773
Lunches,CatBoost,0.12464564564564555,1131.1376295473278
Lunches,CatBoost,0.12835681135681126,1131.1376295473278
Lunches,CatBoost,0.13206797706797696,1131.1376295473278
Lunches,CatBoost,0.13577914277914266,1131.1376295473278
Lunches,CatBoost,0.13949030849030838,1131.1376295473278
Lunches,CatBoost,0.1432014742014741,1131.1376295473278
Lunches,CatBoost,0.1469126399126398,1129.8026043699851
Lunches,CatBoost,0.1506238056238055,1129.8026043699851
Lunches,CatBoost,0.1543349713349712,1128.547529357233
Lunches,CatBoost,0.1580461370461369,1128.547529357233
Lunches,CatBoost,0.16175730275730263,1128.1476234530637
Lunches,CatBoost,0.16546846846846835,1128.1476234530637
Lunches,CatBoost,0.16917963417963405,1128.1476234530637
Lunches,CatBoost,0.17289079989079975,1128.1476234530637
Lunches,CatBoost,0.17660196560196545,1128.1476234530637
Lunches,CatBoost,0.18031313131313115,1128.1476234530637
Lunches,CatBoost,0.18402429702429685,1128.1476234530637
Lunches,CatBoost,0.1877354627354626,1128.1476234530637
Lunches,CatBoost,0.1914466284466283,1128.1476234530637
Lunches,CatBoost,0.195157794157794,1128.1476234530637
Lunches,CatBoost,0.1988689598689597,1129.6761917225488
Lunches,CatBoost,0.2025801255801254,1129.9638343799047
Lunches,CatBoost,0.2062912912912911,1129.9638343799047
Lunches,CatBoost,0.21000245700245684,1135.0913618347986
Lunches,CatBoost,0.21371362271362254,1130.3055866423074
Lunches,CatBoost,0.21742478842478824,1130.3055866423074
Lunches,CatBoost,0.22113595413595394,1129.8371810739202
Lunches,CatBoost,0.22484711984711964,1129.7115170063423
Lunches,CatBoost,0.22855828555828533,1129.7115170063423
Lunches,CatBoost,0.2322694512694511,1131.3327963133133
Lunches,CatBoost,0.2359806169806168,1131.2350926838915
Lunches,CatBoost,0.23969178269178248,1131.2350926838915
Lunches,CatBoost,0.24340294840294818,1131.2350926838915
Lunches,CatBoost,0.24711411411411388,1130.615671900081
Lunches,CatBoost,0.2508252798252796,1130.615671900081
Lunches,CatBoost,0.25453644553644533,1130.615671900081
Lunches,CatBoost,0.25824761124761103,1130.4149464098632
Lunches,CatBoost,0.26195877695877673,1130.4149464098632
Lunches,CatBoost,0.2656699426699424,1130.4149464098632
Lunches,CatBoost,0.2693811083811081,1129.3804612603078
Lunches,CatBoost,0.2730922740922738,1129.3804612603078
Lunches,CatBoost,0.2768034398034396,1127.3383004715397
Lunches,CatBoost,0.2805146055146053,1127.3383004715397
Lunches,CatBoost,0.284225771225771,1127.3383004715397
Lunches,CatBoost,0.28793693693693667,1129.1047725540623
Lunches,CatBoost,0.29164810264810237,1129.1047725540623
Lunches,CatBoost,0.29535926835926807,1129.1047725540623
Lunches,CatBoost,0.29907043407043377,1136.3780524713227
Lunches,CatBoost,0.30278159978159946,1136.672019927652
Lunches,CatBoost,0.3064927654927652,1136.672019927652
Lunches,CatBoost,0.3102039312039309,1136.672019927652
Lunches,CatBoost,0.3139150969150966,1136.672019927652
Lunches,CatBoost,0.3176262626262623,1136.672019927652
Lunches,CatBoost,0.321337428337428,1136.672019927652
Lunches,CatBoost,0.3250485940485937,1136.672019927652
Lunches,CatBoost,0.32875975975975946,1136.672019927652
Lunches,CatBoost,0.33247092547092516,1136.672019927652
Lunches,CatBoost,0.33618209118209086,1136.672019927652
Lunches,CatBoost,0.33989325689325656,1136.672019927652
Lunches,CatBoost,0.34360442260442225,1136.672019927652
Lunches,CatBoost,0.34731558831558795,1136.672019927652
Lunches,CatBoost,0.3510267540267537,1138.4779321334947
Lunches,CatBoost,0.3547379197379194,1128.1452660866796
Lunches,CatBoost,0.3584490854490851,1128.1452660866796
Lunches,CatBoost,0.3621602511602508,1128.1452660866796
Lunches,CatBoost,0.3658714168714165,1128.164881913661
Lunches,CatBoost,0.3695825825825822,1128.164881913661
Lunches,CatBoost,0.37329374829374795,1128.164881913661
Lunches,CatBoost,0.37700491400491365,1128.164881913661
Lunches,CatBoost,0.38071607971607935,1162.6417524870017
Lunches,CatBoost,0.38442724542724505,1162.6417524870017
Lunches,CatBoost,0.38813841113841074,1162.6417524870017
Lunches,CatBoost,0.39184957684957644,1162.6417524870017
Lunches,CatBoost,0.3955607425607422,1162.6417524870017
Lunches,CatBoost,0.3992719082719079,1162.6417524870017
Lunches,CatBoost,0.4029830739830736,1162.6417524870017
Lunches,CatBoost,0.4066942396942393,1162.6417524870017
Lunches,CatBoost,0.410405405405405,1201.010914068651
Lunches,LightGBM,0.043,1085.7314613470467
Lunches,LightGBM,0.0467111657111657,1085.7314613470467
Lunches,LightGBM,0.050422331422331414,1085.7314613470467
Lunches,LightGBM,0.05413349713349712,1085.7314613470467
Lunches,LightGBM,0.057844662844662824,1085.7314613470467
Lunches,LightGBM,0.06155582855582853,1085.7314613470467
Lunches,LightGBM,0.06526699426699424,1085.7314613470467
Lunches,LightGBM,0.06897815997815995,1085.7314613470467
Lunches,LightGBM,0.07268932568932565,1085.7314613470467
Lunches,LightGBM,0.07640049140049136,1085.7314613470467
Lunches,LightGBM,0.08011165711165708,1085.7314613470467
Lunches,LightGBM,0.08382282282282277,1085.7314613470467
Lunches,LightGBM,0.08753398853398849,1085.7314613470467
Lunches,LightGBM,0.0912451542451542,1085.7314613470467
Lunches,LightGBM,0.0949563199563199,1085.6646818356903
Lunches,LightGBM,0.09866748566748561,1085.6646818356903
Lunches,LightGBM,0.10237865137865132,1085.6646818356903
Lunches,LightGBM,0.10608981708981702,1085.6646818356903
Lunches,LightGBM,0.10980098280098273,1085.6646818356903
Lunches,LightGBM,0.11351214851214843,1085.6646818356903
Lunches,LightGBM,0.11722331422331414,1085.6646818356903
Lunches,LightGBM,0.12093447993447985,1085.6646818356903
Lunches,LightGBM,0.12464564564564555,1085.9239666201256
Lunches,LightGBM,0.12835681135681126,1085.9239666201256
Lunches,LightGBM,0.13206797706797696,1085.9239666201256
Lunches,LightGBM,0.13577914277914266,1085.7945966650473
Lunches,LightGBM,0.13949030849030838,1085.801671662726
Lunches,LightGBM,0.1432014742014741,1085.801671662726
Lunches,LightGBM,0.1469126399126398,1081.4622450097213
Lunches,LightGBM,0.1506238056238055,1081.4622450097213
Lunches,LightGBM,0.1543349713349712,1081.486195740647
Lunches,LightGBM,0.1580461370461369,1081.486195740647
Lunches,LightGBM,0.16175730275730263,1081.486195740647
Lunches,LightGBM,0.16546846846846835,1081.486195740647
Lunches,LightGBM,0.16917963417963405,1081.486195740647
Lunches,LightGBM,0.17289079989079975,1081.6032236533945
Lunches,LightGBM,0.17660196560196545,1081.8041221657481
Lunches,LightGBM,0.18031313131313115,1081.8041221657481
Lunches,LightGBM,0.18402429702429685,1081.8041221657481
Lunches,LightGBM,0.1877354627354626,1081.8041221657481
Lunches,LightGBM,0.1914466284466283,1081.889078423816
Lunches,LightGBM,0.195157794157794,1081.889078423816
Lunches,LightGBM,0.1988689598689597,1081.8749006860935
Lunches,LightGBM,0.2025801255801254,1081.8749006860935
Lunches,LightGBM,0.2062912912912911,1081.8749006860935
Lunches,LightGBM,0.21000245700245684,1081.7129299633243
Lunches,LightGBM,0.21371362271362254,1083.4252054742396
Lunches,LightGBM,0.21742478842478824,1083.4542242652547
Lunches,LightGBM,0.22113595413595394,1083.6911178388568
Lunches,LightGBM,0.22484711984711964,1083.851965755867
Lunches,LightGBM,0.22855828555828533,1083.851965755867
Lunches,LightGBM,0.2322694512694511,1055.1580300606117
Lunches,LightGBM,0.2359806169806168,1065.56649469532
Lunches,LightGBM,0.23969178269178248,1065.56649469532
Lunches,LightGBM,0.24340294840294818,1065.56649469532
Lunches,LightGBM,0.24711411411411388,1065.7337987222834
Lunches,LightGBM,0.2508252798252796,1065.7337987222834
Lunches,LightGBM,0.25453644553644533,1065.7337987222834
Lunches,LightGBM,0.25824761124761103,1065.6355301360632
Lunches,LightGBM,0.26195877695877673,1065.6355301360632
Lunches,LightGBM,0.2656699426699424,1065.6355301360632
Lunches,LightGBM,0.2693811083811081,1063.3494552852185
Lunches,LightGBM,0.2730922740922738,1063.3494552852185
Lunches,LightGBM,0.2768034398034396,1063.0074452556498
Lunches,LightGBM,0.2805146055146053,1063.0074452556498
Lunches,LightGBM,0.284225771225771,1063.0315986098565
Lunches,LightGBM,0.28793693693693667,1063.0232202783207
Lunches,LightGBM,0.29164810264810237,1063.0232202783207
Lunches,LightGBM,0.29535926835926807,1063.0232202783207
Lunches,LightGBM,0.29907043407043377,1063.7764923751677
Lunches,LightGBM,0.30278159978159946,1063.7764923751677
Lunches,LightGBM,0.3064927654927652,1063.7764923751677
Lunches,LightGBM,0.3102039312039309,1063.7764923751677
Lunches,LightGBM,0.3139150969150966,1063.7764923751677
Lunches,LightGBM,0.3176262626262623,1063.7764923751677
Lunches,LightGBM,0.321337428337428,1063.5884275088777
Lunches,LightGBM,0.3250485940485937,1063.5884275088777
Lunches,LightGBM,0.32875975975975946,1063.5884275088777
Lunches,LightGBM,0.33247092547092516,1063.5884275088777
Lunches,LightGBM,0.33618209118209086,1063.5884275088777
Lunches,LightGBM,0.33989325689325656,1063.5884275088777
Lunches,LightGBM,0.34360442260442225,1063.7898742726888
Lunches,LightGBM,0.34731558831558795,1063.7898742726888
Lunches,LightGBM,0.3510267540267537,1063.7898742726888
Lunches,LightGBM,0.3547379197379194,1057.497846784409
Lunches,LightGBM,0.3584490854490851,1057.497846784409
Lunches,LightGBM,0.3621602511602508,1057.497846784409
Lunches,LightGBM,0.3658714168714165,1033.8569667093461
Lunches,LightGBM,0.3695825825825822,1033.8569667093461
Lunches,LightGBM,0.37329374829374795,1033.8569667093461
Lunches,LightGBM,0.37700491400491365,1033.8569667093461
Lunches,LightGBM,0.38071607971607935,1335.7743934660296
Lunches,LightGBM,0.38442724542724505,1335.7743934660296
Lunches,LightGBM,0.38813841113841074,1335.7743934660296
Lunches,LightGBM,0.39184957684957644,1335.7743934660296
Lunches,LightGBM,0.3955607425607422,1335.7743934660296
Lunches,LightGBM,0.3992719082719079,1335.7743934660296
Lunches,LightGBM,0.4029830739830736,1335.7743934660296
Lunches,LightGBM,0.4066942396942393,1335.7743934660296
Lunches,LightGBM,0.410405405405405,1335.7743934660296
Lunches,XGBoost,0.043,1081.14306640625
Lunches,XGBoost,0.0467111657111657,1081.14306640625
Lunches,XGBoost,0.050422331422331414,1081.14306640625
Lunches,XGBoost,0.05413349713349712,1081.14306640625
Lunches,XGBoost,0.057844662844662824,1081.14306640625
Lunches,XGBoost,0.06155582855582853,1081.14306640625
Lunches,XGBoost,0.06526699426699424,1081.14306640625
Lunches,XGBoost,0.06897815997815995,1081.14306640625
Lunches,XGBoost,0.07268932568932565,1081.14306640625
Lunches,XGBoost,0.07640049140049136,1081.14306640625
Lunches,XGBoost,0.08011165711165708,1081.14306640625
Lunches,XGBoost,0.08382282282282277,1081.14306640625
Lunches,XGBoost,0.08753398853398849,1081.14306640625
Lunches,XGBoost,0.0912451542451542,1081.14306640625
Lunches,XGBoost,0.0949563199563199,1081.14306640625
Lunches,XGBoost,0.09866748566748561,1081.14306640625
Lunches,XGBoost,0.10237865137865132,1081.14306640625
Lunches,XGBoost,0.10608981708981702,1081.14306640625
Lunches,XGBoost,0.10980098280098273,1081.14306640625
Lunches,XGBoost,0.11351214851214843,1081.087158203125
Lunches,XGBoost,0.11722331422331414,1081.35205078125
Lunches,XGBoost,0.12093447993447985,1081.35205078125
Lunches,XGBoost,0.12464564564564555,1081.35205078125
Lunches,XGBoost,0.12835681135681126,1081.35205078125
Lunches,XGBoost,0.13206797706797696,1081.1676025390625
Lunches,XGBoost,0.13577914277914266,1081.1676025390625
Lunches,XGBoost,0.13949030849030838,1081.0233154296875
Lunches,XGBoost,0.1432014742014741,1080.5711669921875
Lunches,XGBoost,0.1469126399126398,1080.5711669921875
Lunches,XGBoost,0.1506238056238055,1080.5711669921875
Lunches,XGBoost,0.1543349713349712,1080.456787109375
Lunches,XGBoost,0.1580461370461369,1080.456787109375
Lunches,XGBoost,0.16175730275730263,1080.456787109375
Lunches,XGBoost,0.16546846846846835,1080.456787109375
Lunches,XGBoost,0.16917963417963405,1080.4693603515625
Lunches,XGBoost,0.17289079989079975,1080.3895263671875
Lunches,XGBoost,0.17660196560196545,1080.3956298828125
Lunches,XGBoost,0.18031313131313115,1080.3956298828125
Lunches,XGBoost,0.18402429702429685,1080.3956298828125
Lunches,XGBoost,0.1877354627354626,1080.3956298828125
Lunches,XGBoost,0.1914466284466283,1080.218994140625
Lunches,XGBoost,0.195157794157794,1080.218994140625
Lunches,XGBoost,0.1988689598689597,1080.218994140625
Lunches,XGBoost,0.2025801255801254,1080.218994140625
Lunches,XGBoost,0.2062912912912911,1080.2310791015625
Lunches,XGBoost,0.21000245700245684,1080.2310791015625
Lunches,XGBoost,0.21371362271362254,1081.173828125
Lunches,XGBoost,0.21742478842478824,1080.6695556640625
Lunches,XGBoost,0.22113595413595394,1081.20458984375
Lunches,XGBoost,0.22484711984711964,1081.20458984375
Lunches,XGBoost,0.22855828555828533,1081.20458984375
Lunches,XGBoost,0.2322694512694511,1074.8670654296875
Lunches,XGBoost,0.2359806169806168,1074.8670654296875
Lunches,XGBoost,0.23969178269178248,1074.750244140625
Lunches,XGBoost,0.24340294840294818,1074.750244140625
Lunches,XGBoost,0.24711411411411388,1074.750244140625
Lunches,XGBoost,0.2508252798252796,1074.7784423828125
Lunches,XGBoost,0.25453644553644533,1074.7784423828125
Lunches,XGBoost,0.25824761124761103,1074.7784423828125
Lunches,XGBoost,0.26195877695877673,1074.7784423828125
Lunches,XGBoost,0.2656699426699424,1074.5301513671875
Lunches,XGBoost,0.2693811083811081,1074.5301513671875
Lunches,XGBoost,0.2730922740922738,1074.5301513671875
Lunches,XGBoost,0.2768034398034396,1074.5301513671875
Lunches,XGBoost,0.2805146055146053,1074.5517578125
Lunches,XGBoost,0.284225771225771,1074.703857421875
Lunches,XGBoost,0.28793693693693667,1074.703857421875
Lunches,XGBoost,0.29164810264810237,1074.703857421875
Lunches,XGBoost,0.29535926835926807,1074.703857421875
Lunches,XGBoost,0.29907043407043377,1074.703857421875
Lunches,XGBoost,0.30278159978159946,1074.4515380859375
Lunches,XGBoost,0.3064927654927652,1074.4515380859375
Lunches,XGBoost,0.3102039312039309,1074.4515380859375
Lunches,XGBoost,0.3139150969150966,1074.4515380859375
Lunches,XGBoost,0.3176262626262623,1074.4515380859375
Lunches,XGBoost,0.321337428337428,1074.4515380859375
Lunches,XGBoost,0.3250485940485937,1074.4515380859375
Lunches,XGBoost,0.32875975975975946,1074.4515380859375
Lunches,XGBoost,0.33247092547092516,1074.4515380859375
Lunches,XGBoost,0.33618209118209086,1074.4515380859375
Lunches,XGBoost,0.33989325689325656,1074.4515380859375
Lunches,XGBoost,0.34360442260442225,1074.4515380859375
Lunches,XGBoost,0.34731558831558795,1074.4515380859375
Lunches,XGBoost,0.3510267540267537,1076.6854248046875
Lunches,XGBoost,0.3547379197379194,1070.371826171875
Lunches,XGBoost,0.3584490854490851,1070.371826171875
Lunches,XGBoost,0.3621602511602508,1070.371826171875
Lunches,XGBoost,0.3658714168714165,1070.371826171875
Lunches,XGBoost,0.3695825825825822,1070.371826171875
Lunches,XGBoost,0.37329374829374795,1070.371826171875
Lunches,XGBoost,0.37700491400491365,1070.371826171875
Lunches,XGBoost,0.38071607971607935,1070.371826171875
Lunches,XGBoost,0.38442724542724505,1397.797119140625
Lunches,XGBoost,0.38813841113841074,1397.797119140625
Lunches,XGBoost,0.39184957684957644,1397.797119140625
Lunches,XGBoost,0.3955607425607422,1397.797119140625
Lunches,XGBoost,0.3992719082719079,1397.797119140625
Lunches,XGBoost,0.4029830739830736,1397.797119140625
Lunches,XGBoost,0.4066942396942393,1397.797119140625
Lunches,XGBoost,0.410405405405405,1397.797119140625
Afternoons,CatBoost,0.043,1223.6827995165945
Afternoons,CatBoost,0.0467111657111657,1223.6827995165945
Afternoons,CatBoost,0.050422331422331414,1223.6827995165945
Afternoons,CatBoost,0.05413349713349712,1223.6827995165945
Afternoons,CatBoost,0.057844662844662824,1223.6827995165945
Afternoons,CatBoost,0.06155582855582853,1223.6827995165945
Afternoons,CatBoost,0.06526699426699424,1223.6827995165945
Afternoons,CatBoost,0.06897815997815995,1223.6827995165945
Afternoons,CatBoost,0.07268932568932565,1223.6348435106618
Afternoons,CatBoost,0.07640049140049136,1223.6348435106618
Afternoons,CatBoost,0.08011165711165708,1223.6348435106618
Afternoons,CatBoost,0.08382282282282277,1223.6348435106618
Afternoons,CatBoost,0.08753398853398849,1223.6348435106618
Afternoons,CatBoost,0.0912451542451542,1223.6348435106618
Afternoons,CatBoost,0.0949563199563199,1223.6348435106618
Afternoons,CatBoost,0.09866748566748561,1223.6348435106618
Afternoons,CatBoost,0.10237865137865132,1223.6348435106618
Afternoons,CatBoost,0.10608981708981702,1223.6348435106618
Afternoons,CatBoost,0.10980098280098273,1223.6348435106618
Afternoons,CatBoost,0.11351214851214843,1223.6348435106618
Afternoons,CatBoost,0.11722331422331414,1223.6348435106618
Afternoons,CatBoost,0.12093447993447985,1223.6348435106618
Afternoons,CatBoost,0.12464564564564555,1222.4723837611073
Afternoons,CatBoost,0.12835681135681126,1222.4723837611073
Afternoons,CatBoost,0.13206797706797696,1222.4723837611073
Afternoons,CatBoost,0.13577914277914266,1222.4723837611073
Afternoons,CatBoost,0.13949030849030838,1222.4723837611073
Afternoons,CatBoost,0.1432014742014741,1222.4723837611073
Afternoons,CatBoost,0.1469126399126398,1222.52273342509
Afternoons,CatBoost,0.1506238056238055,1222.52273342509
Afternoons,CatBoost,0.1543349713349712,1218.795530669431
Afternoons,CatBoost,0.1580461370461369,1218.795530669431
Afternoons,CatBoost,0.16175730275730263,1219.2822445250758
Afternoons,CatBoost,0.16546846846846835,1219.2822445250758
Afternoons,CatBoost,0.16917963417963405,1219.2822445250758
Afternoons,CatBoost,0.17289079989079975,1219.2822445250758
Afternoons,CatBoost,0.17660196560196545,1219.2822445250758
Afternoons,CatBoost,0.18031313131313115,1219.2822445250758
Afternoons,CatBoost,0.18402429702429685,1219.2822445250758
Afternoons,CatBoost,0.1877354627354626,1219.2822445250758
Afternoons,CatBoost,0.1914466284466283,1219.2822445250758
Afternoons,CatBoost,0.195157794157794,1219.2822445250758
Afternoons,CatBoost,0.1988689598689597,1219.2822445250758
Afternoons,CatBoost,0.2025801255801254,1215.0515503052522
Afternoons,CatBoost,0.2062912912912911,1215.0515503052522
Afternoons,CatBoost,0.21000245700245684,1203.273539879175
Afternoons,CatBoost,0.21371362271362254,1201.6864202655092
Afternoons,CatBoost,0.21742478842478824,1201.6553611258844
Afternoons,CatBoost,0.22113595413595394,1201.6553611258844
Afternoons,CatBoost,0.22484711984711964,1186.9220356253459
Afternoons,CatBoost,0.22855828555828533,1186.9220356253459
Afternoons,CatBoost,0.2322694512694511,1252.2033342716534
Afternoons,CatBoost,0.2359806169806168,1256.4358132893979
Afternoons,CatBoost,0.23969178269178248,1256.4358132893979
Afternoons,CatBoost,0.24340294840294818,1256.4358132893979
Afternoons,CatBoost,0.24711411411411388,1256.4358132893979
Afternoons,CatBoost,0.2508252798252796,1256.4358132893979
Afternoons,CatBoost,0.25453644553644533,1256.4358132893979
Afternoons,CatBoost,0.25824761124761103,1258.2098490282071
Afternoons,CatBoost,0.26195877695877673,1258.2098490282071
Afternoons,CatBoost,0.2656699426699424,1258.2098490282071
Afternoons,CatBoost,0.2693811083811081,1253.1309037436804
Afternoons,CatBoost,0.2730922740922738,1253.1309037436804
Afternoons,CatBoost,0.2768034398034396,1253.047544458843
Afternoons,CatBoost,0.2805146055146053,1253.047544458843
Afternoons,CatBoost,0.284225771225771,1252.257874230042
Afternoons,CatBoost,0.28793693693693667,1253.739648243843
Afternoons,CatBoost,0.29164810264810237,1253.739648243843
Afternoons,CatBoost,0.29535926835926807,1253.739648243843
Afternoons,CatBoost,0.29907043407043377,1283.68629768074
Afternoons,CatBoost,0.30278159978159946,1293.2605376290264
Afternoons,CatBoost,0.3064927654927652,1293.2605376290264
Afternoons,CatBoost,0.3102039312039309,1293.2605376290264
Afternoons,CatBoost,0.3139150969150966,1293.2605376290264
Afternoons,CatBoost,0.3176262626262623,1293.2605376290264
Afternoons,CatBoost,0.321337428337428,1294.696135144169
Afternoons,CatBoost,0.3250485940485937,1294.696135144169
Afternoons,CatBoost,0.32875975975975946,1294.696135144169
Afternoons,CatBoost,0.33247092547092516,1294.696135144169
Afternoons,CatBoost,0.33618209118209086,1294.696135144169
Afternoons,CatBoost,0.33989325689325656,1294.696135144169
Afternoons,CatBoost,0.34360442260442225,1289.3092063780869
Afternoons,CatBoost,0.34731558831558795,1289.3092063780869
Afternoons,CatBoost,0.3510267540267537,1290.1587426644633
Afternoons,CatBoost,0.3547379197379194,1290.1587426644633
Afternoons,CatBoost,0.3584490854490851,1290.1587426644633
Afternoons,CatBoost,0.3621602511602508,1290.1587426644633
Afternoons,CatBoost,0.3658714168714165,1290.1587426644633
Afternoons,CatBoost,0.3695825825825822,1290.1587426644633
Afternoons,CatBoost,0.37329374829374795,1290.1587426644633
Afternoons,CatBoost,0.37700491400491365,1290.1587426644633
Afternoons,CatBoost,0.38071607971607935,1396.2434949895849
Afternoons,CatBoost,0.38442724542724505,1396.2434949895849
Afternoons,CatBoost,0.38813841113841074,1396.2434949895849
Afternoons,CatBoost,0.39184957684957644,1396.2434949895849
Afternoons,CatBoost,0.3955607425607422,1396.2434949895849
Afternoons,CatBoost,0.3992719082719079,1396.2434949895849
Afternoons,CatBoost,0.4029830739830736,1396.2434949895849
Afternoons,CatBoost,0.4066942396942393,1396.2434949895849
Afternoons,CatBoost,0.410405405405405,1400.5981638623186
Afternoons,LightGBM,0.043,1335.6245310230004
Afternoons,LightGBM,0.0467111657111657,1335.6245310230004
Afternoons,LightGBM,0.050422331422331414,1335.6245310230004
Afternoons,LightGBM,0.05413349713349712,1335.6245310230004
Afternoons,LightGBM,0.057844662844662824,1335.6245310230004
Afternoons,LightGBM,0.06155582855582853,1335.6245310230004
Afternoons,LightGBM,0.06526699426699424,1335.6245310230004
Afternoons,LightGBM,0.06897815997815995,1335.6245310230004
Afternoons,LightGBM,0.07268932568932565,1335.7278655779364
Afternoons,LightGBM,0.07640049140049136,1335.7278655779364
Afternoons,LightGBM,0.08011165711165708,1335.7278655779364
Afternoons,LightGBM,0.08382282282282277,1335.7278655779364
Afternoons,LightGBM,0.08753398853398849,1335.7278655779364
Afternoons,LightGBM,0.0912451542451542,1335.7278655779364
Afternoons,LightGBM,0.0949563199563199,1335.7278655779364
Afternoons,LightGBM,0.09866748566748561,1335.7278655779364
Afternoons,LightGBM,0.10237865137865132,1335.7278655779364
Afternoons,LightGBM,0.10608981708981702,1335.7278655779364
Afternoons,LightGBM,0.10980098280098273,1335.7278655779364
Afternoons,LightGBM,0.11351214851214843,1335.5730696766786
Afternoons,LightGBM,0.11722331422331414,1335.5730696766786
Afternoons,LightGBM,0.12093447993447985,1335.5730696766786
Afternoons,LightGBM,0.12464564564564555,1335.0182422813227
Afternoons,LightGBM,0.12835681135681126,1335.0182422813227
Afternoons,LightGBM,0.13206797706797696,1335.0182422813227
Afternoons,LightGBM,0.13577914277914266,1335.4995030964938
Afternoons,LightGBM,0.13949030849030838,1334.778252974885
Afternoons,LightGBM,0.1432014742014741,1334.778252974885
Afternoons,LightGBM,0.1469126399126398,1329.471945371671
Afternoons,LightGBM,0.1506238056238055,1329.471945371671
Afternoons,LightGBM,0.1543349713349712,1329.471945371671
Afternoons,LightGBM,0.1580461370461369,1329.471945371671
Afternoons,LightGBM,0.16175730275730263,1329.407950426766
Afternoons,LightGBM,0.16546846846846835,1329.407950426766
Afternoons,LightGBM,0.16917963417963405,1329.407950426766
Afternoons,LightGBM,0.17289079989079975,1329.386830015661
Afternoons,LightGBM,0.17660196560196545,1329.386830015661
Afternoons,LightGBM,0.18031313131313115,1329.386830015661
Afternoons,LightGBM,0.18402429702429685,1329.386830015661
Afternoons,LightGBM,0.1877354627354626,1329.386830015661
Afternoons,LightGBM,0.1914466284466283,1329.386830015661
Afternoons,LightGBM,0.195157794157794,1329.386830015661
Afternoons,LightGBM,0.1988689598689597,1329.357799581696
Afternoons,LightGBM,0.2025801255801254,1329.3662095362756
Afternoons,LightGBM,0.2062912912912911,1329.3662095362756
Afternoons,LightGBM,0.21000245700245684,1316.6301969345643
Afternoons,LightGBM,0.21371362271362254,1352.5665727886487
Afternoons,LightGBM,0.21742478842478824,1352.7324934204403
Afternoons,LightGBM,0.22113595413595394,1352.6887704455853
Afternoons,LightGBM,0.22484711984711964,1352.728082041811
Afternoons,LightGBM,0.22855828555828533,1352.728082041811
Afternoons,LightGBM,0.2322694512694511,908.6280780053038
Afternoons,LightGBM,0.2359806169806168,920.4004792149234
Afternoons,LightGBM,0.23969178269178248,920.4004792149234
Afternoons,LightGBM,0.24340294840294818,920.4004792149234
Afternoons,LightGBM,0.24711411411411388,920.159532520339
Afternoons,LightGBM,0.2508252798252796,920.159532520339
Afternoons,LightGBM,0.25453644553644533,920.159532520339
Afternoons,LightGBM,0.25824761124761103,920.5160215192082
Afternoons,LightGBM,0.26195877695877673,920.5160215192082
Afternoons,LightGBM,0.2656699426699424,920.5160215192082
Afternoons,LightGBM,0.2693811083811081,933.3969771854793
Afternoons,LightGBM,0.2730922740922738,933.3969771854793
Afternoons,LightGBM,0.2768034398034396,933.7244781544576
Afternoons,LightGBM,0.2805146055146053,933.7244781544576
Afternoons,LightGBM,0.284225771225771,933.7244781544576
Afternoons,LightGBM,0.28793693693693667,933.7244781544576
Afternoons,LightGBM,0.29164810264810237,933.7244781544576
Afternoons,LightGBM,0.29535926835926807,933.7244781544576
Afternoons,LightGBM,0.29907043407043377,935.7699819876084
Afternoons,LightGBM,0.30278159978159946,938.5240434347011
Afternoons,LightGBM,0.3064927654927652,938.5240434347011
Afternoons,LightGBM,0.3102039312039309,938.5240434347011
Afternoons,LightGBM,0.3139150969150966,938.5240434347011
Afternoons,LightGBM,0.3176262626262623,938.5240434347011
Afternoons,LightGBM,0.321337428337428,938.8785189179653
Afternoons,LightGBM,0.3250485940485937,938.8785189179653
Afternoons,LightGBM,0.32875975975975946,938.8785189179653
Afternoons,LightGBM,0.33247092547092516,938.8785189179653
Afternoons,LightGBM,0.33618209118209086,938.8785189179653
Afternoons,LightGBM,0.33989325689325656,938.8785189179653
Afternoons,LightGBM,0.34360442260442225,944.7587996244586
Afternoons,LightGBM,0.34731558831558795,944.7587996244586
Afternoons,LightGBM,0.3510267540267537,1010.4581007750236
Afternoons,LightGBM,0.3547379197379194,898.6147319749687
Afternoons,LightGBM,0.3584490854490851,898.6147319749687
Afternoons,LightGBM,0.3621602511602508,898.6147319749687
Afternoons,LightGBM,0.3658714168714165,898.6147319749687
Afternoons,LightGBM,0.3695825825825822,898.6147319749687
Afternoons,LightGBM,0.37329374829374795,898.6147319749687
Afternoons,LightGBM,0.37700491400491365,898.6147319749687
Afternoons,LightGBM,0.38071607971607935,1840.5975331895875
Afternoons,LightGBM,0.38442724542724505,1840.5975331895875
Afternoons,LightGBM,0.38813841113841074,1840.5975331895875
Afternoons,LightGBM,0.39184957684957644,1840.5975331895875
Afternoons,LightGBM,0.3955607425607422,1840.5975331895875
Afternoons,LightGBM,0.3992719082719079,1840.5975331895875
Afternoons,LightGBM,0.4029830739830736,1840.5975331895875
Afternoons,LightGBM,0.4066942396942393,1840.5975331895875
Afternoons,LightGBM,0.410405405405405,1830.2338943503457
Afternoons,XGBoost,0.043,1331.387451171875
Afternoons,XGBoost,0.0467111657111657,1331.387451171875
Afternoons,XGBoost,0.050422331422331414,1331.387451171875
Afternoons,XGBoost,0.05413349713349712,1331.387451171875
Afternoons,XGBoost,0.057844662844662824,1331.387451171875
Afternoons,XGBoost,0.06155582855582853,1331.387451171875
Afternoons,XGBoost,0.06526699426699424,1331.387451171875
Afternoons,XGBoost,0.06897815997815995,1331.387451171875
Afternoons,XGBoost,0.07268932568932565,1331.387451171875
Afternoons,XGBoost,0.07640049140049136,1331.387451171875
Afternoons,XGBoost,0.08011165711165708,1330.9140625
Afternoons,XGBoost,0.08382282282282277,1330.9140625
Afternoons,XGBoost,0.08753398853398849,1330.9140625
Afternoons,XGBoost,0.0912451542451542,1330.9140625
Afternoons,XGBoost,0.0949563199563199,1330.9140625
Afternoons,XGBoost,0.09866748566748561,1330.9140625
Afternoons,XGBoost,0.10237865137865132,1330.9140625
Afternoons,XGBoost,0.10608981708981702,1330.9140625
Afternoons,XGBoost,0.10980098280098273,1330.9140625
Afternoons,XGBoost,0.11351214851214843,1330.9140625
Afternoons,XGBoost,0.11722331422331414,1331.4510498046875
Afternoons,XGBoost,0.12093447993447985,1331.4510498046875
Afternoons,XGBoost,0.12464564564564555,1331.4510498046875
Afternoons,XGBoost,0.12835681135681126,1331.4510498046875
Afternoons,XGBoost,0.13206797706797696,1331.980712890625
Afternoons,XGBoost,0.13577914277914266,1331.980712890625
Afternoons,XGBoost,0.13949030849030838,1331.46923828125
Afternoons,XGBoost,0.1432014742014741,1327.037841796875
Afternoons,XGBoost,0.1469126399126398,1327.037841796875
Afternoons,XGBoost,0.1506238056238055,1327.037841796875
Afternoons,XGBoost,0.1543349713349712,1327.2864990234375
Afternoons,XGBoost,0.1580461370461369,1327.2864990234375
Afternoons,XGBoost,0.16175730275730263,1327.2864990234375
Afternoons,XGBoost,0.16546846846846835,1327.2864990234375
Afternoons,XGBoost,0.16917963417963405,1327.2611083984375
Afternoons,XGBoost,0.17289079989079975,1327.3331298828125
Afternoons,XGBoost,0.17660196560196545,1327.3582763671875
Afternoons,XGBoost,0.18031313131313115,1327.3582763671875
Afternoons,XGBoost,0.18402429702429685,1327.3582763671875
Afternoons,XGBoost,0.1877354627354626,1327.3582763671875
Afternoons,XGBoost,0.1914466284466283,1327.4339599609375
Afternoons,XGBoost,0.195157794157794,1327.4339599609375
Afternoons,XGBoost,0.1988689598689597,1327.4339599609375
Afternoons,XGBoost,0.2025801255801254,1327.4339599609375
Afternoons,XGBoost,0.2062912912912911,1326.7325439453125
Afternoons,XGBoost,0.21000245700245684,1326.7325439453125
Afternoons,XGBoost,0.21371362271362254,1327.111572265625
Afternoons,XGBoost,0.21742478842478824,1327.3465576171875
Afternoons,XGBoost,0.22113595413595394,1327.3631591796875
Afternoons,XGBoost,0.22484711984711964,1327.3631591796875
Afternoons,XGBoost,0.22855828555828533,1327.3631591796875
Afternoons,XGBoost,0.2322694512694511,884.184326171875
Afternoons,XGBoost,0.2359806169806168,884.184326171875
Afternoons,XGBoost,0.23969178269178248,884.0853881835938
Afternoons,XGBoost,0.24340294840294818,884.0853881835938
Afternoons,XGBoost,0.24711411411411388,884.0853881835938
Afternoons,XGBoost,0.2508252798252796,884.03271484375
Afternoons,XGBoost,0.25453644553644533,884.03271484375
Afternoons,XGBoost,0.25824761124761103,884.03271484375
Afternoons,XGBoost,0.26195877695877673,884.03271484375
Afternoons,XGBoost,0.2656699426699424,884.190185546875
Afternoons,XGBoost,0.2693811083811081,884.190185546875
Afternoons,XGBoost,0.2730922740922738,884.190185546875
Afternoons,XGBoost,0.2768034398034396,885.3765258789062
Afternoons,XGBoost,0.2805146055146053,884.4652709960938
Afternoons,XGBoost,0.284225771225771,884.561279296875
Afternoons,XGBoost,0.28793693693693667,884.561279296875
Afternoons,XGBoost,0.29164810264810237,884.561279296875
Afternoons,XGBoost,0.29535926835926807,884.6138916015625
Afternoons,XGBoost,0.29907043407043377,884.6138916015625
Afternoons,XGBoost,0.30278159978159946,885.0901489257812
Afternoons,XGBoost,0.3064927654927652,885.0901489257812
Afternoons,XGBoost,0.3102039312039309,885.0901489257812
Afternoons,XGBoost,0.3139150969150966,885.0901489257812
Afternoons,XGBoost,0.3176262626262623,885.0901489257812
Afternoons,XGBoost,0.321337428337428,885.0901489257812
Afternoons,XGBoost,0.3250485940485937,885.0901489257812
Afternoons,XGBoost,0.32875975975975946,885.0901489257812
Afternoons,XGBoost,0.33247092547092516,885.0901489257812
Afternoons,XGBoost,0.33618209118209086,885.0901489257812
Afternoons,XGBoost,0.33989325689325656,886.0379638671875
Afternoons,XGBoost,0.34360442260442225,886.0379638671875
Afternoons,XGBoost,0.34731558831558795,886.0379638671875
Afternoons,XGBoost,0.3510267540267537,884.3466796875
Afternoons,XGBoost,0.3547379197379194,884.04150390625
Afternoons,XGBoost,0.3584490854490851,884.04150390625
Afternoons,XGBoost,0.3621602511602508,884.04150390625
Afternoons,XGBoost,0.3658714168714165,884.04150390625
Afternoons,XGBoost,0.3695825825825822,884.04150390625
Afternoons,XGBoost,0.37329374829374795,884.04150390625
Afternoons,XGBoost,0.37700491400491365,884.04150390625
Afternoons,XGBoost,0.38071607971607935,884.04150390625
Afternoons,XGBoost,0.38442724542724505,1691.1409912109375
Afternoons,XGBoost,0.38813841113841074,1691.1409912109375
Afternoons,XGBoost,0.39184957684957644,1691.1409912109375
Afternoons,XGBoost,0.3955607425607422,1691.1409912109375
Afternoons,XGBoost,0.3992719082719079,1691.1409912109375
Afternoons,XGBoost,0.4029830739830736,1691.1409912109375
Afternoons,XGBoost,0.4066942396942393,1691.1409912109375
Afternoons,XGBoost,0.410405405405405,1691.1409912109375
Evenings,CatBoost,0.043,597.4069193707915
Evenings,CatBoost,0.0467111657111657,597.4069193707915
Evenings,CatBoost,0.050422331422331414,597.4069193707915
Evenings,CatBoost,0.05413349713349712,597.4069193707915
Evenings,CatBoost,0.057844662844662824,597.4069193707915
Evenings,CatBoost,0.06155582855582853,597.4069193707915
Evenings,CatBoost,0.06526699426699424,597.4069193707915
Evenings,CatBoost,0.06897815997815995,597.4069193707915
Evenings,CatBoost,0.07268932568932565,597.4069193707915
Evenings,CatBoost,0.07640049140049136,597.4069193707915
Evenings,CatBoost,0.08011165711165708,597.4069193707915
Evenings,CatBoost,0.08382282282282277,597.4069193707915
Evenings,CatBoost,0.08753398853398849,597.4069193707915
Evenings,CatBoost,0.0912451542451542,597.4069193707915
Evenings,CatBoost,0.0949563199563199,597.4069193707915
Evenings,CatBoost,0.09866748566748561,597.4069193707915
Evenings,CatBoost,0.10237865137865132,597.4069193707915
Evenings,CatBoost,0.10608981708981702,597.4069193707915
Evenings,CatBoost,0.10980098280098273,597.4069193707915
Evenings,CatBoost,0.11351214851214843,596.8463267469172
Evenings,CatBoost,0.11722331422331414,596.8463267469172
Evenings,CatBoost,0.12093447993447985,596.8463267469172
Evenings,CatBoost,0.12464564564564555,597.8948899094647
Evenings,CatBoost,0.12835681135681126,597.8948899094647
Evenings,CatBoost,0.13206797706797696,597.8948899094647
Evenings,CatBoost,0.13577914277914266,597.8948899094647
Evenings,CatBoost,0.13949030849030838,597.8948899094647
Evenings,CatBoost,0.1432014742014741,597.8948899094647
Evenings,CatBoost,0.1469126399126398,597.8948899094647
Evenings,CatBoost,0.1506238056238055,597.8948899094647
Evenings,CatBoost,0.1543349713349712,597.8948899094647
Evenings,CatBoost,0.1580461370461369,597.8948899094647
Evenings,CatBoost,0.16175730275730263,597.8948899094647
Evenings,CatBoost,0.16546846846846835,597.8948899094647
Evenings,CatBoost,0.16917963417963405,597.8948899094647
Evenings,CatBoost,0.17289079989079975,597.8948899094647
Evenings,CatBoost,0.17660196560196545,597.8948899094647
Evenings,CatBoost,0.18031313131313115,597.8948899094647
Evenings,CatBoost,0.18402429702429685,597.8948899094647
Evenings,CatBoost,0.1877354627354626,597.8948899094647
Evenings,CatBoost,0.1914466284466283,597.8948899094647
Evenings,CatBoost,0.195157794157794,597.8948899094647
Evenings,CatBoost,0.1988689598689597,597.8852389442789
Evenings,CatBoost,0.2025801255801254,582.166777308947
Evenings,CatBoost,0.2062912912912911,582.166777308947
Evenings,CatBoost,0.21000245700245684,565.6634301372627
Evenings,CatBoost,0.21371362271362254,564.4575487940867
Evenings,CatBoost,0.21742478842478824,564.4575487940867
Evenings,CatBoost,0.22113595413595394,565.2853934866961
Evenings,CatBoost,0.22484711984711964,564.8543847946224
Evenings,CatBoost,0.22855828555828533,564.8543847946224
Evenings,CatBoost,0.2322694512694511,562.9781474775198
Evenings,CatBoost,0.2359806169806168,565.158537290255
Evenings,CatBoost,0.23969178269178248,565.158537290255
Evenings,CatBoost,0.24340294840294818,565.158537290255
Evenings,CatBoost,0.24711411411411388,560.5276836395716
Evenings,CatBoost,0.2508252798252796,560.5276836395716
Evenings,CatBoost,0.25453644553644533,560.5276836395716
Evenings,CatBoost,0.25824761124761103,558.4171072854973
Evenings,CatBoost,0.26195877695877673,558.4171072854973
Evenings,CatBoost,0.2656699426699424,558.4171072854973
Evenings,CatBoost,0.2693811083811081,558.3229061498073
Evenings,CatBoost,0.2730922740922738,558.3229061498073
Evenings,CatBoost,0.2768034398034396,557.6577553224909
Evenings,CatBoost,0.2805146055146053,557.6577553224909
Evenings,CatBoost,0.284225771225771,560.1138730423481
Evenings,CatBoost,0.28793693693693667,560.1138730423481
Evenings,CatBoost,0.29164810264810237,560.1138730423481
Evenings,CatBoost,0.29535926835926807,560.1138730423481
Evenings,CatBoost,0.29907043407043377,559.2957709206494
Evenings,CatBoost,0.30278159978159946,563.4382236313459
Evenings,CatBoost,0.3064927654927652,563.4382236313459
Evenings,CatBoost,0.3102039312039309,563.4382236313459
Evenings,CatBoost,0.3139150969150966,563.4382236313459
Evenings,CatBoost,0.3176262626262623,563.4382236313459
Evenings,CatBoost,0.321337428337428,563.4382236313459
Evenings,CatBoost,0.3250485940485937,563.4382236313459
Evenings,CatBoost,0.32875975975975946,563.4382236313459
Evenings,CatBoost,0.33247092547092516,563.4382236313459
Evenings,CatBoost,0.33618209118209086,563.4382236313459
Evenings,CatBoost,0.33989325689325656,563.4382236313459
Evenings,CatBoost,0.34360442260442225,562.6593377831103
Evenings,CatBoost,0.34731558831558795,562.6593377831103
Evenings,CatBoost,0.3510267540267537,562.6593377831103
Evenings,CatBoost,0.3547379197379194,562.6593377831103
Evenings,CatBoost,0.3584490854490851,562.6593377831103
Evenings,CatBoost,0.3621602511602508,562.6593377831103
Evenings,CatBoost,0.3658714168714165,562.6593377831103
Evenings,CatBoost,0.3695825825825822,562.6593377831103
Evenings,CatBoost,0.37329374829374795,562.6593377831103
Evenings,CatBoost,0.37700491400491365,562.6593377831103
Evenings,CatBoost,0.38071607971607935,611.1509962086077
Evenings,CatBoost,0.38442724542724505,611.1509962086077
Evenings,CatBoost,0.38813841113841074,611.1509962086077
Evenings,CatBoost,0.39184957684957644,611.1509962086077
Evenings,CatBoost,0.3955607425607422,611.1509962086077
Evenings,CatBoost,0.3992719082719079,611.1509962086077
Evenings,CatBoost,0.4029830739830736,611.1509962086077
Evenings,CatBoost,0.4066942396942393,611.1509962086077
Evenings,CatBoost,0.410405405405405,611.2179626545344
Evenings,LightGBM,0.043,639.8889375541976
Evenings,LightGBM,0.0467111657111657,639.8889375541976
Evenings,LightGBM,0.050422331422331414,639.8889375541976
Evenings,LightGBM,0.05413349713349712,639.8889375541976
Evenings,LightGBM,0.057844662844662824,639.8889375541976
Evenings,LightGBM,0.06155582855582853,639.8889375541976
Evenings,LightGBM,0.06526699426699424,639.8889375541976
Evenings,LightGBM,0.06897815997815995,639.8889375541976
Evenings,LightGBM,0.07268932568932565,639.8889375541976
Evenings,LightGBM,0.07640049140049136,639.8889375541976
Evenings,LightGBM,0.08011165711165708,639.8889375541976
Evenings,LightGBM,0.08382282282282277,639.8889375541976
Evenings,LightGBM,0.08753398853398849,639.8889375541976
Evenings,LightGBM,0.0912451542451542,639.8889375541976
Evenings,LightGBM,0.0949563199563199,639.7752902771844
Evenings,LightGBM,0.09866748566748561,639.7752902771844
Evenings,LightGBM,0.10237865137865132,639.7752902771844
Evenings,LightGBM,0.10608981708981702,639.7752902771844
Evenings,LightGBM,0.10980098280098273,639.7752902771844
Evenings,LightGBM,0.11351214851214843,639.9829859820982
Evenings,LightGBM,0.11722331422331414,639.9829859820982
Evenings,LightGBM,0.12093447993447985,639.9829859820982
Evenings,LightGBM,0.12464564564564555,635.9125305610384
Evenings,LightGBM,0.12835681135681126,635.9125305610384
Evenings,LightGBM,0.13206797706797696,635.9125305610384
Evenings,LightGBM,0.13577914277914266,635.8034959553992
Evenings,LightGBM,0.13949030849030838,635.8092306488636
Evenings,LightGBM,0.1432014742014741,635.8092306488636
Evenings,LightGBM,0.1469126399126398,635.871765291137
Evenings,LightGBM,0.1506238056238055,635.871765291137
Evenings,LightGBM,0.1543349713349712,635.6885634161144
Evenings,LightGBM,0.1580461370461369,635.6885634161144
Evenings,LightGBM,0.16175730275730263,635.5219972670659
Evenings,LightGBM,0.16546846846846835,635.5219972670659
Evenings,LightGBM,0.16917963417963405,635.5219972670659
Evenings,LightGBM,0.17289079989079975,635.5114777252561
Evenings,LightGBM,0.17660196560196545,635.5114777252561
Evenings,LightGBM,0.18031313131313115,635.5114777252561
Evenings,LightGBM,0.18402429702429685,635.5114777252561
Evenings,LightGBM,0.1877354627354626,635.5114777252561
Evenings,LightGBM,0.1914466284466283,635.5114777252561
Evenings,LightGBM,0.195157794157794,635.5114777252561
Evenings,LightGBM,0.1988689598689597,635.4429857864102
Evenings,LightGBM,0.2025801255801254,635.2790934589078
Evenings,LightGBM,0.2062912912912911,635.2790934589078
Evenings,LightGBM,0.21000245700245684,428.8003692323461
Evenings,LightGBM,0.21371362271362254,441.64589804560256
Evenings,LightGBM,0.21742478842478824,465.27998450483494
Evenings,LightGBM,0.22113595413595394,465.3700143541353
Evenings,LightGBM,0.22484711984711964,465.32522963823766
Evenings,LightGBM,0.22855828555828533,465.32522963823766
Evenings,LightGBM,0.2322694512694511,465.29255683155947
Evenings,LightGBM,0.2359806169806168,465.7209588530713
Evenings,LightGBM,0.23969178269178248,465.7209588530713
Evenings,LightGBM,0.24340294840294818,465.7209588530713
Evenings,LightGBM,0.24711411411411388,466.44207233402483
Evenings,LightGBM,0.2508252798252796,466.44207233402483
Evenings,LightGBM,0.25453644553644533,466.44207233402483
Evenings,LightGBM,0.25824761124761103,466.34643975504474
Evenings,LightGBM,0.26195877695877673,466.34643975504474
Evenings,LightGBM,0.2656699426699424,466.34643975504474
Evenings,LightGBM,0.2693811083811081,466.35738299047193
Evenings,LightGBM,0.2730922740922738,466.35738299047193
Evenings,LightGBM,0.2768034398034396,466.5611298228888
Evenings,LightGBM,0.2805146055146053,466.5611298228888
Evenings,LightGBM,0.284225771225771,465.07649394506905
Evenings,LightGBM,0.28793693693693667,465.07649394506905
Evenings,LightGBM,0.29164810264810237,465.07649394506905
Evenings,LightGBM,0.29535926835926807,465.07649394506905
Evenings,LightGBM,0.29907043407043377,465.07649394506905
Evenings,LightGBM,0.30278159978159946,465.07649394506905
Evenings,LightGBM,0.3064927654927652,465.07649394506905
Evenings,LightGBM,0.3102039312039309,465.07649394506905
Evenings,LightGBM,0.3139150969150966,465.07649394506905
Evenings,LightGBM,0.3176262626262623,465.07649394506905
Evenings,LightGBM,0.321337428337428,465.07649394506905
Evenings,LightGBM,0.3250485940485937,465.07649394506905
Evenings,LightGBM,0.32875975975975946,465.07649394506905
Evenings,LightGBM,0.33247092547092516,465.07649394506905
Evenings,LightGBM,0.33618209118209086,465.07649394506905
Evenings,LightGBM,0.33989325689325656,465.07649394506905
Evenings,LightGBM,0.34360442260442225,465.07649394506905
Evenings,LightGBM,0.34731558831558795,465.07649394506905
Evenings,LightGBM,0.3510267540267537,471.1546531282153
Evenings,LightGBM,0.3547379197379194,463.747686754146
Evenings,LightGBM,0.3584490854490851,463.747686754146
Evenings,LightGBM,0.3621602511602508,463.747686754146
Evenings,LightGBM,0.3658714168714165,463.747686754146
Evenings,LightGBM,0.3695825825825822,463.747686754146
Evenings,LightGBM,0.37329374829374795,463.747686754146
Evenings,LightGBM,0.37700491400491365,463.747686754146
Evenings,LightGBM,0.38071607971607935,698.1572461465688
Evenings,LightGBM,0.38442724542724505,698.1572461465688
Evenings,LightGBM,0.38813841113841074,698.1572461465688
Evenings,LightGBM,0.39184957684957644,698.1572461465688
Evenings,LightGBM,0.3955607425607422,698.1572461465688
Evenings,LightGBM,0.3992719082719079,698.1572461465688
Evenings,LightGBM,0.4029830739830736,698.1572461465688
Evenings,LightGBM,0.4066942396942393,698.1572461465688
Evenings,LightGBM,0.410405405405405,698.1572461465688
Evenings,XGBoost,0.043,651.9585571289062
Evenings,XGBoost,0.0467111657111657,651.9585571289062
Evenings,XGBoost,0.050422331422331414,651.9585571289062
Evenings,XGBoost,0.05413349713349712,651.9585571289062
Evenings,XGBoost,0.057844662844662824,651.9585571289062
Evenings,XGBoost,0.06155582855582853,651.9585571289062
Evenings,XGBoost,0.06526699426699424,651.9585571289062
Evenings,XGBoost,0.06897815997815995,651.9585571289062
Evenings,XGBoost,0.07268932568932565,651.9585571289062
Evenings,XGBoost,0.07640049140049136,651.9585571289062
Evenings,XGBoost,0.08011165711165708,652.0135498046875
Evenings,XGBoost,0.08382282282282277,652.0135498046875
Evenings,XGBoost,0.08753398853398849,652.0135498046875
Evenings,XGBoost,0.0912451542451542,652.0135498046875
Evenings,XGBoost,0.0949563199563199,652.0135498046875
Evenings,XGBoost,0.09866748566748561,652.0135498046875
Evenings,XGBoost,0.10237865137865132,652.0135498046875
Evenings,XGBoost,0.10608981708981702,652.0135498046875
Evenings,XGBoost,0.10980098280098273,652.0135498046875
Evenings,XGBoost,0.11351214851214843,651.9276123046875
Evenings,XGBoost,0.11722331422331414,651.2815551757812
Evenings,XGBoost,0.12093447993447985,651.2815551757812
Evenings,XGBoost,0.12464564564564555,651.2815551757812
Evenings,XGBoost,0.12835681135681126,651.2815551757812
Evenings,XGBoost,0.13206797706797696,650.5111694335938
Evenings,XGBoost,0.13577914277914266,650.5111694335938
Evenings,XGBoost,0.13949030849030838,650.1151733398438
Evenings,XGBoost,0.1432014742014741,649.819580078125
Evenings,XGBoost,0.1469126399126398,649.819580078125
Evenings,XGBoost,0.1506238056238055,649.819580078125
Evenings,XGBoost,0.1543349713349712,649.2800903320312
Evenings,XGBoost,0.1580461370461369,649.2800903320312
Evenings,XGBoost,0.16175730275730263,649.2800903320312
Evenings,XGBoost,0.16546846846846835,649.2800903320312
Evenings,XGBoost,0.16917963417963405,649.2481079101562
Evenings,XGBoost,0.17289079989079975,650.2238159179688
Evenings,XGBoost,0.17660196560196545,650.1900024414062
Evenings,XGBoost,0.18031313131313115,650.1900024414062
Evenings,XGBoost,0.18402429702429685,650.1900024414062
Evenings,XGBoost,0.1877354627354626,650.1900024414062
Evenings,XGBoost,0.1914466284466283,650.171630859375
Evenings,XGBoost,0.195157794157794,650.171630859375
Evenings,XGBoost,0.1988689598689597,650.171630859375
Evenings,XGBoost,0.2025801255801254,650.2720947265625
Evenings,XGBoost,0.2062912912912911,434.89764404296875
Evenings,XGBoost,0.21000245700245684,434.89764404296875
Evenings,XGBoost,0.21371362271362254,460.98321533203125
Evenings,XGBoost,0.21742478842478824,460.9230041503906
Evenings,XGBoost,0.22113595413595394,461.0296936035156
Evenings,XGBoost,0.22484711984711964,461.0296936035156
Evenings,XGBoost,0.22855828555828533,461.0296936035156
Evenings,XGBoost,0.2322694512694511,462.156982421875
Evenings,XGBoost,0.2359806169806168,462.156982421875
Evenings,XGBoost,0.23969178269178248,462.156982421875
Evenings,XGBoost,0.24340294840294818,462.156982421875
Evenings,XGBoost,0.24711411411411388,462.156982421875
Evenings,XGBoost,0.2508252798252796,462.4871520996094
Evenings,XGBoost,0.25453644553644533,462.4871520996094
Evenings,XGBoost,0.25824761124761103,462.4871520996094
Evenings,XGBoost,0.26195877695877673,462.4871520996094
Evenings,XGBoost,0.2656699426699424,462.4064025878906
Evenings,XGBoost,0.2693811083811081,462.4064025878906
Evenings,XGBoost,0.2730922740922738,462.4064025878906
Evenings,XGBoost,0.2768034398034396,463.45477294921875
Evenings,XGBoost,0.2805146055146053,463.5293884277344
Evenings,XGBoost,0.284225771225771,462.1720886230469
Evenings,XGBoost,0.28793693693693667,462.1720886230469
Evenings,XGBoost,0.29164810264810237,462.1720886230469
Evenings,XGBoost,0.29535926835926807,462.1761169433594
Evenings,XGBoost,0.29907043407043377,462.1761169433594
Evenings,XGBoost,0.30278159978159946,462.20025634765625
Evenings,XGBoost,0.3064927654927652,462.20025634765625
Evenings,XGBoost,0.3102039312039309,462.20025634765625
Evenings,XGBoost,0.3139150969150966,462.20025634765625
Evenings,XGBoost,0.3176262626262623,462.20025634765625
Evenings,XGBoost,0.321337428337428,462.20025634765625
Evenings,XGBoost,0.3250485940485937,462.20025634765625
Evenings,XGBoost,0.32875975975975946,462.20025634765625
Evenings,XGBoost,0.33247092547092516,462.20025634765625
Evenings,XGBoost,0.33618209118209086,462.20025634765625
Evenings,XGBoost,0.33989325689325656,462.20025634765625
Evenings,XGBoost,0.34360442260442225,462.20025634765625
Evenings,XGBoost,0.34731558831558795,462.20025634765625
Evenings,XGBoost,0.3510267540267537,455.8008117675781
Evenings,XGBoost,0.3547379197379194,455.8008117675781
Evenings,XGBoost,0.3584490854490851,455.8008117675781
Evenings,XGBoost,0.3621602511602508,455.8008117675781
Evenings,XGBoost,0.3658714168714165,455.8008117675781
Evenings,XGBoost,0.3695825825825822,455.8008117675781
Evenings,XGBoost,0.37329374829374795,455.8008117675781
Evenings,XGBoost,0.37700491400491365,455.8008117675781
Evenings,XGBoost,0.38071607971607935,455.8008117675781
Evenings,XGBoost,0.38442724542724505,717.1229248046875
Evenings,XGBoost,0.38813841113841074,717.1229248046875
Evenings,XGBoost,0.39184957684957644,717.1229248046875
Evenings,XGBoost,0.3955607425607422,717.1229248046875
Evenings,XGBoost,0.3992719082719079,717.1229248046875
Evenings,XGBoost,0.4029830739830736,717.1229248046875
Evenings,XGBoost,0.4066942396942393,717.1229248046875
Evenings,XGBoost,0.410405405405405,717.1229248046875
Mornings Special,CatBoost,0.043,296.22821774199605
Mornings Special,CatBoost,0.0467111657111657,296.22821774199605
Mornings Special,CatBoost,0.050422331422331414,296.22821774199605
Mornings Special,CatBoost,0.05413349713349712,296.22821774199605
Mornings Special,CatBoost,0.057844662844662824,296.22821774199605
Mornings Special,CatBoost,0.06155582855582853,296.22821774199605
Mornings Special,CatBoost,0.06526699426699424,296.22821774199605
Mornings Special,CatBoost,0.06897815997815995,296.22821774199605
Mornings Special,CatBoost,0.07268932568932565,296.22821774199605
Mornings Special,CatBoost,0.07640049140049136,296.22821774199605
Mornings Special,CatBoost,0.08011165711165708,296.22821774199605
Mornings Special,CatBoost,0.08382282282282277,296.22821774199605
Mornings Special,CatBoost,0.08753398853398849,296.22821774199605
Mornings Special,CatBoost,0.0912451542451542,296.22821774199605
Mornings Special,CatBoost,0.0949563199563199,296.22821774199605
Mornings Special,CatBoost,0.09866748566748561,296.22821774199605
Mornings Special,CatBoost,0.10237865137865132,296.22821774199605
Mornings Special,CatBoost,0.10608981708981702,296.22821774199605
Mornings Special,CatBoost,0.10980098280098273,296.22821774199605
Mornings Special,CatBoost,0.11351214851214843,296.1208346612345
Mornings Special,CatBoost,0.11722331422331414,296.1208346612345
Mornings Special,CatBoost,0.12093447993447985,296.1208346612345
Mornings Special,CatBoost,0.12464564564564555,296.49805952754133
Mornings Special,CatBoost,0.12835681135681126,296.49805952754133
Mornings Special,CatBoost,0.13206797706797696,296.49805952754133
Mornings Special,CatBoost,0.13577914277914266,296.35018241771985
Mornings Special,CatBoost,0.13949030849030838,296.35018241771985
Mornings Special,CatBoost,0.1432014742014741,296.35018241771985
Mornings Special,CatBoost,0.1469126399126398,296.35018241771985
Mornings Special,CatBoost,0.1506238056238055,296.35018241771985
Mornings Special,CatBoost,0.1543349713349712,296.35018241771985
Mornings Special,CatBoost,0.1580461370461369,296.35018241771985
Mornings Special,CatBoost,0.16175730275730263,296.35018241771985
Mornings Special,CatBoost,0.16546846846846835,296.35018241771985
Mornings Special,CatBoost,0.16917963417963405,296.35018241771985
Mornings Special,CatBoost,0.17289079989079975,296.35018241771985
Mornings Special,CatBoost,0.17660196560196545,296.35018241771985
Mornings Special,CatBoost,0.18031313131313115,296.35018241771985
Mornings Special,CatBoost,0.18402429702429685,296.35018241771985
Mornings Special,CatBoost,0.1877354627354626,296.35018241771985
Mornings Special,CatBoost,0.1914466284466283,296.35404327646575
Mornings Special,CatBoost,0.195157794157794,296.35404327646575
Mornings Special,CatBoost,0.1988689598689597,296.1835473948942
Mornings Special,CatBoost,0.2025801255801254,297.7088150152804
Mornings Special,CatBoost,0.2062912912912911,297.7088150152804
Mornings Special,CatBoost,0.21000245700245684,297.70573039928667
Mornings Special,CatBoost,0.21371362271362254,297.4580489791569
Mornings Special,CatBoost,0.21742478842478824,297.4580489791569
Mornings Special,CatBoost,0.22113595413595394,297.37267287633307
Mornings Special,CatBoost,0.22484711984711964,297.3295591103692
Mornings Special,CatBoost,0.22855828555828533,297.3295591103692
Mornings Special,CatBoost,0.2322694512694511,297.4834804848667
Mornings Special,CatBoost,0.2359806169806168,298.0726847513116
Mornings Special,CatBoost,0.23969178269178248,298.0726847513116
Mornings Special,CatBoost,0.24340294840294818,298.0726847513116
Mornings Special,CatBoost,0.24711411411411388,298.0686362506904
Mornings Special,CatBoost,0.2508252798252796,298.0686362506904
Mornings Special,CatBoost,0.25453644553644533,298.0686362506904
Mornings Special,CatBoost,0.25824761124761103,297.0359867996388
Mornings Special,CatBoost,0.26195877695877673,297.0359867996388
Mornings Special,CatBoost,0.2656699426699424,297.0359867996388
Mornings Special,CatBoost,0.2693811083811081,293.25327739550335
Mornings Special,CatBoost,0.2730922740922738,293.25327739550335
Mornings Special,CatBoost,0.2768034398034396,290.5035402113866
Mornings Special,CatBoost,0.2805146055146053,290.5035402113866
Mornings Special,CatBoost,0.284225771225771,289.7253034768079
Mornings Special,CatBoost,0.28793693693693667,289.7253034768079
Mornings Special,CatBoost,0.29164810264810237,289.7253034768079
Mornings Special,CatBoost,0.29535926835926807,289.7253034768079
Mornings Special,CatBoost,0.29907043407043377,289.7253034768079
Mornings Special,CatBoost,0.30278159978159946,289.45785415269256
Mornings Special,CatBoost,0.3064927654927652,289.45785415269256
Mornings Special,CatBoost,0.3102039312039309,289.45785415269256
Mornings Special,CatBoost,0.3139150969150966,289.45785415269256
Mornings Special,CatBoost,0.3176262626262623,289.45785415269256
Mornings Special,CatBoost,0.321337428337428,289.4844015316644
Mornings Special,CatBoost,0.3250485940485937,289.4844015316644
Mornings Special,CatBoost,0.32875975975975946,289.4844015316644
Mornings Special,CatBoost,0.33247092547092516,289.4844015316644
Mornings Special,CatBoost,0.33618209118209086,289.4844015316644
Mornings Special,CatBoost,0.33989325689325656,289.4844015316644
Mornings Special,CatBoost,0.34360442260442225,291.3270311809848
Mornings Special,CatBoost,0.34731558831558795,291.3270311809848
Mornings Special,CatBoost,0.3510267540267537,293.25324570408753
Mornings Special,CatBoost,0.3547379197379194,290.3932067505235
Mornings Special,CatBoost,0.3584490854490851,290.3932067505235
Mornings Special,CatBoost,0.3621602511602508,290.3932067505235
Mornings Special,CatBoost,0.3658714168714165,289.98042139994277
Mornings Special,CatBoost,0.3695825825825822,289.98042139994277
Mornings Special,CatBoost,0.37329374829374795,289.98042139994277
Mornings Special,CatBoost,0.37700491400491365,289.98042139994277
Mornings Special,CatBoost,0.38071607971607935,320.39928941388524
Mornings Special,CatBoost,0.38442724542724505,320.39928941388524
Mornings Special,CatBoost,0.38813841113841074,320.39928941388524
Mornings Special,CatBoost,0.39184957684957644,320.39928941388524
Mornings Special,CatBoost,0.3955607425607422,320.39928941388524
Mornings Special,CatBoost,0.3992719082719079,320.39928941388524
Mornings Special,CatBoost,0.4029830739830736,320.39928941388524
Mornings Special,CatBoost,0.4066942396942393,320.39928941388524
Mornings Special,CatBoost,0.410405405405405,320.73877217113295
Mornings Special,LightGBM,0.043,288.03012920770834
Mornings Special,LightGBM,0.0467111657111657,288.03012920770834
Mornings Special,LightGBM,0.050422331422331414,288.03012920770834
Mornings Special,LightGBM,0.05413349713349712,288.03012920770834
Mornings Special,LightGBM,0.057844662844662824,288.03012920770834
Mornings Special,LightGBM,0.06155582855582853,288.03012920770834
Mornings Special,LightGBM,0.06526699426699424,288.03012920770834
Mornings Special,LightGBM,0.06897815997815995,288.03012920770834
Mornings Special,LightGBM,0.07268932568932565,287.668726095235
Mornings Special,LightGBM,0.07640049140049136,287.668726095235
Mornings Special,LightGBM,0.08011165711165708,287.668726095235
Mornings Special,LightGBM,0.08382282282282277,287.668726095235
Mornings Special,LightGBM,0.08753398853398849,287.668726095235
Mornings Special,LightGBM,0.0912451542451542,287.668726095235
Mornings Special,LightGBM,0.0949563199563199,287.668726095235
Mornings Special,LightGBM,0.09866748566748561,287.668726095235
Mornings Special,LightGBM,0.10237865137865132,287.668726095235
Mornings Special,LightGBM,0.10608981708981702,287.668726095235
Mornings Special,LightGBM,0.10980098280098273,287.668726095235
Mornings Special,LightGBM,0.11351214851214843,289.28416332105104
Mornings Special,LightGBM,0.11722331422331414,289.28416332105104
Mornings Special,LightGBM,0.12093447993447985,289.28416332105104
Mornings Special,LightGBM,0.12464564564564555,286.8829695243129
Mornings Special,LightGBM,0.12835681135681126,286.8829695243129
Mornings Special,LightGBM,0.13206797706797696,286.8829695243129
Mornings Special,LightGBM,0.13577914277914266,286.8802057964452
Mornings Special,LightGBM,0.13949030849030838,287.27967993344885
Mornings Special,LightGBM,0.1432014742014741,287.27967993344885
Mornings Special,LightGBM,0.1469126399126398,290.30302099750276
Mornings Special,LightGBM,0.1506238056238055,290.30302099750276
Mornings Special,LightGBM,0.1543349713349712,290.4732343465056
Mornings Special,LightGBM,0.1580461370461369,290.4732343465056
Mornings Special,LightGBM,0.16175730275730263,290.41542738475954
Mornings Special,LightGBM,0.16546846846846835,290.41542738475954
Mornings Special,LightGBM,0.16917963417963405,290.41542738475954
Mornings Special,LightGBM,0.17289079989079975,290.5078979092232
Mornings Special,LightGBM,0.17660196560196545,290.5107323353911
Mornings Special,LightGBM,0.18031313131313115,290.5107323353911
Mornings Special,LightGBM,0.18402429702429685,290.566414406102
Mornings Special,LightGBM,0.1877354627354626,290.566414406102
Mornings Special,LightGBM,0.1914466284466283,290.67836427772903
Mornings Special,LightGBM,0.195157794157794,290.67836427772903
Mornings Special,LightGBM,0.1988689598689597,290.8510454906122
Mornings Special,LightGBM,0.2025801255801254,290.80083077142507
Mornings Special,LightGBM,0.2062912912912911,290.80083077142507
Mornings Special,LightGBM,0.21000245700245684,288.7119680961865
Mornings Special,LightGBM,0.21371362271362254,288.7466792034636
Mornings Special,LightGBM,0.21742478842478824,288.85897077909334
Mornings Special,LightGBM,0.22113595413595394,289.07101100543804
Mornings Special,LightGBM,0.22484711984711964,288.8916322296779
Mornings Special,LightGBM,0.22855828555828533,288.8916322296779
Mornings Special,LightGBM,0.2322694512694511,284.73399393449546
Mornings Special,LightGBM,0.2359806169806168,283.8297926738143
Mornings Special,LightGBM,0.23969178269178248,283.8297926738143
Mornings Special,LightGBM,0.24340294840294818,283.8297926738143
Mornings Special,LightGBM,0.24711411411411388,283.7310180291538
Mornings Special,LightGBM,0.2508252798252796,283.7310180291538
Mornings Special,LightGBM,0.25453644553644533,283.7310180291538
Mornings Special,LightGBM,0.25824761124761103,283.694155987602
Mornings Special,LightGBM,0.26195877695877673,283.694155987602
Mornings Special,LightGBM,0.2656699426699424,283.694155987602
Mornings Special,LightGBM,0.2693811083811081,283.70304742372355
Mornings Special,LightGBM,0.2730922740922738,283.70304742372355
Mornings Special,LightGBM,0.2768034398034396,283.4357037196443
Mornings Special,LightGBM,0.2805146055146053,283.4357037196443
Mornings Special,LightGBM,0.284225771225771,283.46512501550427
Mornings Special,LightGBM,0.28793693693693667,283.2800883294105
Mornings Special,LightGBM,0.29164810264810237,283.2800883294105
Mornings Special,LightGBM,0.29535926835926807,283.2800883294105
Mornings Special,LightGBM,0.29907043407043377,283.2800883294105
Mornings Special,LightGBM,0.30278159978159946,283.4826277895781
Mornings Special,LightGBM,0.3064927654927652,283.4826277895781
Mornings Special,LightGBM,0.3102039312039309,283.4826277895781
Mornings Special,LightGBM,0.3139150969150966,283.4826277895781
Mornings Special,LightGBM,0.3176262626262623,283.4826277895781
Mornings Special,LightGBM,0.321337428337428,282.6362114353015
Mornings Special,LightGBM,0.3250485940485937,282.6362114353015
Mornings Special,LightGBM,0.32875975975975946,282.6362114353015
Mornings Special,LightGBM,0.33247092547092516,282.6362114353015
Mornings Special,LightGBM,0.33618209118209086,282.6362114353015
Mornings Special,LightGBM,0.33989325689325656,282.6362114353015
Mornings Special,LightGBM,0.34360442260442225,280.6962431815093
Mornings Special,LightGBM,0.34731558831558795,280.6962431815093
Mornings Special,LightGBM,0.3510267540267537,280.6962431815093
Mornings Special,LightGBM,0.3547379197379194,268.5434818190398
Mornings Special,LightGBM,0.3584490854490851,268.5434818190398
Mornings Special,LightGBM,0.3621602511602508,268.5434818190398
Mornings Special,LightGBM,0.3658714168714165,268.04916511364655
Mornings Special,LightGBM,0.3695825825825822,268.04916511364655
Mornings Special,LightGBM,0.37329374829374795,268.04916511364655
Mornings Special,LightGBM,0.37700491400491365,268.04916511364655
Mornings Special,LightGBM,0.38071607971607935,537.0931390508517
Mornings Special,LightGBM,0.38442724542724505,537.0931390508517
Mornings Special,LightGBM,0.38813841113841074,537.0931390508517
Mornings Special,LightGBM,0.39184957684957644,537.0931390508517
Mornings Special,LightGBM,0.3955607425607422,537.0931390508517
Mornings Special,LightGBM,0.3992719082719079,537.0931390508517
Mornings Special,LightGBM,0.4029830739830736,537.0931390508517
Mornings Special,LightGBM,0.4066942396942393,537.0931390508517
Mornings Special,LightGBM,0.410405405405405,537.0931390508517
Mornings Special,XGBoost,0.043,291.15570068359375
Mornings Special,XGBoost,0.0467111657111657,291.15570068359375
Mornings Special,XGBoost,0.050422331422331414,291.15570068359375
Mornings Special,XGBoost,0.05413349713349712,291.15570068359375
Mornings Special,XGBoost,0.057844662844662824,291.15570068359375
Mornings Special,XGBoost,0.06155582855582853,291.15570068359375
Mornings Special,XGBoost,0.06526699426699424,291.15570068359375
Mornings Special,XGBoost,0.06897815997815995,291.15570068359375
Mornings Special,XGBoost,0.07268932568932565,291.15570068359375
Mornings Special,XGBoost,0.07640049140049136,291.15570068359375
Mornings Special,XGBoost,0.08011165711165708,291.3057556152344
Mornings Special,XGBoost,0.08382282282282277,291.3057556152344
Mornings Special,XGBoost,0.08753398853398849,291.3057556152344
Mornings Special,XGBoost,0.0912451542451542,291.3057556152344
Mornings Special,XGBoost,0.0949563199563199,291.3057556152344
Mornings Special,XGBoost,0.09866748566748561,291.3057556152344
Mornings Special,XGBoost,0.10237865137865132,291.3057556152344
Mornings Special,XGBoost,0.10608981708981702,291.3057556152344
Mornings Special,XGBoost,0.10980098280098273,291.3057556152344
Mornings Special,XGBoost,0.11351214851214843,291.19781494140625
Mornings Special,XGBoost,0.11722331422331414,290.6897277832031
Mornings Special,XGBoost,0.12093447993447985,290.6897277832031
Mornings Special,XGBoost,0.12464564564564555,290.6897277832031
Mornings Special,XGBoost,0.12835681135681126,290.6897277832031
Mornings Special,XGBoost,0.13206797706797696,291.2196960449219
Mornings Special,XGBoost,0.13577914277914266,291.2196960449219
Mornings Special,XGBoost,0.13949030849030838,291.1276550292969
Mornings Special,XGBoost,0.1432014742014741,291.8930969238281
Mornings Special,XGBoost,0.1469126399126398,291.8930969238281
Mornings Special,XGBoost,0.1506238056238055,291.8930969238281
Mornings Special,XGBoost,0.1543349713349712,295.95965576171875
Mornings Special,XGBoost,0.1580461370461369,295.95965576171875
Mornings Special,XGBoost,0.16175730275730263,295.95965576171875
Mornings Special,XGBoost,0.16546846846846835,295.95965576171875
Mornings Special,XGBoost,0.16917963417963405,295.95965576171875
Mornings Special,XGBoost,0.17289079989079975,295.9801940917969
Mornings Special,XGBoost,0.17660196560196545,295.96533203125
Mornings Special,XGBoost,0.18031313131313115,295.96533203125
Mornings Special,XGBoost,0.18402429702429685,295.96533203125
Mornings Special,XGBoost,0.1877354627354626,295.96533203125
Mornings Special,XGBoost,0.1914466284466283,296.05340576171875
Mornings Special,XGBoost,0.195157794157794,296.05340576171875
Mornings Special,XGBoost,0.1988689598689597,296.05340576171875
Mornings Special,XGBoost,0.2025801255801254,291.954833984375
Mornings Special,XGBoost,0.2062912912912911,289.6884765625
Mornings Special,XGBoost,0.21000245700245684,289.6884765625
Mornings Special,XGBoost,0.21371362271362254,289.60546875
Mornings Special,XGBoost,0.21742478842478824,289.8268737792969
Mornings Special,XGBoost,0.22113595413595394,289.8328857421875
Mornings Special,XGBoost,0.22484711984711964,289.8328857421875
Mornings Special,XGBoost,0.22855828555828533,289.8328857421875
Mornings Special,XGBoost,0.2322694512694511,284.39453125
Mornings Special,XGBoost,0.2359806169806168,284.39453125
Mornings Special,XGBoost,0.23969178269178248,284.5733642578125
Mornings Special,XGBoost,0.24340294840294818,284.5733642578125
Mornings Special,XGBoost,0.24711411411411388,284.5733642578125
Mornings Special,XGBoost,0.2508252798252796,284.7627868652344
Mornings Special,XGBoost,0.25453644553644533,284.7627868652344
Mornings Special,XGBoost,0.25824761124761103,284.7627868652344
Mornings Special,XGBoost,0.26195877695877673,284.7627868652344
Mornings Special,XGBoost,0.2656699426699424,284.8572692871094
Mornings Special,XGBoost,0.2693811083811081,284.8572692871094
Mornings Special,XGBoost,0.2730922740922738,284.8572692871094
Mornings Special,XGBoost,0.2768034398034396,284.85601806640625
Mornings Special,XGBoost,0.2805146055146053,284.1119384765625
Mornings Special,XGBoost,0.284225771225771,283.46527099609375
Mornings Special,XGBoost,0.28793693693693667,283.46527099609375
Mornings Special,XGBoost,0.29164810264810237,283.46527099609375
Mornings Special,XGBoost,0.29535926835926807,283.5843505859375
Mornings Special,XGBoost,0.29907043407043377,283.5843505859375
Mornings Special,XGBoost,0.30278159978159946,283.5985412597656
Mornings Special,XGBoost,0.3064927654927652,283.5985412597656
Mornings Special,XGBoost,0.3102039312039309,283.5985412597656
Mornings Special,XGBoost,0.3139150969150966,283.5985412597656
Mornings Special,XGBoost,0.3176262626262623,283.5985412597656
Mornings Special,XGBoost,0.321337428337428,283.5985412597656
Mornings Special,XGBoost,0.3250485940485937,283.5985412597656
Mornings Special,XGBoost,0.32875975975975946,283.5985412597656
Mornings Special,XGBoost,0.33247092547092516,283.5985412597656
Mornings Special,XGBoost,0.33618209118209086,283.5985412597656
Mornings Special,XGBoost,0.33989325689325656,283.385009765625
Mornings Special,XGBoost,0.34360442260442225,283.385009765625
Mornings Special,XGBoost,0.34731558831558795,283.385009765625
Mornings Special,XGBoost,0.3510267540267537,281.4452819824219
Mornings Special,XGBoost,0.3547379197379194,280.1409912109375
Mornings Special,XGBoost,0.3584490854490851,280.1409912109375
Mornings Special,XGBoost,0.3621602511602508,280.1409912109375
Mornings Special,XGBoost,0.3658714168714165,280.1409912109375
Mornings Special,XGBoost,0.3695825825825822,280.1409912109375
Mornings Special,XGBoost,0.37329374829374795,280.1409912109375
Mornings Special,XGBoost,0.37700491400491365,280.1409912109375
Mornings Special,XGBoost,0.38071607971607935,280.1409912109375
Mornings Special,XGBoost,0.38442724542724505,470.3580017089844
Mornings Special,XGBoost,0.38813841113841074,470.3580017089844
Mornings Special,XGBoost,0.39184957684957644,470.3580017089844
Mornings Special,XGBoost,0.3955607425607422,470.3580017089844
Mornings Special,XGBoost,0.3992719082719079,470.3580017089844
Mornings Special,XGBoost,0.4029830739830736,470.3580017089844
Mornings Special,XGBoost,0.4066942396942393,470.3580017089844
Mornings Special,XGBoost,0.410405405405405,470.3580017089844
Lunches Special,CatBoost,0.043,932.8973528083077
Lunches Special,CatBoost,0.0467111657111657,932.8973528083077
Lunches Special,CatBoost,0.050422331422331414,932.8973528083077
Lunches Special,CatBoost,0.05413349713349712,935.7945673810733
Lunches Special,CatBoost,0.057844662844662824,935.7945673810733
Lunches Special,CatBoost,0.06155582855582853,935.7945673810733
Lunches Special,CatBoost,0.06526699426699424,935.7945673810733
Lunches Special,CatBoost,0.06897815997815995,935.7945673810733
Lunches Special,CatBoost,0.07268932568932565,935.7945673810733
Lunches Special,CatBoost,0.07640049140049136,935.7945673810733
Lunches Special,CatBoost,0.08011165711165708,935.7945673810733
Lunches Special,CatBoost,0.08382282282282277,935.7945673810733
Lunches Special,CatBoost,0.08753398853398849,935.7945673810733
Lunches Special,CatBoost,0.0912451542451542,935.7945673810733
Lunches Special,CatBoost,0.0949563199563199,936.5201460840904
Lunches Special,CatBoost,0.09866748566748561,936.5201460840904
Lunches Special,CatBoost,0.10237865137865132,936.5201460840904
Lunches Special,CatBoost,0.10608981708981702,936.5201460840904
Lunches Special,CatBoost,0.10980098280098273,936.5201460840904
Lunches Special,CatBoost,0.11351214851214843,936.7793057913748
Lunches Special,CatBoost,0.11722331422331414,936.7793057913748
Lunches Special,CatBoost,0.12093447993447985,936.7793057913748
Lunches Special,CatBoost,0.12464564564564555,935.6236698312409
Lunches Special,CatBoost,0.12835681135681126,935.6236698312409
Lunches Special,CatBoost,0.13206797706797696,935.6236698312409
Lunches Special,CatBoost,0.13577914277914266,935.6236698312409
Lunches Special,CatBoost,0.13949030849030838,943.0274379677153
Lunches Special,CatBoost,0.1432014742014741,943.0274379677153
Lunches Special,CatBoost,0.1469126399126398,942.9782380312441
Lunches Special,CatBoost,0.1506238056238055,942.9782380312441
Lunches Special,CatBoost,0.1543349713349712,943.1193669957222
Lunches Special,CatBoost,0.1580461370461369,943.1193669957222
Lunches Special,CatBoost,0.16175730275730263,943.1193669957222
Lunches Special,CatBoost,0.16546846846846835,943.1193669957222
Lunches Special,CatBoost,0.16917963417963405,943.1193669957222
Lunches Special,CatBoost,0.17289079989079975,943.8851196221539
Lunches Special,CatBoost,0.17660196560196545,943.8851196221539
Lunches Special,CatBoost,0.18031313131313115,943.8851196221539
Lunches Special,CatBoost,0.18402429702429685,943.9597790665205
Lunches Special,CatBoost,0.1877354627354626,943.9597790665205
Lunches Special,CatBoost,0.1914466284466283,943.9597790665205
Lunches Special,CatBoost,0.195157794157794,943.9597790665205
Lunches Special,CatBoost,0.1988689598689597,943.3835433393241
Lunches Special,CatBoost,0.2025801255801254,941.641568639608
Lunches Special,CatBoost,0.2062912912912911,941.641568639608
Lunches Special,CatBoost,0.21000245700245684,941.996603977433
Lunches Special,CatBoost,0.21371362271362254,937.7192919355722
Lunches Special,CatBoost,0.21742478842478824,939.7331779563362
Lunches Special,CatBoost,0.22113595413595394,941.9908544315285
Lunches Special,CatBoost,0.22484711984711964,939.8680494933467
Lunches Special,CatBoost,0.22855828555828533,939.8680494933467
Lunches Special,CatBoost,0.2322694512694511,936.2194006932557
Lunches Special,CatBoost,0.2359806169806168,931.6982775760896
Lunches Special,CatBoost,0.23969178269178248,931.6982775760896
Lunches Special,CatBoost,0.24340294840294818,931.6982775760896
Lunches Special,CatBoost,0.24711411411411388,935.1403156024315
Lunches Special,CatBoost,0.2508252798252796,935.1403156024315
Lunches Special,CatBoost,0.25453644553644533,935.1403156024315
Lunches Special,CatBoost,0.25824761124761103,927.0610145087256
Lunches Special,CatBoost,0.26195877695877673,927.0610145087256
Lunches Special,CatBoost,0.2656699426699424,927.0610145087256
Lunches Special,CatBoost,0.2693811083811081,927.0610145087256
Lunches Special,CatBoost,0.2730922740922738,927.0610145087256
Lunches Special,CatBoost,0.2768034398034396,929.1524761639055
Lunches Special,CatBoost,0.2805146055146053,929.1524761639055
Lunches Special,CatBoost,0.284225771225771,921.9384450397612
Lunches Special,CatBoost,0.28793693693693667,921.9384450397612
Lunches Special,CatBoost,0.29164810264810237,921.9384450397612
Lunches Special,CatBoost,0.29535926835926807,921.9384450397612
Lunches Special,CatBoost,0.29907043407043377,921.9384450397612
Lunches Special,CatBoost,0.30278159978159946,921.9384450397612
Lunches Special,CatBoost,0.3064927654927652,921.9384450397612
Lunches Special,CatBoost,0.3102039312039309,921.9384450397612
Lunches Special,CatBoost,0.3139150969150966,921.9384450397612
Lunches Special,CatBoost,0.3176262626262623,921.9384450397612
Lunches Special,CatBoost,0.321337428337428,921.9384450397612
Lunches Special,CatBoost,0.3250485940485937,921.9384450397612
Lunches Special,CatBoost,0.32875975975975946,921.9384450397612
Lunches Special,CatBoost,0.33247092547092516,921.9384450397612
Lunches Special,CatBoost,0.33618209118209086,921.9384450397612
Lunches Special,CatBoost,0.33989325689325656,921.9384450397612
Lunches Special,CatBoost,0.34360442260442225,936.2762432919584
Lunches Special,CatBoost,0.34731558831558795,936.2762432919584
Lunches Special,CatBoost,0.3510267540267537,972.908062386839
Lunches Special,CatBoost,0.3547379197379194,909.4406088607258
Lunches Special,CatBoost,0.3584490854490851,909.4406088607258
Lunches Special,CatBoost,0.3621602511602508,909.4406088607258
Lunches Special,CatBoost,0.3658714168714165,909.9695874079613
Lunches Special,CatBoost,0.3695825825825822,909.9695874079613
Lunches Special,CatBoost,0.37329374829374795,909.9695874079613
Lunches Special,CatBoost,0.37700491400491365,909.9695874079613
Lunches Special,CatBoost,0.38071607971607935,941.4915020597705
Lunches Special,CatBoost,0.38442724542724505,941.4915020597705
Lunches Special,CatBoost,0.38813841113841074,941.4915020597705
Lunches Special,CatBoost,0.39184957684957644,941.4915020597705
Lunches Special,CatBoost,0.3955607425607422,940.3643606689037
Lunches Special,CatBoost,0.3992719082719079,940.3643606689037
Lunches Special,CatBoost,0.4029830739830736,940.3643606689037
Lunches Special,CatBoost,0.4066942396942393,940.3643606689037
Lunches Special,CatBoost,0.410405405405405,951.5832949494347
Afternoons Special,CatBoost,0.043,1000.2383276743342
Afternoons Special,CatBoost,0.0467111657111657,1000.2383276743342
Afternoons Special,CatBoost,0.050422331422331414,1000.2383276743342
Afternoons Special,CatBoost,0.05413349713349712,1006.8230138707979
Afternoons Special,CatBoost,0.057844662844662824,1006.8230138707979
Afternoons Special,CatBoost,0.06155582855582853,1006.8230138707979
Afternoons Special,CatBoost,0.06526699426699424,1006.8230138707979
Afternoons Special,CatBoost,0.06897815997815995,1006.8230138707979
Afternoons Special,CatBoost,0.07268932568932565,1007.1668897966957
Afternoons Special,CatBoost,0.07640049140049136,1007.1668897966957
Afternoons Special,CatBoost,0.08011165711165708,1007.1668897966957
Afternoons Special,CatBoost,0.08382282282282277,1007.1668897966957
Afternoons Special,CatBoost,0.08753398853398849,1007.1668897966957
Afternoons Special,CatBoost,0.0912451542451542,1007.1668897966957
Afternoons Special,CatBoost,0.0949563199563199,1007.3425510979181
Afternoons Special,CatBoost,0.09866748566748561,1007.3425510979181
Afternoons Special,CatBoost,0.10237865137865132,1007.3425510979181
Afternoons Special,CatBoost,0.10608981708981702,1007.3425510979181
Afternoons Special,CatBoost,0.10980098280098273,1007.3425510979181
Afternoons Special,CatBoost,0.11351214851214843,1006.5306060238587
Afternoons Special,CatBoost,0.11722331422331414,1006.5306060238587
Afternoons Special,CatBoost,0.12093447993447985,1006.5306060238587
Afternoons Special,CatBoost,0.12464564564564555,1004.6880312839841
Afternoons Special,CatBoost,0.12835681135681126,1004.6880312839841
Afternoons Special,CatBoost,0.13206797706797696,1004.6880312839841
Afternoons Special,CatBoost,0.13577914277914266,998.5537984314226
Afternoons Special,CatBoost,0.13949030849030838,997.6421147026726
Afternoons Special,CatBoost,0.1432014742014741,997.6421147026726
Afternoons Special,CatBoost,0.1469126399126398,997.6421147026726
Afternoons Special,CatBoost,0.1506238056238055,997.6421147026726
Afternoons Special,CatBoost,0.1543349713349712,997.8194459420777
Afternoons Special,CatBoost,0.1580461370461369,997.8194459420777
Afternoons Special,CatBoost,0.16175730275730263,997.8194459420777
Afternoons Special,CatBoost,0.16546846846846835,997.8194459420777
Afternoons Special,CatBoost,0.16917963417963405,997.8194459420777
Afternoons Special,CatBoost,0.17289079989079975,998.5229454346935
Afternoons Special,CatBoost,0.17660196560196545,999.0914375393087
Afternoons Special,CatBoost,0.18031313131313115,999.0914375393087
Afternoons Special,CatBoost,0.18402429702429685,999.0914375393087
Afternoons Special,CatBoost,0.1877354627354626,999.0914375393087
Afternoons Special,CatBoost,0.1914466284466283,999.3520904998558
Afternoons Special,CatBoost,0.195157794157794,999.3520904998558
Afternoons Special,CatBoost,0.1988689598689597,999.2644436372024
Afternoons Special,CatBoost,0.2025801255801254,999.7376106976541
Afternoons Special,CatBoost,0.2062912912912911,999.7376106976541
Afternoons Special,CatBoost,0.21000245700245684,999.9367537653287
Afternoons Special,CatBoost,0.21371362271362254,1000.5664104643437
Afternoons Special,CatBoost,0.21742478842478824,1000.473491819637
Afternoons Special,CatBoost,0.22113595413595394,1000.6837506693295
Afternoons Special,CatBoost,0.22484711984711964,938.4023252839692
Afternoons Special,CatBoost,0.22855828555828533,938.4023252839692
Afternoons Special,CatBoost,0.2322694512694511,897.1533014262279
Afternoons Special,CatBoost,0.2359806169806168,880.3556958305002
Afternoons Special,CatBoost,0.23969178269178248,880.3556958305002
Afternoons Special,CatBoost,0.24340294840294818,880.3556958305002
Afternoons Special,CatBoost,0.24711411411411388,861.284845004391
Afternoons Special,CatBoost,0.2508252798252796,861.284845004391
Afternoons Special,CatBoost,0.25453644553644533,861.284845004391
Afternoons Special,CatBoost,0.25824761124761103,857.1851635944766
Afternoons Special,CatBoost,0.26195877695877673,857.1851635944766
Afternoons Special,CatBoost,0.2656699426699424,857.1851635944766
Afternoons Special,CatBoost,0.2693811083811081,854.858719083847
Afternoons Special,CatBoost,0.2730922740922738,854.858719083847
Afternoons Special,CatBoost,0.2768034398034396,854.858719083847
Afternoons Special,CatBoost,0.2805146055146053,854.858719083847
Afternoons Special,CatBoost,0.284225771225771,854.858719083847
Afternoons Special,CatBoost,0.28793693693693667,853.9391428845984
Afternoons Special,CatBoost,0.29164810264810237,853.9391428845984
Afternoons Special,CatBoost,0.29535926835926807,853.9391428845984
Afternoons Special,CatBoost,0.29907043407043377,849.8956476204136
Afternoons Special,CatBoost,0.30278159978159946,851.2909295559438
Afternoons Special,CatBoost,0.3064927654927652,851.2909295559438
Afternoons Special,CatBoost,0.3102039312039309,851.2909295559438
Afternoons Special,CatBoost,0.3139150969150966,851.2909295559438
Afternoons Special,CatBoost,0.3176262626262623,851.2909295559438
Afternoons Special,CatBoost,0.321337428337428,856.497007932422
Afternoons Special,CatBoost,0.3250485940485937,856.497007932422
Afternoons Special,CatBoost,0.32875975975975946,856.497007932422
Afternoons Special,CatBoost,0.33247092547092516,856.497007932422
Afternoons Special,CatBoost,0.33618209118209086,856.497007932422
Afternoons Special,CatBoost,0.33989325689325656,856.497007932422
Afternoons Special,CatBoost,0.34360442260442225,867.6631688047916
Afternoons Special,CatBoost,0.34731558831558795,867.6631688047916
Afternoons Special,CatBoost,0.3510267540267537,873.9620217738458
Afternoons Special,CatBoost,0.3547379197379194,855.2126939265252
Afternoons Special,CatBoost,0.3584490854490851,855.2126939265252
Afternoons Special,CatBoost,0.3621602511602508,855.2126939265252
Afternoons Special,CatBoost,0.3658714168714165,855.2126939265252
Afternoons Special,CatBoost,0.3695825825825822,855.2126939265252
Afternoons Special,CatBoost,0.37329374829374795,855.2126939265252
Afternoons Special,CatBoost,0.37700491400491365,855.2126939265252
Afternoons Special,CatBoost,0.38071607971607935,898.6053485820598
Afternoons Special,CatBoost,0.38442724542724505,898.6053485820598
Afternoons Special,CatBoost,0.38813841113841074,898.6053485820598
Afternoons Special,CatBoost,0.39184957684957644,898.6053485820598
Afternoons Special,CatBoost,0.3955607425607422,887.0139691768406
Afternoons Special,CatBoost,0.3992719082719079,887.0139691768406
Afternoons Special,CatBoost,0.4029830739830736,887.0139691768406
Afternoons Special,CatBoost,0.4066942396942393,887.0139691768406
Afternoons Special,CatBoost,0.410405405405405,947.1382951499279
Afternoons Special,LightGBM,0.043,1075.3635889932577
Afternoons Special,LightGBM,0.0467111657111657,1075.3635889932577
Afternoons Special,LightGBM,0.050422331422331414,1075.3635889932577
Afternoons Special,LightGBM,0.05413349713349712,1075.3635889932577
Afternoons Special,LightGBM,0.057844662844662824,1075.3635889932577
Afternoons Special,LightGBM,0.06155582855582853,1075.3635889932577
Afternoons Special,LightGBM,0.06526699426699424,1075.3635889932577
Afternoons Special,LightGBM,0.06897815997815995,1075.3635889932577
Afternoons Special,LightGBM,0.07268932568932565,1075.3635889932577
Afternoons Special,LightGBM,0.07640049140049136,1075.3635889932577
Afternoons Special,LightGBM,0.08011165711165708,1075.3635889932577
Afternoons Special,LightGBM,0.08382282282282277,1075.3635889932577
Afternoons Special,LightGBM,0.08753398853398849,1075.3635889932577
Afternoons Special,LightGBM,0.0912451542451542,1075.3635889932577
Afternoons Special,LightGBM,0.0949563199563199,1075.1328582317508
Afternoons Special,LightGBM,0.09866748566748561,1075.1328582317508
Afternoons Special,LightGBM,0.10237865137865132,1075.1328582317508
Afternoons Special,LightGBM,0.10608981708981702,1075.1328582317508
Afternoons Special,LightGBM,0.10980098280098273,1075.1328582317508
Afternoons Special,LightGBM,0.11351214851214843,1074.7046412555885
Afternoons Special,LightGBM,0.11722331422331414,1074.7046412555885
Afternoons Special,LightGBM,0.12093447993447985,1074.7046412555885
Afternoons Special,LightGBM,0.12464564564564555,1052.0616889830999
Afternoons Special,LightGBM,0.12835681135681126,1052.0616889830999
Afternoons Special,LightGBM,0.13206797706797696,1052.0616889830999
Afternoons Special,LightGBM,0.13577914277914266,1047.5088704490565
Afternoons Special,LightGBM,0.13949030849030838,1045.2168980632298
Afternoons Special,LightGBM,0.1432014742014741,1045.2168980632298
Afternoons Special,LightGBM,0.1469126399126398,1047.0169443319699
Afternoons Special,LightGBM,0.1506238056238055,1047.0169443319699
Afternoons Special,LightGBM,0.1543349713349712,1046.989843472519
Afternoons Special,LightGBM,0.1580461370461369,1046.989843472519
Afternoons Special,LightGBM,0.16175730275730263,1047.043223792242
Afternoons Special,LightGBM,0.16546846846846835,1047.043223792242
Afternoons Special,LightGBM,0.16917963417963405,1047.043223792242
Afternoons Special,LightGBM,0.17289079989079975,1051.5026685867053
Afternoons Special,LightGBM,0.17660196560196545,1051.8272391900082
Afternoons Special,LightGBM,0.18031313131313115,1051.8272391900082
Afternoons Special,LightGBM,0.18402429702429685,1051.7421207598636
Afternoons Special,LightGBM,0.1877354627354626,1051.7421207598636
Afternoons Special,LightGBM,0.1914466284466283,1051.9942347332797
Afternoons Special,LightGBM,0.195157794157794,1051.9942347332797
Afternoons Special,LightGBM,0.1988689598689597,1051.956532188998
Afternoons Special,LightGBM,0.2025801255801254,1051.287972929463
Afternoons Special,LightGBM,0.2062912912912911,1051.287972929463
Afternoons Special,LightGBM,0.21000245700245684,1044.7669975582899
Afternoons Special,LightGBM,0.21371362271362254,1062.5430488396566
Afternoons Special,LightGBM,0.21742478842478824,1082.648245418556
Afternoons Special,LightGBM,0.22113595413595394,1082.903779343691
Afternoons Special,LightGBM,0.22484711984711964,1068.6694605722794
Afternoons Special,LightGBM,0.22855828555828533,1068.6694605722794
Afternoons Special,LightGBM,0.2322694512694511,759.7098593280842
Afternoons Special,LightGBM,0.2359806169806168,759.2091059494962
Afternoons Special,LightGBM,0.23969178269178248,759.2091059494962
Afternoons Special,LightGBM,0.24340294840294818,759.2091059494962
Afternoons Special,LightGBM,0.24711411411411388,768.8656634307555
Afternoons Special,LightGBM,0.2508252798252796,768.8656634307555
Afternoons Special,LightGBM,0.25453644553644533,768.8656634307555
Afternoons Special,LightGBM,0.25824761124761103,764.9315729215342
Afternoons Special,LightGBM,0.26195877695877673,764.9315729215342
Afternoons Special,LightGBM,0.2656699426699424,764.9315729215342
Afternoons Special,LightGBM,0.2693811083811081,764.8783025972381
Afternoons Special,LightGBM,0.2730922740922738,764.8783025972381
Afternoons Special,LightGBM,0.2768034398034396,764.8007228233712
Afternoons Special,LightGBM,0.2805146055146053,764.8007228233712
Afternoons Special,LightGBM,0.284225771225771,758.178192327594
Afternoons Special,LightGBM,0.28793693693693667,758.178192327594
Afternoons Special,LightGBM,0.29164810264810237,758.178192327594
Afternoons Special,LightGBM,0.29535926835926807,758.178192327594
Afternoons Special,LightGBM,0.29907043407043377,764.468704500991
Afternoons Special,LightGBM,0.30278159978159946,772.6363330604502
Afternoons Special,LightGBM,0.3064927654927652,772.6363330604502
Afternoons Special,LightGBM,0.3102039312039309,772.6363330604502
Afternoons Special,LightGBM,0.3139150969150966,772.6363330604502
Afternoons Special,LightGBM,0.3176262626262623,772.6363330604502
Afternoons Special,LightGBM,0.321337428337428,772.6363330604502
Afternoons Special,LightGBM,0.3250485940485937,772.6363330604502
Afternoons Special,LightGBM,0.32875975975975946,772.6363330604502
Afternoons Special,LightGBM,0.33247092547092516,772.6363330604502
Afternoons Special,LightGBM,0.33618209118209086,772.6363330604502
Afternoons Special,LightGBM,0.33989325689325656,772.6363330604502
Afternoons Special,LightGBM,0.34360442260442225,803.8891793161584
Afternoons Special,LightGBM,0.34731558831558795,803.8891793161584
Afternoons Special,LightGBM,0.3510267540267537,830.971339855767
Afternoons Special,LightGBM,0.3547379197379194,784.5752640538269
Afternoons Special,LightGBM,0.3584490854490851,784.5752640538269
Afternoons Special,LightGBM,0.3621602511602508,784.5752640538269
Afternoons Special,LightGBM,0.3658714168714165,784.4846172260827
Afternoons Special,LightGBM,0.3695825825825822,784.4846172260827
Afternoons Special,LightGBM,0.37329374829374795,784.4846172260827
Afternoons Special,LightGBM,0.37700491400491365,784.4846172260827
Afternoons Special,LightGBM,0.38071607971607935,910.0244442576113
Afternoons Special,LightGBM,0.38442724542724505,910.0244442576113
Afternoons Special,LightGBM,0.38813841113841074,910.0244442576113
Afternoons Special,LightGBM,0.39184957684957644,910.0244442576113
Afternoons Special,LightGBM,0.3955607425607422,910.0244442576113
Afternoons Special,LightGBM,0.3992719082719079,910.0244442576113
Afternoons Special,LightGBM,0.4029830739830736,910.0244442576113
Afternoons Special,LightGBM,0.4066942396942393,910.0244442576113
Afternoons Special,LightGBM,0.410405405405405,910.0244442576113
Afternoons Special,XGBoost,0.043,1133.6229248046875
Afternoons Special,XGBoost,0.0467111657111657,1133.6229248046875
Afternoons Special,XGBoost,0.050422331422331414,1133.6229248046875
Afternoons Special,XGBoost,0.05413349713349712,1133.6229248046875
Afternoons Special,XGBoost,0.057844662844662824,1133.6229248046875
Afternoons Special,XGBoost,0.06155582855582853,1133.6229248046875
Afternoons Special,XGBoost,0.06526699426699424,1133.6229248046875
Afternoons Special,XGBoost,0.06897815997815995,1133.6229248046875
Afternoons Special,XGBoost,0.07268932568932565,1133.6229248046875
Afternoons Special,XGBoost,0.07640049140049136,1133.6229248046875
Afternoons Special,XGBoost,0.08011165711165708,1133.4351806640625
Afternoons Special,XGBoost,0.08382282282282277,1133.4351806640625
Afternoons Special,XGBoost,0.08753398853398849,1133.4351806640625
Afternoons Special,XGBoost,0.0912451542451542,1133.4351806640625
Afternoons Special,XGBoost,0.0949563199563199,1133.4351806640625
Afternoons Special,XGBoost,0.09866748566748561,1133.4351806640625
Afternoons Special,XGBoost,0.10237865137865132,1133.4351806640625
Afternoons Special,XGBoost,0.10608981708981702,1133.4351806640625
Afternoons Special,XGBoost,0.10980098280098273,1133.4351806640625
Afternoons Special,XGBoost,0.11351214851214843,1064.3123779296875
Afternoons Special,XGBoost,0.11722331422331414,1054.7431640625
Afternoons Special,XGBoost,0.12093447993447985,1054.7431640625
Afternoons Special,XGBoost,0.12464564564564555,1054.7431640625
Afternoons Special,XGBoost,0.12835681135681126,1054.7431640625
Afternoons Special,XGBoost,0.13206797706797696,1055.910400390625
Afternoons Special,XGBoost,0.13577914277914266,1055.910400390625
Afternoons Special,XGBoost,0.13949030849030838,1054.646484375
Afternoons Special,XGBoost,0.1432014742014741,1054.298583984375
Afternoons Special,XGBoost,0.1469126399126398,1054.298583984375
Afternoons Special,XGBoost,0.1506238056238055,1054.298583984375
Afternoons Special,XGBoost,0.1543349713349712,1054.2529296875
Afternoons Special,XGBoost,0.1580461370461369,1054.2529296875
Afternoons Special,XGBoost,0.16175730275730263,1054.2529296875
Afternoons Special,XGBoost,0.16546846846846835,1054.2529296875
Afternoons Special,XGBoost,0.16917963417963405,1054.2606201171875
Afternoons Special,XGBoost,0.17289079989079975,1054.23681640625
Afternoons Special,XGBoost,0.17660196560196545,1054.316162109375
Afternoons Special,XGBoost,0.18031313131313115,1054.316162109375
Afternoons Special,XGBoost,0.18402429702429685,1054.316162109375
Afternoons Special,XGBoost,0.1877354627354626,1054.316162109375
Afternoons Special,XGBoost,0.1914466284466283,1055.531494140625
Afternoons Special,XGBoost,0.195157794157794,1055.531494140625
Afternoons Special,XGBoost,0.1988689598689597,1055.531494140625
Afternoons Special,XGBoost,0.2025801255801254,1053.865234375
Afternoons Special,XGBoost,0.2062912912912911,1053.9080810546875
Afternoons Special,XGBoost,0.21000245700245684,1053.9080810546875
Afternoons Special,XGBoost,0.21371362271362254,1074.081298828125
Afternoons Special,XGBoost,0.21742478842478824,1074.0150146484375
Afternoons Special,XGBoost,0.22113595413595394,1066.027099609375
Afternoons Special,XGBoost,0.22484711984711964,1066.027099609375
Afternoons Special,XGBoost,0.22855828555828533,1066.027099609375
Afternoons Special,XGBoost,0.2322694512694511,661.6266479492188
Afternoons Special,XGBoost,0.2359806169806168,661.6266479492188
Afternoons Special,XGBoost,0.23969178269178248,661.4046630859375
Afternoons Special,XGBoost,0.24340294840294818,661.4046630859375
Afternoons Special,XGBoost,0.24711411411411388,661.4046630859375
Afternoons Special,XGBoost,0.2508252798252796,660.36328125
Afternoons Special,XGBoost,0.25453644553644533,660.36328125
Afternoons Special,XGBoost,0.25824761124761103,660.36328125
Afternoons Special,XGBoost,0.26195877695877673,660.36328125
Afternoons Special,XGBoost,0.2656699426699424,660.8739013671875
Afternoons Special,XGBoost,0.2693811083811081,660.8739013671875
Afternoons Special,XGBoost,0.2730922740922738,660.8739013671875
Afternoons Special,XGBoost,0.2768034398034396,660.8671875
Afternoons Special,XGBoost,0.2805146055146053,660.9263305664062
Afternoons Special,XGBoost,0.284225771225771,660.9592895507812
Afternoons Special,XGBoost,0.28793693693693667,660.9592895507812
Afternoons Special,XGBoost,0.29164810264810237,660.9592895507812
Afternoons Special,XGBoost,0.29535926835926807,660.9448852539062
Afternoons Special,XGBoost,0.29907043407043377,660.9448852539062
Afternoons Special,XGBoost,0.30278159978159946,660.93603515625
Afternoons Special,XGBoost,0.3064927654927652,660.93603515625
Afternoons Special,XGBoost,0.3102039312039309,660.93603515625
Afternoons Special,XGBoost,0.3139150969150966,660.93603515625
Afternoons Special,XGBoost,0.3176262626262623,660.93603515625
Afternoons Special,XGBoost,0.321337428337428,660.93603515625
Afternoons Special,XGBoost,0.3250485940485937,660.93603515625
Afternoons Special,XGBoost,0.32875975975975946,660.93603515625
Afternoons Special,XGBoost,0.33247092547092516,660.93603515625
Afternoons Special,XGBoost,0.33618209118209086,660.93603515625
Afternoons Special,XGBoost,0.33989325689325656,661.297119140625
Afternoons Special,XGBoost,0.34360442260442225,661.297119140625
Afternoons Special,XGBoost,0.34731558831558795,661.297119140625
Afternoons Special,XGBoost,0.3510267540267537,661.4736938476562
Afternoons Special,XGBoost,0.3547379197379194,661.5567626953125
Afternoons Special,XGBoost,0.3584490854490851,661.5567626953125
Afternoons Special,XGBoost,0.3621602511602508,661.5567626953125
Afternoons Special,XGBoost,0.3658714168714165,661.5567626953125
Afternoons Special,XGBoost,0.3695825825825822,661.5567626953125
Afternoons Special,XGBoost,0.37329374829374795,661.5567626953125
Afternoons Special,XGBoost,0.37700491400491365,661.5567626953125
Afternoons Special,XGBoost,0.38071607971607935,661.5567626953125
Afternoons Special,XGBoost,0.38442724542724505,676.6529541015625
Afternoons Special,XGBoost,0.38813841113841074,676.6529541015625
Afternoons Special,XGBoost,0.39184957684957644,676.6529541015625
Afternoons Special,XGBoost,0.3955607425607422,676.6529541015625
Afternoons Special,XGBoost,0.3992719082719079,676.6529541015625
Afternoons Special,XGBoost,0.4029830739830736,676.6529541015625
Afternoons Special,XGBoost,0.4066942396942393,645.8057861328125
Afternoons Special,XGBoost,0.410405405405405,645.8057861328125
Evenings Special,CatBoost,0.043,612.3343421589758
Evenings Special,CatBoost,0.0467111657111657,612.3343421589758
Evenings Special,CatBoost,0.050422331422331414,612.3343421589758
Evenings Special,CatBoost,0.05413349713349712,612.3343421589758
Evenings Special,CatBoost,0.057844662844662824,612.3343421589758
Evenings Special,CatBoost,0.06155582855582853,612.3343421589758
Evenings Special,CatBoost,0.06526699426699424,612.3343421589758
Evenings Special,CatBoost,0.06897815997815995,612.3343421589758
Evenings Special,CatBoost,0.07268932568932565,615.059961670499
Evenings Special,CatBoost,0.07640049140049136,615.059961670499
Evenings Special,CatBoost,0.08011165711165708,615.059961670499
Evenings Special,CatBoost,0.08382282282282277,615.059961670499
Evenings Special,CatBoost,0.08753398853398849,615.059961670499
Evenings Special,CatBoost,0.0912451542451542,615.059961670499
Evenings Special,CatBoost,0.0949563199563199,620.047740904546
Evenings Special,CatBoost,0.09866748566748561,620.047740904546
Evenings Special,CatBoost,0.10237865137865132,620.047740904546
Evenings Special,CatBoost,0.10608981708981702,620.047740904546
Evenings Special,CatBoost,0.10980098280098273,620.047740904546
Evenings Special,CatBoost,0.11351214851214843,619.5809479220223
Evenings Special,CatBoost,0.11722331422331414,619.5809479220223
Evenings Special,CatBoost,0.12093447993447985,619.5809479220223
Evenings Special,CatBoost,0.12464564564564555,597.7484437050819
Evenings Special,CatBoost,0.12835681135681126,597.7484437050819
Evenings Special,CatBoost,0.13206797706797696,597.7484437050819
Evenings Special,CatBoost,0.13577914277914266,596.0066387827305
Evenings Special,CatBoost,0.13949030849030838,596.3137694800257
Evenings Special,CatBoost,0.1432014742014741,596.3137694800257
Evenings Special,CatBoost,0.1469126399126398,596.3201239315152
Evenings Special,CatBoost,0.1506238056238055,596.3201239315152
Evenings Special,CatBoost,0.1543349713349712,595.7560637203222
Evenings Special,CatBoost,0.1580461370461369,595.7560637203222
Evenings Special,CatBoost,0.16175730275730263,595.7886769841988
Evenings Special,CatBoost,0.16546846846846835,595.7886769841988
Evenings Special,CatBoost,0.16917963417963405,595.7886769841988
Evenings Special,CatBoost,0.17289079989079975,598.0133602125056
Evenings Special,CatBoost,0.17660196560196545,598.0133602125056
Evenings Special,CatBoost,0.18031313131313115,598.0133602125056
Evenings Special,CatBoost,0.18402429702429685,597.6661483754199
Evenings Special,CatBoost,0.1877354627354626,597.6661483754199
Evenings Special,CatBoost,0.1914466284466283,597.8871754045895
Evenings Special,CatBoost,0.195157794157794,597.8871754045895
Evenings Special,CatBoost,0.1988689598689597,601.7875351775003
Evenings Special,CatBoost,0.2025801255801254,560.4813593643631
Evenings Special,CatBoost,0.2062912912912911,560.4813593643631
Evenings Special,CatBoost,0.21000245700245684,531.4715561009378
Evenings Special,CatBoost,0.21371362271362254,531.5196345358671
Evenings Special,CatBoost,0.21742478842478824,533.1176385736652
Evenings Special,CatBoost,0.22113595413595394,536.2995596252663
Evenings Special,CatBoost,0.22484711984711964,534.7986268951681
Evenings Special,CatBoost,0.22855828555828533,534.7986268951681
Evenings Special,CatBoost,0.2322694512694511,532.7379330496242
Evenings Special,CatBoost,0.2359806169806168,534.2198397655625
Evenings Special,CatBoost,0.23969178269178248,534.2198397655625
Evenings Special,CatBoost,0.24340294840294818,534.2198397655625
Evenings Special,CatBoost,0.24711411411411388,535.8550643723421
Evenings Special,CatBoost,0.2508252798252796,535.8550643723421
Evenings Special,CatBoost,0.25453644553644533,535.8550643723421
Evenings Special,CatBoost,0.25824761124761103,523.8399064740539
Evenings Special,CatBoost,0.26195877695877673,523.8399064740539
Evenings Special,CatBoost,0.2656699426699424,523.8399064740539
Evenings Special,CatBoost,0.2693811083811081,509.6741011825421
Evenings Special,CatBoost,0.2730922740922738,509.6741011825421
Evenings Special,CatBoost,0.2768034398034396,502.8831895485401
Evenings Special,CatBoost,0.2805146055146053,502.8831895485401
Evenings Special,CatBoost,0.284225771225771,502.8831895485401
Evenings Special,CatBoost,0.28793693693693667,500.6302348355778
Evenings Special,CatBoost,0.29164810264810237,500.6302348355778
Evenings Special,CatBoost,0.29535926835926807,500.6302348355778
Evenings Special,CatBoost,0.29907043407043377,518.0204757138977
Evenings Special,CatBoost,0.30278159978159946,518.0204757138977
Evenings Special,CatBoost,0.3064927654927652,518.0204757138977
Evenings Special,CatBoost,0.3102039312039309,518.0204757138977
Evenings Special,CatBoost,0.3139150969150966,518.0204757138977
Evenings Special,CatBoost,0.3176262626262623,518.0204757138977
Evenings Special,CatBoost,0.321337428337428,521.5336012536684
Evenings Special,CatBoost,0.3250485940485937,521.5336012536684
Evenings Special,CatBoost,0.32875975975975946,521.5336012536684
Evenings Special,CatBoost,0.33247092547092516,521.5336012536684
Evenings Special,CatBoost,0.33618209118209086,521.5336012536684
Evenings Special,CatBoost,0.33989325689325656,521.5336012536684
Evenings Special,CatBoost,0.34360442260442225,524.7788774359603
Evenings Special,CatBoost,0.34731558831558795,524.7788774359603
Evenings Special,CatBoost,0.3510267540267537,575.7879834738018
Evenings Special,CatBoost,0.3547379197379194,558.7678232826776
Evenings Special,CatBoost,0.3584490854490851,558.7678232826776
Evenings Special,CatBoost,0.3621602511602508,558.7678232826776
Evenings Special,CatBoost,0.3658714168714165,561.0443590798956
Evenings Special,CatBoost,0.3695825825825822,561.0443590798956
Evenings Special,CatBoost,0.37329374829374795,561.0443590798956
Evenings Special,CatBoost,0.37700491400491365,561.0443590798956
Evenings Special,CatBoost,0.38071607971607935,671.1599988513672
Evenings Special,CatBoost,0.38442724542724505,671.1599988513672
Evenings Special,CatBoost,0.38813841113841074,671.1599988513672
Evenings Special,CatBoost,0.39184957684957644,671.1599988513672
Evenings Special,CatBoost,0.3955607425607422,653.6144334469401
Evenings Special,CatBoost,0.3992719082719079,653.6144334469401
Evenings Special,CatBoost,0.4029830739830736,653.6144334469401
Evenings Special,CatBoost,0.4066942396942393,653.6144334469401
Evenings Special,CatBoost,0.410405405405405,654.3047151431307
Evenings Special,LightGBM,0.043,715.605337934083
Evenings Special,LightGBM,0.0467111657111657,715.605337934083
Evenings Special,LightGBM,0.050422331422331414,715.605337934083
Evenings Special,LightGBM,0.05413349713349712,715.605337934083
Evenings Special,LightGBM,0.057844662844662824,715.605337934083
Evenings Special,LightGBM,0.06155582855582853,715.605337934083
Evenings Special,LightGBM,0.06526699426699424,715.605337934083
Evenings Special,LightGBM,0.06897815997815995,715.605337934083
Evenings Special,LightGBM,0.07268932568932565,715.605337934083
Evenings Special,LightGBM,0.07640049140049136,715.605337934083
Evenings Special,LightGBM,0.08011165711165708,715.605337934083
Evenings Special,LightGBM,0.08382282282282277,715.605337934083
Evenings Special,LightGBM,0.08753398853398849,715.605337934083
Evenings Special,LightGBM,0.0912451542451542,715.605337934083
Evenings Special,LightGBM,0.0949563199563199,715.4156890379035
Evenings Special,LightGBM,0.09866748566748561,715.4156890379035
Evenings Special,LightGBM,0.10237865137865132,715.4156890379035
Evenings Special,LightGBM,0.10608981708981702,715.4156890379035
Evenings Special,LightGBM,0.10980098280098273,715.4156890379035
Evenings Special,LightGBM,0.11351214851214843,713.141641889959
Evenings Special,LightGBM,0.11722331422331414,713.141641889959
Evenings Special,LightGBM,0.12093447993447985,713.141641889959
Evenings Special,LightGBM,0.12464564564564555,707.3714615010068
Evenings Special,LightGBM,0.12835681135681126,707.3714615010068
Evenings Special,LightGBM,0.13206797706797696,707.3714615010068
Evenings Special,LightGBM,0.13577914277914266,705.9155277289061
Evenings Special,LightGBM,0.13949030849030838,701.9757484656936
Evenings Special,LightGBM,0.1432014742014741,701.9757484656936
Evenings Special,LightGBM,0.1469126399126398,702.5055859522503
Evenings Special,LightGBM,0.1506238056238055,702.5055859522503
Evenings Special,LightGBM,0.1543349713349712,702.5379674240226
Evenings Special,LightGBM,0.1580461370461369,702.5379674240226
Evenings Special,LightGBM,0.16175730275730263,702.6097888033917
Evenings Special,LightGBM,0.16546846846846835,702.6097888033917
Evenings Special,LightGBM,0.16917963417963405,702.6097888033917
Evenings Special,LightGBM,0.17289079989079975,702.563882685428
Evenings Special,LightGBM,0.17660196560196545,702.5723989076453
Evenings Special,LightGBM,0.18031313131313115,702.5723989076453
Evenings Special,LightGBM,0.18402429702429685,702.2359920394526
Evenings Special,LightGBM,0.1877354627354626,702.2359920394526
Evenings Special,LightGBM,0.1914466284466283,702.2723799689704
Evenings Special,LightGBM,0.195157794157794,702.2723799689704
Evenings Special,LightGBM,0.1988689598689597,701.6165489847991
Evenings Special,LightGBM,0.2025801255801254,694.9444982691371
Evenings Special,LightGBM,0.2062912912912911,694.9444982691371
Evenings Special,LightGBM,0.21000245700245684,482.4074402744874
Evenings Special,LightGBM,0.21371362271362254,482.08344126924504
Evenings Special,LightGBM,0.21742478842478824,482.36906150728913
Evenings Special,LightGBM,0.22113595413595394,482.45886332388585
Evenings Special,LightGBM,0.22484711984711964,482.20943352938576
Evenings Special,LightGBM,0.22855828555828533,482.20943352938576
Evenings Special,LightGBM,0.2322694512694511,482.2721142099475
Evenings Special,LightGBM,0.2359806169806168,480.85476568281507
Evenings Special,LightGBM,0.23969178269178248,480.85476568281507
Evenings Special,LightGBM,0.24340294840294818,480.85476568281507
Evenings Special,LightGBM,0.24711411411411388,480.83886943401467
Evenings Special,LightGBM,0.2508252798252796,480.83886943401467
Evenings Special,LightGBM,0.25453644553644533,480.83886943401467
Evenings Special,LightGBM,0.25824761124761103,480.0831376237501
Evenings Special,LightGBM,0.26195877695877673,480.0831376237501
Evenings Special,LightGBM,0.2656699426699424,480.0831376237501
Evenings Special,LightGBM,0.2693811083811081,480.38623817602394
Evenings Special,LightGBM,0.2730922740922738,480.38623817602394
Evenings Special,LightGBM,0.2768034398034396,478.28588338916035
Evenings Special,LightGBM,0.2805146055146053,478.28588338916035
Evenings Special,LightGBM,0.284225771225771,465.89643505713315
Evenings Special,LightGBM,0.28793693693693667,434.95440579054844
Evenings Special,LightGBM,0.29164810264810237,434.95440579054844
Evenings Special,LightGBM,0.29535926835926807,434.95440579054844
Evenings Special,LightGBM,0.29907043407043377,435.24045462285244
Evenings Special,LightGBM,0.30278159978159946,435.24045462285244
Evenings Special,LightGBM,0.3064927654927652,435.24045462285244
Evenings Special,LightGBM,0.3102039312039309,435.24045462285244
Evenings Special,LightGBM,0.3139150969150966,435.24045462285244
Evenings Special,LightGBM,0.3176262626262623,435.24045462285244
Evenings Special,LightGBM,0.321337428337428,435.24045462285244
Evenings Special,LightGBM,0.3250485940485937,435.24045462285244
Evenings Special,LightGBM,0.32875975975975946,435.24045462285244
Evenings Special,LightGBM,0.33247092547092516,435.24045462285244
Evenings Special,LightGBM,0.33618209118209086,435.24045462285244
Evenings Special,LightGBM,0.33989325689325656,435.24045462285244
Evenings Special,LightGBM,0.34360442260442225,478.17835566934826
Evenings Special,LightGBM,0.34731558831558795,478.17835566934826
Evenings Special,LightGBM,0.3510267540267537,491.7153831601964
Evenings Special,LightGBM,0.3547379197379194,491.7153831601964
Evenings Special,LightGBM,0.3584490854490851,491.7153831601964
Evenings Special,LightGBM,0.3621602511602508,491.7153831601964
Evenings Special,LightGBM,0.3658714168714165,500.26368141632753
Evenings Special,LightGBM,0.3695825825825822,500.26368141632753
Evenings Special,LightGBM,0.37329374829374795,500.26368141632753
Evenings Special,LightGBM,0.37700491400491365,500.26368141632753
Evenings Special,LightGBM,0.38071607971607935,656.9590953793527
Evenings Special,LightGBM,0.38442724542724505,656.9590953793527
Evenings Special,LightGBM,0.38813841113841074,656.9590953793527
Evenings Special,LightGBM,0.39184957684957644,656.9590953793527
Evenings Special,LightGBM,0.3955607425607422,656.9590953793527
Evenings Special,LightGBM,0.3992719082719079,656.9590953793527
Evenings Special,LightGBM,0.4029830739830736,656.9590953793527
Evenings Special,LightGBM,0.4066942396942393,656.9590953793527
Evenings Special,LightGBM,0.410405405405405,656.9590953793527
Evenings Special,XGBoost,0.043,690.639892578125
Evenings Special,XGBoost,0.0467111657111657,690.639892578125
Evenings Special,XGBoost,0.050422331422331414,690.639892578125
Evenings Special,XGBoost,0.05413349713349712,690.639892578125
Evenings Special,XGBoost,0.057844662844662824,690.639892578125
Evenings Special,XGBoost,0.06155582855582853,690.639892578125
Evenings Special,XGBoost,0.06526699426699424,690.639892578125
Evenings Special,XGBoost,0.06897815997815995,690.639892578125
Evenings Special,XGBoost,0.07268932568932565,690.639892578125
Evenings Special,XGBoost,0.07640049140049136,690.639892578125
Evenings Special,XGBoost,0.08011165711165708,690.639892578125
Evenings Special,XGBoost,0.08382282282282277,690.639892578125
Evenings Special,XGBoost,0.08753398853398849,690.639892578125
Evenings Special,XGBoost,0.0912451542451542,690.639892578125
Evenings Special,XGBoost,0.0949563199563199,690.639892578125
Evenings Special,XGBoost,0.09866748566748561,690.639892578125
Evenings Special,XGBoost,0.10237865137865132,690.639892578125
Evenings Special,XGBoost,0.10608981708981702,690.639892578125
Evenings Special,XGBoost,0.10980098280098273,690.639892578125
Evenings Special,XGBoost,0.11351214851214843,689.4691162109375
Evenings Special,XGBoost,0.11722331422331414,688.7450561523438
Evenings Special,XGBoost,0.12093447993447985,688.7450561523438
Evenings Special,XGBoost,0.12464564564564555,688.7450561523438
Evenings Special,XGBoost,0.12835681135681126,688.7450561523438
Evenings Special,XGBoost,0.13206797706797696,678.3756103515625
Evenings Special,XGBoost,0.13577914277914266,678.3756103515625
Evenings Special,XGBoost,0.13949030849030838,676.7594604492188
Evenings Special,XGBoost,0.1432014742014741,676.7594604492188
Evenings Special,XGBoost,0.1469126399126398,676.7594604492188
Evenings Special,XGBoost,0.1506238056238055,676.7594604492188
Evenings Special,XGBoost,0.1543349713349712,680.9560546875
Evenings Special,XGBoost,0.1580461370461369,680.9560546875
Evenings Special,XGBoost,0.16175730275730263,680.9560546875
Evenings Special,XGBoost,0.16546846846846835,680.9560546875
Evenings Special,XGBoost,0.16917963417963405,680.9471435546875
Evenings Special,XGBoost,0.17289079989079975,680.9610595703125
Evenings Special,XGBoost,0.17660196560196545,680.9290771484375
Evenings Special,XGBoost,0.18031313131313115,680.9290771484375
Evenings Special,XGBoost,0.18402429702429685,680.9290771484375
Evenings Special,XGBoost,0.1877354627354626,680.9290771484375
Evenings Special,XGBoost,0.1914466284466283,682.623779296875
Evenings Special,XGBoost,0.195157794157794,682.623779296875
Evenings Special,XGBoost,0.1988689598689597,682.623779296875
Evenings Special,XGBoost,0.2025801255801254,682.3499145507812
Evenings Special,XGBoost,0.2062912912912911,494.18353271484375
Evenings Special,XGBoost,0.21000245700245684,494.18353271484375
Evenings Special,XGBoost,0.21371362271362254,491.3019104003906
Evenings Special,XGBoost,0.21742478842478824,491.31817626953125
Evenings Special,XGBoost,0.22113595413595394,530.8186645507812
Evenings Special,XGBoost,0.22484711984711964,530.8186645507812
Evenings Special,XGBoost,0.22855828555828533,530.8186645507812
Evenings Special,XGBoost,0.2322694512694511,533.5648193359375
Evenings Special,XGBoost,0.2359806169806168,533.5648193359375
Evenings Special,XGBoost,0.23969178269178248,533.2365112304688
Evenings Special,XGBoost,0.24340294840294818,533.2365112304688
Evenings Special,XGBoost,0.24711411411411388,533.2365112304688
Evenings Special,XGBoost,0.2508252798252796,515.642822265625
Evenings Special,XGBoost,0.25453644553644533,515.642822265625
Evenings Special,XGBoost,0.25824761124761103,515.642822265625
Evenings Special,XGBoost,0.26195877695877673,515.642822265625
Evenings Special,XGBoost,0.2656699426699424,515.8416137695312
Evenings Special,XGBoost,0.2693811083811081,515.8416137695312
Evenings Special,XGBoost,0.2730922740922738,515.8416137695312
Evenings Special,XGBoost,0.2768034398034396,505.8363342285156
Evenings Special,XGBoost,0.2805146055146053,505.7373352050781
Evenings Special,XGBoost,0.284225771225771,505.7540283203125
Evenings Special,XGBoost,0.28793693693693667,505.7540283203125
Evenings Special,XGBoost,0.29164810264810237,505.7540283203125
Evenings Special,XGBoost,0.29535926835926807,505.8045654296875
Evenings Special,XGBoost,0.29907043407043377,505.8045654296875
Evenings Special,XGBoost,0.30278159978159946,505.8625793457031
Evenings Special,XGBoost,0.3064927654927652,505.8625793457031
Evenings Special,XGBoost,0.3102039312039309,505.8625793457031
Evenings Special,XGBoost,0.3139150969150966,505.8625793457031
Evenings Special,XGBoost,0.3176262626262623,505.8625793457031
Evenings Special,XGBoost,0.321337428337428,505.8625793457031
Evenings Special,XGBoost,0.3250485940485937,505.8625793457031
Evenings Special,XGBoost,0.32875975975975946,505.8625793457031
Evenings Special,XGBoost,0.33247092547092516,505.8625793457031
Evenings Special,XGBoost,0.33618209118209086,505.8625793457031
Evenings Special,XGBoost,0.33989325689325656,505.8625793457031
Evenings Special,XGBoost,0.34360442260442225,505.8625793457031
Evenings Special,XGBoost,0.34731558831558795,505.8625793457031
Evenings Special,XGBoost,0.3510267540267537,505.97381591796875
Evenings Special,XGBoost,0.3547379197379194,519.92626953125
Evenings Special,XGBoost,0.3584490854490851,519.92626953125
Evenings Special,XGBoost,0.3621602511602508,519.92626953125
Evenings Special,XGBoost,0.3658714168714165,519.92626953125
Evenings Special,XGBoost,0.3695825825825822,519.92626953125
Evenings Special,XGBoost,0.37329374829374795,519.92626953125
Evenings Special,XGBoost,0.37700491400491365,519.92626953125
Evenings Special,XGBoost,0.38071607971607935,519.92626953125
Evenings Special,XGBoost,0.38442724542724505,630.5291748046875
Evenings Special,XGBoost,0.38813841113841074,630.5291748046875
Evenings Special,XGBoost,0.39184957684957644,630.5291748046875
Evenings Special,XGBoost,0.3955607425607422,630.5291748046875
Evenings Special,XGBoost,0.3992719082719079,630.5291748046875
Evenings Special,XGBoost,0.4029830739830736,630.5291748046875
Evenings Special,XGBoost,0.4066942396942393,630.5291748046875
Evenings Special,XGBoost,0.410405405405405,630.5291748046875
