Dataset,Model,Month,Predicted Value
All,CatBoost,1.0,563.5112039652845
All,CatBoost,1.1111111111111112,563.5112039652845
All,CatBoost,1.2222222222222223,563.5112039652845
All,CatBoost,1.3333333333333333,563.5112039652845
All,CatBoost,1.4444444444444444,563.5112039652845
All,CatBoost,1.5555555555555556,610.5827311538936
All,CatBoost,1.6666666666666665,610.5827311538936
All,CatBoost,1.7777777777777777,610.5827311538936
All,CatBoost,1.8888888888888888,610.5827311538936
All,CatBoost,2.0,610.5827311538936
All,CatBoost,2.111111111111111,610.5827311538936
All,CatBoost,2.2222222222222223,610.5827311538936
All,CatBoost,2.333333333333333,610.5827311538936
All,CatBoost,2.4444444444444446,610.5827311538936
All,CatBoost,2.5555555555555554,627.5444976728273
All,CatBoost,2.6666666666666665,627.5444976728273
All,CatBoost,2.7777777777777777,627.5444976728273
All,CatBoost,2.888888888888889,627.5444976728273
All,CatBoost,3.0,627.5444976728273
All,CatBoost,3.111111111111111,627.5444976728273
All,CatBoost,3.2222222222222223,627.5444976728273
All,CatBoost,3.333333333333333,627.5444976728273
All,CatBoost,3.444444444444444,627.5444976728273
All,CatBoost,3.5555555555555554,619.8392781953625
All,CatBoost,3.6666666666666665,619.8392781953625
All,CatBoost,3.7777777777777777,619.8392781953625
All,CatBoost,3.888888888888889,619.8392781953625
All,CatBoost,4.0,619.8392781953625
All,CatBoost,4.111111111111111,619.8392781953625
All,CatBoost,4.222222222222221,619.8392781953625
All,CatBoost,4.333333333333333,619.8392781953625
All,CatBoost,4.444444444444445,619.8392781953625
All,CatBoost,4.555555555555555,571.9392947501261
All,CatBoost,4.666666666666666,571.9392947501261
All,CatBoost,4.777777777777778,571.9392947501261
All,CatBoost,4.888888888888889,571.9392947501261
All,CatBoost,5.0,571.9392947501261
All,CatBoost,5.111111111111111,571.9392947501261
All,CatBoost,5.222222222222222,571.9392947501261
All,CatBoost,5.333333333333333,571.9392947501261
All,CatBoost,5.444444444444445,571.9392947501261
All,CatBoost,5.555555555555555,566.7394579749489
All,CatBoost,5.666666666666666,566.7394579749489
All,CatBoost,5.777777777777778,566.7394579749489
All,CatBoost,5.888888888888888,566.7394579749489
All,CatBoost,6.0,566.7394579749489
All,CatBoost,6.111111111111111,566.7394579749489
All,CatBoost,6.222222222222222,566.7394579749489
All,CatBoost,6.333333333333333,566.7394579749489
All,CatBoost,6.444444444444444,566.7394579749489
All,CatBoost,6.555555555555555,585.9958866592209
All,CatBoost,6.666666666666666,585.9958866592209
All,CatBoost,6.777777777777778,585.9958866592209
All,CatBoost,6.888888888888888,585.9958866592209
All,CatBoost,7.0,585.9958866592209
All,CatBoost,7.111111111111111,585.9958866592209
All,CatBoost,7.222222222222221,585.9958866592209
All,CatBoost,7.333333333333333,585.9958866592209
All,CatBoost,7.444444444444444,585.9958866592209
All,CatBoost,7.555555555555555,586.4538161005505
All,CatBoost,7.666666666666666,586.4538161005505
All,CatBoost,7.777777777777778,586.4538161005505
All,CatBoost,7.888888888888888,586.4538161005505
All,CatBoost,8.0,586.4538161005505
All,CatBoost,8.11111111111111,586.4538161005505
All,CatBoost,8.222222222222221,586.4538161005505
All,CatBoost,8.333333333333332,586.4538161005505
All,CatBoost,8.444444444444443,586.4538161005505
All,CatBoost,8.555555555555555,585.7387134116858
All,CatBoost,8.666666666666666,585.7387134116858
All,CatBoost,8.777777777777779,585.7387134116858
All,CatBoost,8.88888888888889,585.7387134116858
All,CatBoost,9.0,585.7387134116858
All,CatBoost,9.11111111111111,585.7387134116858
All,CatBoost,9.222222222222221,585.7387134116858
All,CatBoost,9.333333333333332,585.7387134116858
All,CatBoost,9.444444444444445,585.7387134116858
All,CatBoost,9.555555555555555,592.3898446243974
All,CatBoost,9.666666666666666,592.3898446243974
All,CatBoost,9.777777777777777,592.3898446243974
All,CatBoost,9.88888888888889,592.3898446243974
All,CatBoost,10.0,592.3898446243974
All,CatBoost,10.11111111111111,592.3898446243974
All,CatBoost,10.222222222222221,592.3898446243974
All,CatBoost,10.333333333333332,592.3898446243974
All,CatBoost,10.444444444444445,592.3898446243974
All,CatBoost,10.555555555555555,601.7965495981776
All,CatBoost,10.666666666666666,601.7965495981776
All,CatBoost,10.777777777777777,601.7965495981776
All,CatBoost,10.888888888888888,601.7965495981776
All,CatBoost,11.0,601.7965495981776
All,CatBoost,11.11111111111111,601.7965495981776
All,CatBoost,11.222222222222221,601.7965495981776
All,CatBoost,11.333333333333332,601.7965495981776
All,CatBoost,11.444444444444445,601.7965495981776
All,CatBoost,11.555555555555555,634.8025323746547
All,CatBoost,11.666666666666666,634.8025323746547
All,CatBoost,11.777777777777777,634.8025323746547
All,CatBoost,11.888888888888888,634.8025323746547
All,CatBoost,12.0,634.8025323746547
All,LightGBM,1.0,563.6218790734932
All,LightGBM,1.1111111111111112,563.6218790734932
All,LightGBM,1.2222222222222223,563.6218790734932
All,LightGBM,1.3333333333333333,563.6218790734932
All,LightGBM,1.4444444444444444,563.6218790734932
All,LightGBM,1.5555555555555556,609.3219962638207
All,LightGBM,1.6666666666666665,609.3219962638207
All,LightGBM,1.7777777777777777,609.3219962638207
All,LightGBM,1.8888888888888888,609.3219962638207
All,LightGBM,2.0,609.3219962638207
All,LightGBM,2.111111111111111,609.3219962638207
All,LightGBM,2.2222222222222223,609.3219962638207
All,LightGBM,2.333333333333333,609.3219962638207
All,LightGBM,2.4444444444444446,609.3219962638207
All,LightGBM,2.5555555555555554,627.5235351701152
All,LightGBM,2.6666666666666665,627.5235351701152
All,LightGBM,2.7777777777777777,627.5235351701152
All,LightGBM,2.888888888888889,627.5235351701152
All,LightGBM,3.0,627.5235351701152
All,LightGBM,3.111111111111111,627.5235351701152
All,LightGBM,3.2222222222222223,627.5235351701152
All,LightGBM,3.333333333333333,627.5235351701152
All,LightGBM,3.444444444444444,627.5235351701152
All,LightGBM,3.5555555555555554,622.6749775361292
All,LightGBM,3.6666666666666665,622.6749775361292
All,LightGBM,3.7777777777777777,622.6749775361292
All,LightGBM,3.888888888888889,622.6749775361292
All,LightGBM,4.0,622.6749775361292
All,LightGBM,4.111111111111111,622.6749775361292
All,LightGBM,4.222222222222221,622.6749775361292
All,LightGBM,4.333333333333333,622.6749775361292
All,LightGBM,4.444444444444445,622.6749775361292
All,LightGBM,4.555555555555555,569.1435646062766
All,LightGBM,4.666666666666666,569.1435646062766
All,LightGBM,4.777777777777778,569.1435646062766
All,LightGBM,4.888888888888889,569.1435646062766
All,LightGBM,5.0,569.1435646062766
All,LightGBM,5.111111111111111,569.1435646062766
All,LightGBM,5.222222222222222,569.1435646062766
All,LightGBM,5.333333333333333,569.1435646062766
All,LightGBM,5.444444444444445,569.1435646062766
All,LightGBM,5.555555555555555,565.0013473006376
All,LightGBM,5.666666666666666,565.0013473006376
All,LightGBM,5.777777777777778,565.0013473006376
All,LightGBM,5.888888888888888,565.0013473006376
All,LightGBM,6.0,565.0013473006376
All,LightGBM,6.111111111111111,565.0013473006376
All,LightGBM,6.222222222222222,565.0013473006376
All,LightGBM,6.333333333333333,565.0013473006376
All,LightGBM,6.444444444444444,565.0013473006376
All,LightGBM,6.555555555555555,579.0303100213494
All,LightGBM,6.666666666666666,579.0303100213494
All,LightGBM,6.777777777777778,579.0303100213494
All,LightGBM,6.888888888888888,579.0303100213494
All,LightGBM,7.0,579.0303100213494
All,LightGBM,7.111111111111111,579.0303100213494
All,LightGBM,7.222222222222221,579.0303100213494
All,LightGBM,7.333333333333333,579.0303100213494
All,LightGBM,7.444444444444444,579.0303100213494
All,LightGBM,7.555555555555555,579.5041747883693
All,LightGBM,7.666666666666666,579.5041747883693
All,LightGBM,7.777777777777778,579.5041747883693
All,LightGBM,7.888888888888888,579.5041747883693
All,LightGBM,8.0,579.5041747883693
All,LightGBM,8.11111111111111,579.5041747883693
All,LightGBM,8.222222222222221,579.5041747883693
All,LightGBM,8.333333333333332,579.5041747883693
All,LightGBM,8.444444444444443,579.5041747883693
All,LightGBM,8.555555555555555,579.3010070991568
All,LightGBM,8.666666666666666,579.3010070991568
All,LightGBM,8.777777777777779,579.3010070991568
All,LightGBM,8.88888888888889,579.3010070991568
All,LightGBM,9.0,579.3010070991568
All,LightGBM,9.11111111111111,579.3010070991568
All,LightGBM,9.222222222222221,579.3010070991568
All,LightGBM,9.333333333333332,579.3010070991568
All,LightGBM,9.444444444444445,579.3010070991568
All,LightGBM,9.555555555555555,587.8976300768048
All,LightGBM,9.666666666666666,587.8976300768048
All,LightGBM,9.777777777777777,587.8976300768048
All,LightGBM,9.88888888888889,587.8976300768048
All,LightGBM,10.0,587.8976300768048
All,LightGBM,10.11111111111111,587.8976300768048
All,LightGBM,10.222222222222221,587.8976300768048
All,LightGBM,10.333333333333332,587.8976300768048
All,LightGBM,10.444444444444445,587.8976300768048
All,LightGBM,10.555555555555555,600.2045267510066
All,LightGBM,10.666666666666666,600.2045267510066
All,LightGBM,10.777777777777777,600.2045267510066
All,LightGBM,10.888888888888888,600.2045267510066
All,LightGBM,11.0,600.2045267510066
All,LightGBM,11.11111111111111,600.2045267510066
All,LightGBM,11.222222222222221,600.2045267510066
All,LightGBM,11.333333333333332,600.2045267510066
All,LightGBM,11.444444444444445,600.2045267510066
All,LightGBM,11.555555555555555,630.2011522392895
All,LightGBM,11.666666666666666,630.2011522392895
All,LightGBM,11.777777777777777,630.2011522392895
All,LightGBM,11.888888888888888,630.2011522392895
All,LightGBM,12.0,630.2011522392895
All,XGBoost,1.0,579.7801513671875
All,XGBoost,1.1111111111111112,579.7801513671875
All,XGBoost,1.2222222222222223,579.7801513671875
All,XGBoost,1.3333333333333333,579.7801513671875
All,XGBoost,1.4444444444444444,579.7801513671875
All,XGBoost,1.5555555555555556,579.7801513671875
All,XGBoost,1.6666666666666665,579.7801513671875
All,XGBoost,1.7777777777777777,579.7801513671875
All,XGBoost,1.8888888888888888,579.7801513671875
All,XGBoost,2.0,619.3031005859375
All,XGBoost,2.111111111111111,619.3031005859375
All,XGBoost,2.2222222222222223,619.3031005859375
All,XGBoost,2.333333333333333,619.3031005859375
All,XGBoost,2.4444444444444446,619.3031005859375
All,XGBoost,2.5555555555555554,619.3031005859375
All,XGBoost,2.6666666666666665,619.3031005859375
All,XGBoost,2.7777777777777777,619.3031005859375
All,XGBoost,2.888888888888889,619.3031005859375
All,XGBoost,3.0,636.6878051757812
All,XGBoost,3.111111111111111,636.6878051757812
All,XGBoost,3.2222222222222223,636.6878051757812
All,XGBoost,3.333333333333333,636.6878051757812
All,XGBoost,3.444444444444444,636.6878051757812
All,XGBoost,3.5555555555555554,636.6878051757812
All,XGBoost,3.6666666666666665,636.6878051757812
All,XGBoost,3.7777777777777777,636.6878051757812
All,XGBoost,3.888888888888889,636.6878051757812
All,XGBoost,4.0,616.5695190429688
All,XGBoost,4.111111111111111,616.5695190429688
All,XGBoost,4.222222222222221,616.5695190429688
All,XGBoost,4.333333333333333,616.5695190429688
All,XGBoost,4.444444444444445,616.5695190429688
All,XGBoost,4.555555555555555,616.5695190429688
All,XGBoost,4.666666666666666,616.5695190429688
All,XGBoost,4.777777777777778,616.5695190429688
All,XGBoost,4.888888888888889,616.5695190429688
All,XGBoost,5.0,574.0213623046875
All,XGBoost,5.111111111111111,574.0213623046875
All,XGBoost,5.222222222222222,574.0213623046875
All,XGBoost,5.333333333333333,574.0213623046875
All,XGBoost,5.444444444444445,574.0213623046875
All,XGBoost,5.555555555555555,574.0213623046875
All,XGBoost,5.666666666666666,574.0213623046875
All,XGBoost,5.777777777777778,574.0213623046875
All,XGBoost,5.888888888888888,574.0213623046875
All,XGBoost,6.0,566.2341918945312
All,XGBoost,6.111111111111111,566.2341918945312
All,XGBoost,6.222222222222222,566.2341918945312
All,XGBoost,6.333333333333333,566.2341918945312
All,XGBoost,6.444444444444444,566.2341918945312
All,XGBoost,6.555555555555555,566.2341918945312
All,XGBoost,6.666666666666666,566.2341918945312
All,XGBoost,6.777777777777778,566.2341918945312
All,XGBoost,6.888888888888888,566.2341918945312
All,XGBoost,7.0,587.8112182617188
All,XGBoost,7.111111111111111,587.8112182617188
All,XGBoost,7.222222222222221,587.8112182617188
All,XGBoost,7.333333333333333,587.8112182617188
All,XGBoost,7.444444444444444,587.8112182617188
All,XGBoost,7.555555555555555,587.8112182617188
All,XGBoost,7.666666666666666,587.8112182617188
All,XGBoost,7.777777777777778,587.8112182617188
All,XGBoost,7.888888888888888,587.8112182617188
All,XGBoost,8.0,587.4962768554688
All,XGBoost,8.11111111111111,587.4962768554688
All,XGBoost,8.222222222222221,587.4962768554688
All,XGBoost,8.333333333333332,587.4962768554688
All,XGBoost,8.444444444444443,587.4962768554688
All,XGBoost,8.555555555555555,587.4962768554688
All,XGBoost,8.666666666666666,587.4962768554688
All,XGBoost,8.777777777777779,587.4962768554688
All,XGBoost,8.88888888888889,587.4962768554688
All,XGBoost,9.0,589.2647094726562
All,XGBoost,9.11111111111111,589.2647094726562
All,XGBoost,9.222222222222221,589.2647094726562
All,XGBoost,9.333333333333332,589.2647094726562
All,XGBoost,9.444444444444445,589.2647094726562
All,XGBoost,9.555555555555555,589.2647094726562
All,XGBoost,9.666666666666666,589.2647094726562
All,XGBoost,9.777777777777777,589.2647094726562
All,XGBoost,9.88888888888889,589.2647094726562
All,XGBoost,10.0,591.984375
All,XGBoost,10.11111111111111,591.984375
All,XGBoost,10.222222222222221,591.984375
All,XGBoost,10.333333333333332,591.984375
All,XGBoost,10.444444444444445,591.984375
All,XGBoost,10.555555555555555,591.984375
All,XGBoost,10.666666666666666,591.984375
All,XGBoost,10.777777777777777,591.984375
All,XGBoost,10.888888888888888,591.984375
All,XGBoost,11.0,604.0397338867188
All,XGBoost,11.11111111111111,604.0397338867188
All,XGBoost,11.222222222222221,604.0397338867188
All,XGBoost,11.333333333333332,604.0397338867188
All,XGBoost,11.444444444444445,604.0397338867188
All,XGBoost,11.555555555555555,604.0397338867188
All,XGBoost,11.666666666666666,604.0397338867188
All,XGBoost,11.777777777777777,604.0397338867188
All,XGBoost,11.888888888888888,604.0397338867188
All,XGBoost,12.0,631.326416015625
Mornings,CatBoost,1.0,625.8706509970662
Mornings,CatBoost,1.1111111111111112,625.8706509970662
Mornings,CatBoost,1.2222222222222223,625.8706509970662
Mornings,CatBoost,1.3333333333333333,625.8706509970662
Mornings,CatBoost,1.4444444444444444,625.8706509970662
Mornings,CatBoost,1.5555555555555556,727.589849458669
Mornings,CatBoost,1.6666666666666665,727.589849458669
Mornings,CatBoost,1.7777777777777777,727.589849458669
Mornings,CatBoost,1.8888888888888888,727.589849458669
Mornings,CatBoost,2.0,727.589849458669
Mornings,CatBoost,2.111111111111111,727.589849458669
Mornings,CatBoost,2.2222222222222223,727.589849458669
Mornings,CatBoost,2.333333333333333,727.589849458669
Mornings,CatBoost,2.4444444444444446,727.589849458669
Mornings,CatBoost,2.5555555555555554,768.2976133893208
Mornings,CatBoost,2.6666666666666665,768.2976133893208
Mornings,CatBoost,2.7777777777777777,768.2976133893208
Mornings,CatBoost,2.888888888888889,768.2976133893208
Mornings,CatBoost,3.0,768.2976133893208
Mornings,CatBoost,3.111111111111111,768.2976133893208
Mornings,CatBoost,3.2222222222222223,768.2976133893208
Mornings,CatBoost,3.333333333333333,768.2976133893208
Mornings,CatBoost,3.444444444444444,768.2976133893208
Mornings,CatBoost,3.5555555555555554,755.6162768872431
Mornings,CatBoost,3.6666666666666665,755.6162768872431
Mornings,CatBoost,3.7777777777777777,755.6162768872431
Mornings,CatBoost,3.888888888888889,755.6162768872431
Mornings,CatBoost,4.0,755.6162768872431
Mornings,CatBoost,4.111111111111111,755.6162768872431
Mornings,CatBoost,4.222222222222221,755.6162768872431
Mornings,CatBoost,4.333333333333333,755.6162768872431
Mornings,CatBoost,4.444444444444445,755.6162768872431
Mornings,CatBoost,4.555555555555555,736.3702442237065
Mornings,CatBoost,4.666666666666666,736.3702442237065
Mornings,CatBoost,4.777777777777778,736.3702442237065
Mornings,CatBoost,4.888888888888889,736.3702442237065
Mornings,CatBoost,5.0,736.3702442237065
Mornings,CatBoost,5.111111111111111,736.3702442237065
Mornings,CatBoost,5.222222222222222,736.3702442237065
Mornings,CatBoost,5.333333333333333,736.3702442237065
Mornings,CatBoost,5.444444444444445,736.3702442237065
Mornings,CatBoost,5.555555555555555,694.1406060460425
Mornings,CatBoost,5.666666666666666,694.1406060460425
Mornings,CatBoost,5.777777777777778,694.1406060460425
Mornings,CatBoost,5.888888888888888,694.1406060460425
Mornings,CatBoost,6.0,694.1406060460425
Mornings,CatBoost,6.111111111111111,694.1406060460425
Mornings,CatBoost,6.222222222222222,694.1406060460425
Mornings,CatBoost,6.333333333333333,694.1406060460425
Mornings,CatBoost,6.444444444444444,694.1406060460425
Mornings,CatBoost,6.555555555555555,703.8298406043854
Mornings,CatBoost,6.666666666666666,703.8298406043854
Mornings,CatBoost,6.777777777777778,703.8298406043854
Mornings,CatBoost,6.888888888888888,703.8298406043854
Mornings,CatBoost,7.0,703.8298406043854
Mornings,CatBoost,7.111111111111111,703.8298406043854
Mornings,CatBoost,7.222222222222221,703.8298406043854
Mornings,CatBoost,7.333333333333333,703.8298406043854
Mornings,CatBoost,7.444444444444444,703.8298406043854
Mornings,CatBoost,7.555555555555555,731.025714645882
Mornings,CatBoost,7.666666666666666,731.025714645882
Mornings,CatBoost,7.777777777777778,731.025714645882
Mornings,CatBoost,7.888888888888888,731.025714645882
Mornings,CatBoost,8.0,731.025714645882
Mornings,CatBoost,8.11111111111111,731.025714645882
Mornings,CatBoost,8.222222222222221,731.025714645882
Mornings,CatBoost,8.333333333333332,731.025714645882
Mornings,CatBoost,8.444444444444443,731.025714645882
Mornings,CatBoost,8.555555555555555,737.0094927216728
Mornings,CatBoost,8.666666666666666,737.0094927216728
Mornings,CatBoost,8.777777777777779,737.0094927216728
Mornings,CatBoost,8.88888888888889,737.0094927216728
Mornings,CatBoost,9.0,737.0094927216728
Mornings,CatBoost,9.11111111111111,737.0094927216728
Mornings,CatBoost,9.222222222222221,737.0094927216728
Mornings,CatBoost,9.333333333333332,737.0094927216728
Mornings,CatBoost,9.444444444444445,737.0094927216728
Mornings,CatBoost,9.555555555555555,735.4414437587675
Mornings,CatBoost,9.666666666666666,735.4414437587675
Mornings,CatBoost,9.777777777777777,735.4414437587675
Mornings,CatBoost,9.88888888888889,735.4414437587675
Mornings,CatBoost,10.0,735.4414437587675
Mornings,CatBoost,10.11111111111111,735.4414437587675
Mornings,CatBoost,10.222222222222221,735.4414437587675
Mornings,CatBoost,10.333333333333332,735.4414437587675
Mornings,CatBoost,10.444444444444445,735.4414437587675
Mornings,CatBoost,10.555555555555555,734.8829031124335
Mornings,CatBoost,10.666666666666666,734.8829031124335
Mornings,CatBoost,10.777777777777777,734.8829031124335
Mornings,CatBoost,10.888888888888888,734.8829031124335
Mornings,CatBoost,11.0,734.8829031124335
Mornings,CatBoost,11.11111111111111,734.8829031124335
Mornings,CatBoost,11.222222222222221,734.8829031124335
Mornings,CatBoost,11.333333333333332,734.8829031124335
Mornings,CatBoost,11.444444444444445,734.8829031124335
Mornings,CatBoost,11.555555555555555,656.2258779831485
Mornings,CatBoost,11.666666666666666,656.2258779831485
Mornings,CatBoost,11.777777777777777,656.2258779831485
Mornings,CatBoost,11.888888888888888,656.2258779831485
Mornings,CatBoost,12.0,656.2258779831485
Mornings,LightGBM,1.0,624.5861688028375
Mornings,LightGBM,1.1111111111111112,624.5861688028375
Mornings,LightGBM,1.2222222222222223,624.5861688028375
Mornings,LightGBM,1.3333333333333333,624.5861688028375
Mornings,LightGBM,1.4444444444444444,624.5861688028375
Mornings,LightGBM,1.5555555555555556,724.8441664311795
Mornings,LightGBM,1.6666666666666665,724.8441664311795
Mornings,LightGBM,1.7777777777777777,724.8441664311795
Mornings,LightGBM,1.8888888888888888,724.8441664311795
Mornings,LightGBM,2.0,724.8441664311795
Mornings,LightGBM,2.111111111111111,724.8441664311795
Mornings,LightGBM,2.2222222222222223,724.8441664311795
Mornings,LightGBM,2.333333333333333,724.8441664311795
Mornings,LightGBM,2.4444444444444446,724.8441664311795
Mornings,LightGBM,2.5555555555555554,764.9761859675253
Mornings,LightGBM,2.6666666666666665,764.9761859675253
Mornings,LightGBM,2.7777777777777777,764.9761859675253
Mornings,LightGBM,2.888888888888889,764.9761859675253
Mornings,LightGBM,3.0,764.9761859675253
Mornings,LightGBM,3.111111111111111,764.9761859675253
Mornings,LightGBM,3.2222222222222223,764.9761859675253
Mornings,LightGBM,3.333333333333333,764.9761859675253
Mornings,LightGBM,3.444444444444444,764.9761859675253
Mornings,LightGBM,3.5555555555555554,756.3915013552325
Mornings,LightGBM,3.6666666666666665,756.3915013552325
Mornings,LightGBM,3.7777777777777777,756.3915013552325
Mornings,LightGBM,3.888888888888889,756.3915013552325
Mornings,LightGBM,4.0,756.3915013552325
Mornings,LightGBM,4.111111111111111,756.3915013552325
Mornings,LightGBM,4.222222222222221,756.3915013552325
Mornings,LightGBM,4.333333333333333,756.3915013552325
Mornings,LightGBM,4.444444444444445,756.3915013552325
Mornings,LightGBM,4.555555555555555,735.9997079535377
Mornings,LightGBM,4.666666666666666,735.9997079535377
Mornings,LightGBM,4.777777777777778,735.9997079535377
Mornings,LightGBM,4.888888888888889,735.9997079535377
Mornings,LightGBM,5.0,735.9997079535377
Mornings,LightGBM,5.111111111111111,735.9997079535377
Mornings,LightGBM,5.222222222222222,735.9997079535377
Mornings,LightGBM,5.333333333333333,735.9997079535377
Mornings,LightGBM,5.444444444444445,735.9997079535377
Mornings,LightGBM,5.555555555555555,696.2782922930107
Mornings,LightGBM,5.666666666666666,696.2782922930107
Mornings,LightGBM,5.777777777777778,696.2782922930107
Mornings,LightGBM,5.888888888888888,696.2782922930107
Mornings,LightGBM,6.0,696.2782922930107
Mornings,LightGBM,6.111111111111111,696.2782922930107
Mornings,LightGBM,6.222222222222222,696.2782922930107
Mornings,LightGBM,6.333333333333333,696.2782922930107
Mornings,LightGBM,6.444444444444444,696.2782922930107
Mornings,LightGBM,6.555555555555555,704.3548836757565
Mornings,LightGBM,6.666666666666666,704.3548836757565
Mornings,LightGBM,6.777777777777778,704.3548836757565
Mornings,LightGBM,6.888888888888888,704.3548836757565
Mornings,LightGBM,7.0,704.3548836757565
Mornings,LightGBM,7.111111111111111,704.3548836757565
Mornings,LightGBM,7.222222222222221,704.3548836757565
Mornings,LightGBM,7.333333333333333,704.3548836757565
Mornings,LightGBM,7.444444444444444,704.3548836757565
Mornings,LightGBM,7.555555555555555,730.7389575607771
Mornings,LightGBM,7.666666666666666,730.7389575607771
Mornings,LightGBM,7.777777777777778,730.7389575607771
Mornings,LightGBM,7.888888888888888,730.7389575607771
Mornings,LightGBM,8.0,730.7389575607771
Mornings,LightGBM,8.11111111111111,730.7389575607771
Mornings,LightGBM,8.222222222222221,730.7389575607771
Mornings,LightGBM,8.333333333333332,730.7389575607771
Mornings,LightGBM,8.444444444444443,730.7389575607771
Mornings,LightGBM,8.555555555555555,735.5672788285068
Mornings,LightGBM,8.666666666666666,735.5672788285068
Mornings,LightGBM,8.777777777777779,735.5672788285068
Mornings,LightGBM,8.88888888888889,735.5672788285068
Mornings,LightGBM,9.0,735.5672788285068
Mornings,LightGBM,9.11111111111111,735.5672788285068
Mornings,LightGBM,9.222222222222221,735.5672788285068
Mornings,LightGBM,9.333333333333332,735.5672788285068
Mornings,LightGBM,9.444444444444445,735.5672788285068
Mornings,LightGBM,9.555555555555555,736.5288147514345
Mornings,LightGBM,9.666666666666666,736.5288147514345
Mornings,LightGBM,9.777777777777777,736.5288147514345
Mornings,LightGBM,9.88888888888889,736.5288147514345
Mornings,LightGBM,10.0,736.5288147514345
Mornings,LightGBM,10.11111111111111,736.5288147514345
Mornings,LightGBM,10.222222222222221,736.5288147514345
Mornings,LightGBM,10.333333333333332,736.5288147514345
Mornings,LightGBM,10.444444444444445,736.5288147514345
Mornings,LightGBM,10.555555555555555,733.0789591631687
Mornings,LightGBM,10.666666666666666,733.0789591631687
Mornings,LightGBM,10.777777777777777,733.0789591631687
Mornings,LightGBM,10.888888888888888,733.0789591631687
Mornings,LightGBM,11.0,733.0789591631687
Mornings,LightGBM,11.11111111111111,733.0789591631687
Mornings,LightGBM,11.222222222222221,733.0789591631687
Mornings,LightGBM,11.333333333333332,733.0789591631687
Mornings,LightGBM,11.444444444444445,733.0789591631687
Mornings,LightGBM,11.555555555555555,662.0329020346015
Mornings,LightGBM,11.666666666666666,662.0329020346015
Mornings,LightGBM,11.777777777777777,662.0329020346015
Mornings,LightGBM,11.888888888888888,662.0329020346015
Mornings,LightGBM,12.0,662.0329020346015
Mornings,XGBoost,1.0,626.9662475585938
Mornings,XGBoost,1.1111111111111112,626.9662475585938
Mornings,XGBoost,1.2222222222222223,626.9662475585938
Mornings,XGBoost,1.3333333333333333,626.9662475585938
Mornings,XGBoost,1.4444444444444444,626.9662475585938
Mornings,XGBoost,1.5555555555555556,626.9662475585938
Mornings,XGBoost,1.6666666666666665,626.9662475585938
Mornings,XGBoost,1.7777777777777777,626.9662475585938
Mornings,XGBoost,1.8888888888888888,626.9662475585938
Mornings,XGBoost,2.0,726.0136108398438
Mornings,XGBoost,2.111111111111111,726.0136108398438
Mornings,XGBoost,2.2222222222222223,726.0136108398438
Mornings,XGBoost,2.333333333333333,726.0136108398438
Mornings,XGBoost,2.4444444444444446,726.0136108398438
Mornings,XGBoost,2.5555555555555554,726.0136108398438
Mornings,XGBoost,2.6666666666666665,726.0136108398438
Mornings,XGBoost,2.7777777777777777,726.0136108398438
Mornings,XGBoost,2.888888888888889,726.0136108398438
Mornings,XGBoost,3.0,767.3134765625
Mornings,XGBoost,3.111111111111111,767.3134765625
Mornings,XGBoost,3.2222222222222223,767.3134765625
Mornings,XGBoost,3.333333333333333,767.3134765625
Mornings,XGBoost,3.444444444444444,767.3134765625
Mornings,XGBoost,3.5555555555555554,767.3134765625
Mornings,XGBoost,3.6666666666666665,767.3134765625
Mornings,XGBoost,3.7777777777777777,767.3134765625
Mornings,XGBoost,3.888888888888889,767.3134765625
Mornings,XGBoost,4.0,758.3992309570312
Mornings,XGBoost,4.111111111111111,758.3992309570312
Mornings,XGBoost,4.222222222222221,758.3992309570312
Mornings,XGBoost,4.333333333333333,758.3992309570312
Mornings,XGBoost,4.444444444444445,758.3992309570312
Mornings,XGBoost,4.555555555555555,758.3992309570312
Mornings,XGBoost,4.666666666666666,758.3992309570312
Mornings,XGBoost,4.777777777777778,758.3992309570312
Mornings,XGBoost,4.888888888888889,758.3992309570312
Mornings,XGBoost,5.0,735.7232666015625
Mornings,XGBoost,5.111111111111111,735.7232666015625
Mornings,XGBoost,5.222222222222222,735.7232666015625
Mornings,XGBoost,5.333333333333333,735.7232666015625
Mornings,XGBoost,5.444444444444445,735.7232666015625
Mornings,XGBoost,5.555555555555555,735.7232666015625
Mornings,XGBoost,5.666666666666666,735.7232666015625
Mornings,XGBoost,5.777777777777778,735.7232666015625
Mornings,XGBoost,5.888888888888888,735.7232666015625
Mornings,XGBoost,6.0,695.0354614257812
Mornings,XGBoost,6.111111111111111,695.0354614257812
Mornings,XGBoost,6.222222222222222,695.0354614257812
Mornings,XGBoost,6.333333333333333,695.0354614257812
Mornings,XGBoost,6.444444444444444,695.0354614257812
Mornings,XGBoost,6.555555555555555,695.0354614257812
Mornings,XGBoost,6.666666666666666,695.0354614257812
Mornings,XGBoost,6.777777777777778,695.0354614257812
Mornings,XGBoost,6.888888888888888,695.0354614257812
Mornings,XGBoost,7.0,704.6024780273438
Mornings,XGBoost,7.111111111111111,704.6024780273438
Mornings,XGBoost,7.222222222222221,704.6024780273438
Mornings,XGBoost,7.333333333333333,704.6024780273438
Mornings,XGBoost,7.444444444444444,704.6024780273438
Mornings,XGBoost,7.555555555555555,704.6024780273438
Mornings,XGBoost,7.666666666666666,704.6024780273438
Mornings,XGBoost,7.777777777777778,704.6024780273438
Mornings,XGBoost,7.888888888888888,704.6024780273438
Mornings,XGBoost,8.0,730.36669921875
Mornings,XGBoost,8.11111111111111,730.36669921875
Mornings,XGBoost,8.222222222222221,730.36669921875
Mornings,XGBoost,8.333333333333332,730.36669921875
Mornings,XGBoost,8.444444444444443,730.36669921875
Mornings,XGBoost,8.555555555555555,730.36669921875
Mornings,XGBoost,8.666666666666666,730.36669921875
Mornings,XGBoost,8.777777777777779,730.36669921875
Mornings,XGBoost,8.88888888888889,730.36669921875
Mornings,XGBoost,9.0,737.3207397460938
Mornings,XGBoost,9.11111111111111,737.3207397460938
Mornings,XGBoost,9.222222222222221,737.3207397460938
Mornings,XGBoost,9.333333333333332,737.3207397460938
Mornings,XGBoost,9.444444444444445,737.3207397460938
Mornings,XGBoost,9.555555555555555,737.3207397460938
Mornings,XGBoost,9.666666666666666,737.3207397460938
Mornings,XGBoost,9.777777777777777,737.3207397460938
Mornings,XGBoost,9.88888888888889,737.3207397460938
Mornings,XGBoost,10.0,736.11572265625
Mornings,XGBoost,10.11111111111111,736.11572265625
Mornings,XGBoost,10.222222222222221,736.11572265625
Mornings,XGBoost,10.333333333333332,736.11572265625
Mornings,XGBoost,10.444444444444445,736.11572265625
Mornings,XGBoost,10.555555555555555,736.11572265625
Mornings,XGBoost,10.666666666666666,736.11572265625
Mornings,XGBoost,10.777777777777777,736.11572265625
Mornings,XGBoost,10.888888888888888,736.11572265625
Mornings,XGBoost,11.0,734.1992797851562
Mornings,XGBoost,11.11111111111111,734.1992797851562
Mornings,XGBoost,11.222222222222221,734.1992797851562
Mornings,XGBoost,11.333333333333332,734.1992797851562
Mornings,XGBoost,11.444444444444445,734.1992797851562
Mornings,XGBoost,11.555555555555555,734.1992797851562
Mornings,XGBoost,11.666666666666666,734.1992797851562
Mornings,XGBoost,11.777777777777777,734.1992797851562
Mornings,XGBoost,11.888888888888888,734.1992797851562
Mornings,XGBoost,12.0,659.179443359375
Lunches,CatBoost,1.0,1069.6736553869112
Lunches,CatBoost,1.1111111111111112,1069.6736553869112
Lunches,CatBoost,1.2222222222222223,1069.6736553869112
Lunches,CatBoost,1.3333333333333333,1069.6736553869112
Lunches,CatBoost,1.4444444444444444,1069.6736553869112
Lunches,CatBoost,1.5555555555555556,1083.136078039143
Lunches,CatBoost,1.6666666666666665,1083.136078039143
Lunches,CatBoost,1.7777777777777777,1083.136078039143
Lunches,CatBoost,1.8888888888888888,1083.136078039143
Lunches,CatBoost,2.0,1083.136078039143
Lunches,CatBoost,2.111111111111111,1083.136078039143
Lunches,CatBoost,2.2222222222222223,1083.136078039143
Lunches,CatBoost,2.333333333333333,1083.136078039143
Lunches,CatBoost,2.4444444444444446,1083.136078039143
Lunches,CatBoost,2.5555555555555554,1122.4623345201676
Lunches,CatBoost,2.6666666666666665,1122.4623345201676
Lunches,CatBoost,2.7777777777777777,1122.4623345201676
Lunches,CatBoost,2.888888888888889,1122.4623345201676
Lunches,CatBoost,3.0,1122.4623345201676
Lunches,CatBoost,3.111111111111111,1122.4623345201676
Lunches,CatBoost,3.2222222222222223,1122.4623345201676
Lunches,CatBoost,3.333333333333333,1122.4623345201676
Lunches,CatBoost,3.444444444444444,1122.4623345201676
Lunches,CatBoost,3.5555555555555554,1143.3521322549589
Lunches,CatBoost,3.6666666666666665,1143.3521322549589
Lunches,CatBoost,3.7777777777777777,1143.3521322549589
Lunches,CatBoost,3.888888888888889,1143.3521322549589
Lunches,CatBoost,4.0,1143.3521322549589
Lunches,CatBoost,4.111111111111111,1143.3521322549589
Lunches,CatBoost,4.222222222222221,1143.3521322549589
Lunches,CatBoost,4.333333333333333,1143.3521322549589
Lunches,CatBoost,4.444444444444445,1143.3521322549589
Lunches,CatBoost,4.555555555555555,1081.0735809882292
Lunches,CatBoost,4.666666666666666,1081.0735809882292
Lunches,CatBoost,4.777777777777778,1081.0735809882292
Lunches,CatBoost,4.888888888888889,1081.0735809882292
Lunches,CatBoost,5.0,1081.0735809882292
Lunches,CatBoost,5.111111111111111,1081.0735809882292
Lunches,CatBoost,5.222222222222222,1081.0735809882292
Lunches,CatBoost,5.333333333333333,1081.0735809882292
Lunches,CatBoost,5.444444444444445,1081.0735809882292
Lunches,CatBoost,5.555555555555555,1078.5911295203687
Lunches,CatBoost,5.666666666666666,1078.5911295203687
Lunches,CatBoost,5.777777777777778,1078.5911295203687
Lunches,CatBoost,5.888888888888888,1078.5911295203687
Lunches,CatBoost,6.0,1078.5911295203687
Lunches,CatBoost,6.111111111111111,1078.5911295203687
Lunches,CatBoost,6.222222222222222,1078.5911295203687
Lunches,CatBoost,6.333333333333333,1078.5911295203687
Lunches,CatBoost,6.444444444444444,1078.5911295203687
Lunches,CatBoost,6.555555555555555,1137.8726078107609
Lunches,CatBoost,6.666666666666666,1137.8726078107609
Lunches,CatBoost,6.777777777777778,1137.8726078107609
Lunches,CatBoost,6.888888888888888,1137.8726078107609
Lunches,CatBoost,7.0,1137.8726078107609
Lunches,CatBoost,7.111111111111111,1137.8726078107609
Lunches,CatBoost,7.222222222222221,1137.8726078107609
Lunches,CatBoost,7.333333333333333,1137.8726078107609
Lunches,CatBoost,7.444444444444444,1137.8726078107609
Lunches,CatBoost,7.555555555555555,1101.6234074821684
Lunches,CatBoost,7.666666666666666,1101.6234074821684
Lunches,CatBoost,7.777777777777778,1101.6234074821684
Lunches,CatBoost,7.888888888888888,1101.6234074821684
Lunches,CatBoost,8.0,1101.6234074821684
Lunches,CatBoost,8.11111111111111,1101.6234074821684
Lunches,CatBoost,8.222222222222221,1101.6234074821684
Lunches,CatBoost,8.333333333333332,1101.6234074821684
Lunches,CatBoost,8.444444444444443,1101.6234074821684
Lunches,CatBoost,8.555555555555555,1126.372098457507
Lunches,CatBoost,8.666666666666666,1126.372098457507
Lunches,CatBoost,8.777777777777779,1126.372098457507
Lunches,CatBoost,8.88888888888889,1126.372098457507
Lunches,CatBoost,9.0,1126.372098457507
Lunches,CatBoost,9.11111111111111,1126.372098457507
Lunches,CatBoost,9.222222222222221,1126.372098457507
Lunches,CatBoost,9.333333333333332,1126.372098457507
Lunches,CatBoost,9.444444444444445,1126.372098457507
Lunches,CatBoost,9.555555555555555,1101.9634142984357
Lunches,CatBoost,9.666666666666666,1101.9634142984357
Lunches,CatBoost,9.777777777777777,1101.9634142984357
Lunches,CatBoost,9.88888888888889,1101.9634142984357
Lunches,CatBoost,10.0,1101.9634142984357
Lunches,CatBoost,10.11111111111111,1101.9634142984357
Lunches,CatBoost,10.222222222222221,1101.9634142984357
Lunches,CatBoost,10.333333333333332,1101.9634142984357
Lunches,CatBoost,10.444444444444445,1101.9634142984357
Lunches,CatBoost,10.555555555555555,1128.3351125499773
Lunches,CatBoost,10.666666666666666,1128.3351125499773
Lunches,CatBoost,10.777777777777777,1128.3351125499773
Lunches,CatBoost,10.888888888888888,1128.3351125499773
Lunches,CatBoost,11.0,1128.3351125499773
Lunches,CatBoost,11.11111111111111,1128.3351125499773
Lunches,CatBoost,11.222222222222221,1128.3351125499773
Lunches,CatBoost,11.333333333333332,1128.3351125499773
Lunches,CatBoost,11.444444444444445,1128.3351125499773
Lunches,CatBoost,11.555555555555555,1188.5966284156239
Lunches,CatBoost,11.666666666666666,1188.5966284156239
Lunches,CatBoost,11.777777777777777,1188.5966284156239
Lunches,CatBoost,11.888888888888888,1188.5966284156239
Lunches,CatBoost,12.0,1188.5966284156239
Lunches,LightGBM,1.0,1068.979431144622
Lunches,LightGBM,1.1111111111111112,1068.979431144622
Lunches,LightGBM,1.2222222222222223,1068.979431144622
Lunches,LightGBM,1.3333333333333333,1068.979431144622
Lunches,LightGBM,1.4444444444444444,1068.979431144622
Lunches,LightGBM,1.5555555555555556,1093.4314436462719
Lunches,LightGBM,1.6666666666666665,1093.4314436462719
Lunches,LightGBM,1.7777777777777777,1093.4314436462719
Lunches,LightGBM,1.8888888888888888,1093.4314436462719
Lunches,LightGBM,2.0,1093.4314436462719
Lunches,LightGBM,2.111111111111111,1093.4314436462719
Lunches,LightGBM,2.2222222222222223,1093.4314436462719
Lunches,LightGBM,2.333333333333333,1093.4314436462719
Lunches,LightGBM,2.4444444444444446,1093.4314436462719
Lunches,LightGBM,2.5555555555555554,1124.8860356541782
Lunches,LightGBM,2.6666666666666665,1124.8860356541782
Lunches,LightGBM,2.7777777777777777,1124.8860356541782
Lunches,LightGBM,2.888888888888889,1124.8860356541782
Lunches,LightGBM,3.0,1124.8860356541782
Lunches,LightGBM,3.111111111111111,1124.8860356541782
Lunches,LightGBM,3.2222222222222223,1124.8860356541782
Lunches,LightGBM,3.333333333333333,1124.8860356541782
Lunches,LightGBM,3.444444444444444,1124.8860356541782
Lunches,LightGBM,3.5555555555555554,1140.9825831870437
Lunches,LightGBM,3.6666666666666665,1140.9825831870437
Lunches,LightGBM,3.7777777777777777,1140.9825831870437
Lunches,LightGBM,3.888888888888889,1140.9825831870437
Lunches,LightGBM,4.0,1140.9825831870437
Lunches,LightGBM,4.111111111111111,1140.9825831870437
Lunches,LightGBM,4.222222222222221,1140.9825831870437
Lunches,LightGBM,4.333333333333333,1140.9825831870437
Lunches,LightGBM,4.444444444444445,1140.9825831870437
Lunches,LightGBM,4.555555555555555,1082.9574818500748
Lunches,LightGBM,4.666666666666666,1082.9574818500748
Lunches,LightGBM,4.777777777777778,1082.9574818500748
Lunches,LightGBM,4.888888888888889,1082.9574818500748
Lunches,LightGBM,5.0,1082.9574818500748
Lunches,LightGBM,5.111111111111111,1082.9574818500748
Lunches,LightGBM,5.222222222222222,1082.9574818500748
Lunches,LightGBM,5.333333333333333,1082.9574818500748
Lunches,LightGBM,5.444444444444445,1082.9574818500748
Lunches,LightGBM,5.555555555555555,1080.1905060739962
Lunches,LightGBM,5.666666666666666,1080.1905060739962
Lunches,LightGBM,5.777777777777778,1080.1905060739962
Lunches,LightGBM,5.888888888888888,1080.1905060739962
Lunches,LightGBM,6.0,1080.1905060739962
Lunches,LightGBM,6.111111111111111,1080.1905060739962
Lunches,LightGBM,6.222222222222222,1080.1905060739962
Lunches,LightGBM,6.333333333333333,1080.1905060739962
Lunches,LightGBM,6.444444444444444,1080.1905060739962
Lunches,LightGBM,6.555555555555555,1124.4311920488262
Lunches,LightGBM,6.666666666666666,1124.4311920488262
Lunches,LightGBM,6.777777777777778,1124.4311920488262
Lunches,LightGBM,6.888888888888888,1124.4311920488262
Lunches,LightGBM,7.0,1124.4311920488262
Lunches,LightGBM,7.111111111111111,1124.4311920488262
Lunches,LightGBM,7.222222222222221,1124.4311920488262
Lunches,LightGBM,7.333333333333333,1124.4311920488262
Lunches,LightGBM,7.444444444444444,1124.4311920488262
Lunches,LightGBM,7.555555555555555,1101.4145893085276
Lunches,LightGBM,7.666666666666666,1101.4145893085276
Lunches,LightGBM,7.777777777777778,1101.4145893085276
Lunches,LightGBM,7.888888888888888,1101.4145893085276
Lunches,LightGBM,8.0,1101.4145893085276
Lunches,LightGBM,8.11111111111111,1101.4145893085276
Lunches,LightGBM,8.222222222222221,1101.4145893085276
Lunches,LightGBM,8.333333333333332,1101.4145893085276
Lunches,LightGBM,8.444444444444443,1101.4145893085276
Lunches,LightGBM,8.555555555555555,1119.5556573405906
Lunches,LightGBM,8.666666666666666,1119.5556573405906
Lunches,LightGBM,8.777777777777779,1119.5556573405906
Lunches,LightGBM,8.88888888888889,1119.5556573405906
Lunches,LightGBM,9.0,1119.5556573405906
Lunches,LightGBM,9.11111111111111,1119.5556573405906
Lunches,LightGBM,9.222222222222221,1119.5556573405906
Lunches,LightGBM,9.333333333333332,1119.5556573405906
Lunches,LightGBM,9.444444444444445,1119.5556573405906
Lunches,LightGBM,9.555555555555555,1108.6057248428378
Lunches,LightGBM,9.666666666666666,1108.6057248428378
Lunches,LightGBM,9.777777777777777,1108.6057248428378
Lunches,LightGBM,9.88888888888889,1108.6057248428378
Lunches,LightGBM,10.0,1108.6057248428378
Lunches,LightGBM,10.11111111111111,1108.6057248428378
Lunches,LightGBM,10.222222222222221,1108.6057248428378
Lunches,LightGBM,10.333333333333332,1108.6057248428378
Lunches,LightGBM,10.444444444444445,1108.6057248428378
Lunches,LightGBM,10.555555555555555,1119.871061525337
Lunches,LightGBM,10.666666666666666,1119.871061525337
Lunches,LightGBM,10.777777777777777,1119.871061525337
Lunches,LightGBM,10.888888888888888,1119.871061525337
Lunches,LightGBM,11.0,1119.871061525337
Lunches,LightGBM,11.11111111111111,1119.871061525337
Lunches,LightGBM,11.222222222222221,1119.871061525337
Lunches,LightGBM,11.333333333333332,1119.871061525337
Lunches,LightGBM,11.444444444444445,1119.871061525337
Lunches,LightGBM,11.555555555555555,1175.8197165952174
Lunches,LightGBM,11.666666666666666,1175.8197165952174
Lunches,LightGBM,11.777777777777777,1175.8197165952174
Lunches,LightGBM,11.888888888888888,1175.8197165952174
Lunches,LightGBM,12.0,1175.8197165952174
Lunches,XGBoost,1.0,1072.163330078125
Lunches,XGBoost,1.1111111111111112,1072.163330078125
Lunches,XGBoost,1.2222222222222223,1072.163330078125
Lunches,XGBoost,1.3333333333333333,1072.163330078125
Lunches,XGBoost,1.4444444444444444,1072.163330078125
Lunches,XGBoost,1.5555555555555556,1072.163330078125
Lunches,XGBoost,1.6666666666666665,1072.163330078125
Lunches,XGBoost,1.7777777777777777,1072.163330078125
Lunches,XGBoost,1.8888888888888888,1072.163330078125
Lunches,XGBoost,2.0,1088.9755859375
Lunches,XGBoost,2.111111111111111,1088.9755859375
Lunches,XGBoost,2.2222222222222223,1088.9755859375
Lunches,XGBoost,2.333333333333333,1088.9755859375
Lunches,XGBoost,2.4444444444444446,1088.9755859375
Lunches,XGBoost,2.5555555555555554,1088.9755859375
Lunches,XGBoost,2.6666666666666665,1088.9755859375
Lunches,XGBoost,2.7777777777777777,1088.9755859375
Lunches,XGBoost,2.888888888888889,1088.9755859375
Lunches,XGBoost,3.0,1124.364990234375
Lunches,XGBoost,3.111111111111111,1124.364990234375
Lunches,XGBoost,3.2222222222222223,1124.364990234375
Lunches,XGBoost,3.333333333333333,1124.364990234375
Lunches,XGBoost,3.444444444444444,1124.364990234375
Lunches,XGBoost,3.5555555555555554,1124.364990234375
Lunches,XGBoost,3.6666666666666665,1124.364990234375
Lunches,XGBoost,3.7777777777777777,1124.364990234375
Lunches,XGBoost,3.888888888888889,1124.364990234375
Lunches,XGBoost,4.0,1139.316650390625
Lunches,XGBoost,4.111111111111111,1139.316650390625
Lunches,XGBoost,4.222222222222221,1139.316650390625
Lunches,XGBoost,4.333333333333333,1139.316650390625
Lunches,XGBoost,4.444444444444445,1139.316650390625
Lunches,XGBoost,4.555555555555555,1139.316650390625
Lunches,XGBoost,4.666666666666666,1139.316650390625
Lunches,XGBoost,4.777777777777778,1139.316650390625
Lunches,XGBoost,4.888888888888889,1139.316650390625
Lunches,XGBoost,5.0,1085.120849609375
Lunches,XGBoost,5.111111111111111,1085.120849609375
Lunches,XGBoost,5.222222222222222,1085.120849609375
Lunches,XGBoost,5.333333333333333,1085.120849609375
Lunches,XGBoost,5.444444444444445,1085.120849609375
Lunches,XGBoost,5.555555555555555,1085.120849609375
Lunches,XGBoost,5.666666666666666,1085.120849609375
Lunches,XGBoost,5.777777777777778,1085.120849609375
Lunches,XGBoost,5.888888888888888,1085.120849609375
Lunches,XGBoost,6.0,1078.876220703125
Lunches,XGBoost,6.111111111111111,1078.876220703125
Lunches,XGBoost,6.222222222222222,1078.876220703125
Lunches,XGBoost,6.333333333333333,1078.876220703125
Lunches,XGBoost,6.444444444444444,1078.876220703125
Lunches,XGBoost,6.555555555555555,1078.876220703125
Lunches,XGBoost,6.666666666666666,1078.876220703125
Lunches,XGBoost,6.777777777777778,1078.876220703125
Lunches,XGBoost,6.888888888888888,1078.876220703125
Lunches,XGBoost,7.0,1130.5447998046875
Lunches,XGBoost,7.111111111111111,1130.5447998046875
Lunches,XGBoost,7.222222222222221,1130.5447998046875
Lunches,XGBoost,7.333333333333333,1130.5447998046875
Lunches,XGBoost,7.444444444444444,1130.5447998046875
Lunches,XGBoost,7.555555555555555,1130.5447998046875
Lunches,XGBoost,7.666666666666666,1130.5447998046875
Lunches,XGBoost,7.777777777777778,1130.5447998046875
Lunches,XGBoost,7.888888888888888,1130.5447998046875
Lunches,XGBoost,8.0,1103.9322509765625
Lunches,XGBoost,8.11111111111111,1103.9322509765625
Lunches,XGBoost,8.222222222222221,1103.9322509765625
Lunches,XGBoost,8.333333333333332,1103.9322509765625
Lunches,XGBoost,8.444444444444443,1103.9322509765625
Lunches,XGBoost,8.555555555555555,1103.9322509765625
Lunches,XGBoost,8.666666666666666,1103.9322509765625
Lunches,XGBoost,8.777777777777779,1103.9322509765625
Lunches,XGBoost,8.88888888888889,1103.9322509765625
Lunches,XGBoost,9.0,1124.1064453125
Lunches,XGBoost,9.11111111111111,1124.1064453125
Lunches,XGBoost,9.222222222222221,1124.1064453125
Lunches,XGBoost,9.333333333333332,1124.1064453125
Lunches,XGBoost,9.444444444444445,1124.1064453125
Lunches,XGBoost,9.555555555555555,1124.1064453125
Lunches,XGBoost,9.666666666666666,1124.1064453125
Lunches,XGBoost,9.777777777777777,1124.1064453125
Lunches,XGBoost,9.88888888888889,1124.1064453125
Lunches,XGBoost,10.0,1109.23388671875
Lunches,XGBoost,10.11111111111111,1109.23388671875
Lunches,XGBoost,10.222222222222221,1109.23388671875
Lunches,XGBoost,10.333333333333332,1109.23388671875
Lunches,XGBoost,10.444444444444445,1109.23388671875
Lunches,XGBoost,10.555555555555555,1109.23388671875
Lunches,XGBoost,10.666666666666666,1109.23388671875
Lunches,XGBoost,10.777777777777777,1109.23388671875
Lunches,XGBoost,10.888888888888888,1109.23388671875
Lunches,XGBoost,11.0,1123.960205078125
Lunches,XGBoost,11.11111111111111,1123.960205078125
Lunches,XGBoost,11.222222222222221,1123.960205078125
Lunches,XGBoost,11.333333333333332,1123.960205078125
Lunches,XGBoost,11.444444444444445,1123.960205078125
Lunches,XGBoost,11.555555555555555,1123.960205078125
Lunches,XGBoost,11.666666666666666,1123.960205078125
Lunches,XGBoost,11.777777777777777,1123.960205078125
Lunches,XGBoost,11.888888888888888,1123.960205078125
Lunches,XGBoost,12.0,1175.39111328125
Afternoons,CatBoost,1.0,1162.5513984392855
Afternoons,CatBoost,1.1111111111111112,1162.5513984392855
Afternoons,CatBoost,1.2222222222222223,1162.5513984392855
Afternoons,CatBoost,1.3333333333333333,1162.5513984392855
Afternoons,CatBoost,1.4444444444444444,1162.5513984392855
Afternoons,CatBoost,1.5555555555555556,1227.9296567255874
Afternoons,CatBoost,1.6666666666666665,1227.9296567255874
Afternoons,CatBoost,1.7777777777777777,1227.9296567255874
Afternoons,CatBoost,1.8888888888888888,1227.9296567255874
Afternoons,CatBoost,2.0,1227.9296567255874
Afternoons,CatBoost,2.111111111111111,1227.9296567255874
Afternoons,CatBoost,2.2222222222222223,1227.9296567255874
Afternoons,CatBoost,2.333333333333333,1227.9296567255874
Afternoons,CatBoost,2.4444444444444446,1227.9296567255874
Afternoons,CatBoost,2.5555555555555554,1263.9774816895988
Afternoons,CatBoost,2.6666666666666665,1263.9774816895988
Afternoons,CatBoost,2.7777777777777777,1263.9774816895988
Afternoons,CatBoost,2.888888888888889,1263.9774816895988
Afternoons,CatBoost,3.0,1263.9774816895988
Afternoons,CatBoost,3.111111111111111,1263.9774816895988
Afternoons,CatBoost,3.2222222222222223,1263.9774816895988
Afternoons,CatBoost,3.333333333333333,1263.9774816895988
Afternoons,CatBoost,3.444444444444444,1263.9774816895988
Afternoons,CatBoost,3.5555555555555554,1262.3761135032075
Afternoons,CatBoost,3.6666666666666665,1262.3761135032075
Afternoons,CatBoost,3.7777777777777777,1262.3761135032075
Afternoons,CatBoost,3.888888888888889,1262.3761135032075
Afternoons,CatBoost,4.0,1262.3761135032075
Afternoons,CatBoost,4.111111111111111,1262.3761135032075
Afternoons,CatBoost,4.222222222222221,1262.3761135032075
Afternoons,CatBoost,4.333333333333333,1262.3761135032075
Afternoons,CatBoost,4.444444444444445,1262.3761135032075
Afternoons,CatBoost,4.555555555555555,1203.5537802666415
Afternoons,CatBoost,4.666666666666666,1203.5537802666415
Afternoons,CatBoost,4.777777777777778,1203.5537802666415
Afternoons,CatBoost,4.888888888888889,1203.5537802666415
Afternoons,CatBoost,5.0,1203.5537802666415
Afternoons,CatBoost,5.111111111111111,1203.5537802666415
Afternoons,CatBoost,5.222222222222222,1203.5537802666415
Afternoons,CatBoost,5.333333333333333,1203.5537802666415
Afternoons,CatBoost,5.444444444444445,1203.5537802666415
Afternoons,CatBoost,5.555555555555555,1189.5201294802432
Afternoons,CatBoost,5.666666666666666,1189.5201294802432
Afternoons,CatBoost,5.777777777777778,1189.5201294802432
Afternoons,CatBoost,5.888888888888888,1189.5201294802432
Afternoons,CatBoost,6.0,1189.5201294802432
Afternoons,CatBoost,6.111111111111111,1189.5201294802432
Afternoons,CatBoost,6.222222222222222,1189.5201294802432
Afternoons,CatBoost,6.333333333333333,1189.5201294802432
Afternoons,CatBoost,6.444444444444444,1189.5201294802432
Afternoons,CatBoost,6.555555555555555,1241.734346206207
Afternoons,CatBoost,6.666666666666666,1241.734346206207
Afternoons,CatBoost,6.777777777777778,1241.734346206207
Afternoons,CatBoost,6.888888888888888,1241.734346206207
Afternoons,CatBoost,7.0,1241.734346206207
Afternoons,CatBoost,7.111111111111111,1241.734346206207
Afternoons,CatBoost,7.222222222222221,1241.734346206207
Afternoons,CatBoost,7.333333333333333,1241.734346206207
Afternoons,CatBoost,7.444444444444444,1241.734346206207
Afternoons,CatBoost,7.555555555555555,1223.7745024251258
Afternoons,CatBoost,7.666666666666666,1223.7745024251258
Afternoons,CatBoost,7.777777777777778,1223.7745024251258
Afternoons,CatBoost,7.888888888888888,1223.7745024251258
Afternoons,CatBoost,8.0,1223.7745024251258
Afternoons,CatBoost,8.11111111111111,1223.7745024251258
Afternoons,CatBoost,8.222222222222221,1223.7745024251258
Afternoons,CatBoost,8.333333333333332,1223.7745024251258
Afternoons,CatBoost,8.444444444444443,1223.7745024251258
Afternoons,CatBoost,8.555555555555555,1221.74877676026
Afternoons,CatBoost,8.666666666666666,1221.74877676026
Afternoons,CatBoost,8.777777777777779,1221.74877676026
Afternoons,CatBoost,8.88888888888889,1221.74877676026
Afternoons,CatBoost,9.0,1221.74877676026
Afternoons,CatBoost,9.11111111111111,1221.74877676026
Afternoons,CatBoost,9.222222222222221,1221.74877676026
Afternoons,CatBoost,9.333333333333332,1221.74877676026
Afternoons,CatBoost,9.444444444444445,1221.74877676026
Afternoons,CatBoost,9.555555555555555,1216.3255781433038
Afternoons,CatBoost,9.666666666666666,1216.3255781433038
Afternoons,CatBoost,9.777777777777777,1216.3255781433038
Afternoons,CatBoost,9.88888888888889,1216.3255781433038
Afternoons,CatBoost,10.0,1216.3255781433038
Afternoons,CatBoost,10.11111111111111,1216.3255781433038
Afternoons,CatBoost,10.222222222222221,1216.3255781433038
Afternoons,CatBoost,10.333333333333332,1216.3255781433038
Afternoons,CatBoost,10.444444444444445,1216.3255781433038
Afternoons,CatBoost,10.555555555555555,1235.56928679446
Afternoons,CatBoost,10.666666666666666,1235.56928679446
Afternoons,CatBoost,10.777777777777777,1235.56928679446
Afternoons,CatBoost,10.888888888888888,1235.56928679446
Afternoons,CatBoost,11.0,1235.56928679446
Afternoons,CatBoost,11.11111111111111,1235.56928679446
Afternoons,CatBoost,11.222222222222221,1235.56928679446
Afternoons,CatBoost,11.333333333333332,1235.56928679446
Afternoons,CatBoost,11.444444444444445,1235.56928679446
Afternoons,CatBoost,11.555555555555555,1243.0749064312477
Afternoons,CatBoost,11.666666666666666,1243.0749064312477
Afternoons,CatBoost,11.777777777777777,1243.0749064312477
Afternoons,CatBoost,11.888888888888888,1243.0749064312477
Afternoons,CatBoost,12.0,1243.0749064312477
Afternoons,LightGBM,1.0,1156.9946543746792
Afternoons,LightGBM,1.1111111111111112,1156.9946543746792
Afternoons,LightGBM,1.2222222222222223,1156.9946543746792
Afternoons,LightGBM,1.3333333333333333,1156.9946543746792
Afternoons,LightGBM,1.4444444444444444,1156.9946543746792
Afternoons,LightGBM,1.5555555555555556,1219.1772945998146
Afternoons,LightGBM,1.6666666666666665,1219.1772945998146
Afternoons,LightGBM,1.7777777777777777,1219.1772945998146
Afternoons,LightGBM,1.8888888888888888,1219.1772945998146
Afternoons,LightGBM,2.0,1219.1772945998146
Afternoons,LightGBM,2.111111111111111,1219.1772945998146
Afternoons,LightGBM,2.2222222222222223,1219.1772945998146
Afternoons,LightGBM,2.333333333333333,1219.1772945998146
Afternoons,LightGBM,2.4444444444444446,1219.1772945998146
Afternoons,LightGBM,2.5555555555555554,1254.8178372967993
Afternoons,LightGBM,2.6666666666666665,1254.8178372967993
Afternoons,LightGBM,2.7777777777777777,1254.8178372967993
Afternoons,LightGBM,2.888888888888889,1254.8178372967993
Afternoons,LightGBM,3.0,1254.8178372967993
Afternoons,LightGBM,3.111111111111111,1254.8178372967993
Afternoons,LightGBM,3.2222222222222223,1254.8178372967993
Afternoons,LightGBM,3.333333333333333,1254.8178372967993
Afternoons,LightGBM,3.444444444444444,1254.8178372967993
Afternoons,LightGBM,3.5555555555555554,1261.7802757336397
Afternoons,LightGBM,3.6666666666666665,1261.7802757336397
Afternoons,LightGBM,3.7777777777777777,1261.7802757336397
Afternoons,LightGBM,3.888888888888889,1261.7802757336397
Afternoons,LightGBM,4.0,1261.7802757336397
Afternoons,LightGBM,4.111111111111111,1261.7802757336397
Afternoons,LightGBM,4.222222222222221,1261.7802757336397
Afternoons,LightGBM,4.333333333333333,1261.7802757336397
Afternoons,LightGBM,4.444444444444445,1261.7802757336397
Afternoons,LightGBM,4.555555555555555,1202.0877982645932
Afternoons,LightGBM,4.666666666666666,1202.0877982645932
Afternoons,LightGBM,4.777777777777778,1202.0877982645932
Afternoons,LightGBM,4.888888888888889,1202.0877982645932
Afternoons,LightGBM,5.0,1202.0877982645932
Afternoons,LightGBM,5.111111111111111,1202.0877982645932
Afternoons,LightGBM,5.222222222222222,1202.0877982645932
Afternoons,LightGBM,5.333333333333333,1202.0877982645932
Afternoons,LightGBM,5.444444444444445,1202.0877982645932
Afternoons,LightGBM,5.555555555555555,1187.189022677824
Afternoons,LightGBM,5.666666666666666,1187.189022677824
Afternoons,LightGBM,5.777777777777778,1187.189022677824
Afternoons,LightGBM,5.888888888888888,1187.189022677824
Afternoons,LightGBM,6.0,1187.189022677824
Afternoons,LightGBM,6.111111111111111,1187.189022677824
Afternoons,LightGBM,6.222222222222222,1187.189022677824
Afternoons,LightGBM,6.333333333333333,1187.189022677824
Afternoons,LightGBM,6.444444444444444,1187.189022677824
Afternoons,LightGBM,6.555555555555555,1228.548117173539
Afternoons,LightGBM,6.666666666666666,1228.548117173539
Afternoons,LightGBM,6.777777777777778,1228.548117173539
Afternoons,LightGBM,6.888888888888888,1228.548117173539
Afternoons,LightGBM,7.0,1228.548117173539
Afternoons,LightGBM,7.111111111111111,1228.548117173539
Afternoons,LightGBM,7.222222222222221,1228.548117173539
Afternoons,LightGBM,7.333333333333333,1228.548117173539
Afternoons,LightGBM,7.444444444444444,1228.548117173539
Afternoons,LightGBM,7.555555555555555,1223.011988057292
Afternoons,LightGBM,7.666666666666666,1223.011988057292
Afternoons,LightGBM,7.777777777777778,1223.011988057292
Afternoons,LightGBM,7.888888888888888,1223.011988057292
Afternoons,LightGBM,8.0,1223.011988057292
Afternoons,LightGBM,8.11111111111111,1223.011988057292
Afternoons,LightGBM,8.222222222222221,1223.011988057292
Afternoons,LightGBM,8.333333333333332,1223.011988057292
Afternoons,LightGBM,8.444444444444443,1223.011988057292
Afternoons,LightGBM,8.555555555555555,1221.111596723801
Afternoons,LightGBM,8.666666666666666,1221.111596723801
Afternoons,LightGBM,8.777777777777779,1221.111596723801
Afternoons,LightGBM,8.88888888888889,1221.111596723801
Afternoons,LightGBM,9.0,1221.111596723801
Afternoons,LightGBM,9.11111111111111,1221.111596723801
Afternoons,LightGBM,9.222222222222221,1221.111596723801
Afternoons,LightGBM,9.333333333333332,1221.111596723801
Afternoons,LightGBM,9.444444444444445,1221.111596723801
Afternoons,LightGBM,9.555555555555555,1217.6828389331224
Afternoons,LightGBM,9.666666666666666,1217.6828389331224
Afternoons,LightGBM,9.777777777777777,1217.6828389331224
Afternoons,LightGBM,9.88888888888889,1217.6828389331224
Afternoons,LightGBM,10.0,1217.6828389331224
Afternoons,LightGBM,10.11111111111111,1217.6828389331224
Afternoons,LightGBM,10.222222222222221,1217.6828389331224
Afternoons,LightGBM,10.333333333333332,1217.6828389331224
Afternoons,LightGBM,10.444444444444445,1217.6828389331224
Afternoons,LightGBM,10.555555555555555,1228.171661006749
Afternoons,LightGBM,10.666666666666666,1228.171661006749
Afternoons,LightGBM,10.777777777777777,1228.171661006749
Afternoons,LightGBM,10.888888888888888,1228.171661006749
Afternoons,LightGBM,11.0,1228.171661006749
Afternoons,LightGBM,11.11111111111111,1228.171661006749
Afternoons,LightGBM,11.222222222222221,1228.171661006749
Afternoons,LightGBM,11.333333333333332,1228.171661006749
Afternoons,LightGBM,11.444444444444445,1228.171661006749
Afternoons,LightGBM,11.555555555555555,1248.6129389081284
Afternoons,LightGBM,11.666666666666666,1248.6129389081284
Afternoons,LightGBM,11.777777777777777,1248.6129389081284
Afternoons,LightGBM,11.888888888888888,1248.6129389081284
Afternoons,LightGBM,12.0,1248.6129389081284
Afternoons,XGBoost,1.0,1162.241455078125
Afternoons,XGBoost,1.1111111111111112,1162.241455078125
Afternoons,XGBoost,1.2222222222222223,1162.241455078125
Afternoons,XGBoost,1.3333333333333333,1162.241455078125
Afternoons,XGBoost,1.4444444444444444,1162.241455078125
Afternoons,XGBoost,1.5555555555555556,1162.241455078125
Afternoons,XGBoost,1.6666666666666665,1162.241455078125
Afternoons,XGBoost,1.7777777777777777,1162.241455078125
Afternoons,XGBoost,1.8888888888888888,1162.241455078125
Afternoons,XGBoost,2.0,1222.693115234375
Afternoons,XGBoost,2.111111111111111,1222.693115234375
Afternoons,XGBoost,2.2222222222222223,1222.693115234375
Afternoons,XGBoost,2.333333333333333,1222.693115234375
Afternoons,XGBoost,2.4444444444444446,1222.693115234375
Afternoons,XGBoost,2.5555555555555554,1222.693115234375
Afternoons,XGBoost,2.6666666666666665,1222.693115234375
Afternoons,XGBoost,2.7777777777777777,1222.693115234375
Afternoons,XGBoost,2.888888888888889,1222.693115234375
Afternoons,XGBoost,3.0,1265.75927734375
Afternoons,XGBoost,3.111111111111111,1265.75927734375
Afternoons,XGBoost,3.2222222222222223,1265.75927734375
Afternoons,XGBoost,3.333333333333333,1265.75927734375
Afternoons,XGBoost,3.444444444444444,1265.75927734375
Afternoons,XGBoost,3.5555555555555554,1265.75927734375
Afternoons,XGBoost,3.6666666666666665,1265.75927734375
Afternoons,XGBoost,3.7777777777777777,1265.75927734375
Afternoons,XGBoost,3.888888888888889,1265.75927734375
Afternoons,XGBoost,4.0,1262.5604248046875
Afternoons,XGBoost,4.111111111111111,1262.5604248046875
Afternoons,XGBoost,4.222222222222221,1262.5604248046875
Afternoons,XGBoost,4.333333333333333,1262.5604248046875
Afternoons,XGBoost,4.444444444444445,1262.5604248046875
Afternoons,XGBoost,4.555555555555555,1262.5604248046875
Afternoons,XGBoost,4.666666666666666,1262.5604248046875
Afternoons,XGBoost,4.777777777777778,1262.5604248046875
Afternoons,XGBoost,4.888888888888889,1262.5604248046875
Afternoons,XGBoost,5.0,1202.5958251953125
Afternoons,XGBoost,5.111111111111111,1202.5958251953125
Afternoons,XGBoost,5.222222222222222,1202.5958251953125
Afternoons,XGBoost,5.333333333333333,1202.5958251953125
Afternoons,XGBoost,5.444444444444445,1202.5958251953125
Afternoons,XGBoost,5.555555555555555,1202.5958251953125
Afternoons,XGBoost,5.666666666666666,1202.5958251953125
Afternoons,XGBoost,5.777777777777778,1202.5958251953125
Afternoons,XGBoost,5.888888888888888,1202.5958251953125
Afternoons,XGBoost,6.0,1181.9129638671875
Afternoons,XGBoost,6.111111111111111,1181.9129638671875
Afternoons,XGBoost,6.222222222222222,1181.9129638671875
Afternoons,XGBoost,6.333333333333333,1181.9129638671875
Afternoons,XGBoost,6.444444444444444,1181.9129638671875
Afternoons,XGBoost,6.555555555555555,1181.9129638671875
Afternoons,XGBoost,6.666666666666666,1181.9129638671875
Afternoons,XGBoost,6.777777777777778,1181.9129638671875
Afternoons,XGBoost,6.888888888888888,1181.9129638671875
Afternoons,XGBoost,7.0,1240.7637939453125
Afternoons,XGBoost,7.111111111111111,1240.7637939453125
Afternoons,XGBoost,7.222222222222221,1240.7637939453125
Afternoons,XGBoost,7.333333333333333,1240.7637939453125
Afternoons,XGBoost,7.444444444444444,1240.7637939453125
Afternoons,XGBoost,7.555555555555555,1240.7637939453125
Afternoons,XGBoost,7.666666666666666,1240.7637939453125
Afternoons,XGBoost,7.777777777777778,1240.7637939453125
Afternoons,XGBoost,7.888888888888888,1240.7637939453125
Afternoons,XGBoost,8.0,1229.0308837890625
Afternoons,XGBoost,8.11111111111111,1229.0308837890625
Afternoons,XGBoost,8.222222222222221,1229.0308837890625
Afternoons,XGBoost,8.333333333333332,1229.0308837890625
Afternoons,XGBoost,8.444444444444443,1229.0308837890625
Afternoons,XGBoost,8.555555555555555,1229.0308837890625
Afternoons,XGBoost,8.666666666666666,1229.0308837890625
Afternoons,XGBoost,8.777777777777779,1229.0308837890625
Afternoons,XGBoost,8.88888888888889,1229.0308837890625
Afternoons,XGBoost,9.0,1218.5966796875
Afternoons,XGBoost,9.11111111111111,1218.5966796875
Afternoons,XGBoost,9.222222222222221,1218.5966796875
Afternoons,XGBoost,9.333333333333332,1218.5966796875
Afternoons,XGBoost,9.444444444444445,1218.5966796875
Afternoons,XGBoost,9.555555555555555,1218.5966796875
Afternoons,XGBoost,9.666666666666666,1218.5966796875
Afternoons,XGBoost,9.777777777777777,1218.5966796875
Afternoons,XGBoost,9.88888888888889,1218.5966796875
Afternoons,XGBoost,10.0,1220.3905029296875
Afternoons,XGBoost,10.11111111111111,1220.3905029296875
Afternoons,XGBoost,10.222222222222221,1220.3905029296875
Afternoons,XGBoost,10.333333333333332,1220.3905029296875
Afternoons,XGBoost,10.444444444444445,1220.3905029296875
Afternoons,XGBoost,10.555555555555555,1220.3905029296875
Afternoons,XGBoost,10.666666666666666,1220.3905029296875
Afternoons,XGBoost,10.777777777777777,1220.3905029296875
Afternoons,XGBoost,10.888888888888888,1220.3905029296875
Afternoons,XGBoost,11.0,1237.243896484375
Afternoons,XGBoost,11.11111111111111,1237.243896484375
Afternoons,XGBoost,11.222222222222221,1237.243896484375
Afternoons,XGBoost,11.333333333333332,1237.243896484375
Afternoons,XGBoost,11.444444444444445,1237.243896484375
Afternoons,XGBoost,11.555555555555555,1237.243896484375
Afternoons,XGBoost,11.666666666666666,1237.243896484375
Afternoons,XGBoost,11.777777777777777,1237.243896484375
Afternoons,XGBoost,11.888888888888888,1237.243896484375
Afternoons,XGBoost,12.0,1245.1243896484375
Evenings,CatBoost,1.0,514.3049525175119
Evenings,CatBoost,1.1111111111111112,514.3049525175119
Evenings,CatBoost,1.2222222222222223,514.3049525175119
Evenings,CatBoost,1.3333333333333333,514.3049525175119
Evenings,CatBoost,1.4444444444444444,514.3049525175119
Evenings,CatBoost,1.5555555555555556,533.6383438505784
Evenings,CatBoost,1.6666666666666665,533.6383438505784
Evenings,CatBoost,1.7777777777777777,533.6383438505784
Evenings,CatBoost,1.8888888888888888,533.6383438505784
Evenings,CatBoost,2.0,533.6383438505784
Evenings,CatBoost,2.111111111111111,533.6383438505784
Evenings,CatBoost,2.2222222222222223,533.6383438505784
Evenings,CatBoost,2.333333333333333,533.6383438505784
Evenings,CatBoost,2.4444444444444446,533.6383438505784
Evenings,CatBoost,2.5555555555555554,560.9384448520058
Evenings,CatBoost,2.6666666666666665,560.9384448520058
Evenings,CatBoost,2.7777777777777777,560.9384448520058
Evenings,CatBoost,2.888888888888889,560.9384448520058
Evenings,CatBoost,3.0,560.9384448520058
Evenings,CatBoost,3.111111111111111,560.9384448520058
Evenings,CatBoost,3.2222222222222223,560.9384448520058
Evenings,CatBoost,3.333333333333333,560.9384448520058
Evenings,CatBoost,3.444444444444444,560.9384448520058
Evenings,CatBoost,3.5555555555555554,556.6576228209146
Evenings,CatBoost,3.6666666666666665,556.6576228209146
Evenings,CatBoost,3.7777777777777777,556.6576228209146
Evenings,CatBoost,3.888888888888889,556.6576228209146
Evenings,CatBoost,4.0,556.6576228209146
Evenings,CatBoost,4.111111111111111,556.6576228209146
Evenings,CatBoost,4.222222222222221,556.6576228209146
Evenings,CatBoost,4.333333333333333,556.6576228209146
Evenings,CatBoost,4.444444444444445,556.6576228209146
Evenings,CatBoost,4.555555555555555,507.62151699847925
Evenings,CatBoost,4.666666666666666,507.62151699847925
Evenings,CatBoost,4.777777777777778,507.62151699847925
Evenings,CatBoost,4.888888888888889,507.62151699847925
Evenings,CatBoost,5.0,507.62151699847925
Evenings,CatBoost,5.111111111111111,507.62151699847925
Evenings,CatBoost,5.222222222222222,507.62151699847925
Evenings,CatBoost,5.333333333333333,507.62151699847925
Evenings,CatBoost,5.444444444444445,507.62151699847925
Evenings,CatBoost,5.555555555555555,508.71985204523736
Evenings,CatBoost,5.666666666666666,508.71985204523736
Evenings,CatBoost,5.777777777777778,508.71985204523736
Evenings,CatBoost,5.888888888888888,508.71985204523736
Evenings,CatBoost,6.0,508.71985204523736
Evenings,CatBoost,6.111111111111111,508.71985204523736
Evenings,CatBoost,6.222222222222222,508.71985204523736
Evenings,CatBoost,6.333333333333333,508.71985204523736
Evenings,CatBoost,6.444444444444444,508.71985204523736
Evenings,CatBoost,6.555555555555555,514.1487704994564
Evenings,CatBoost,6.666666666666666,514.1487704994564
Evenings,CatBoost,6.777777777777778,514.1487704994564
Evenings,CatBoost,6.888888888888888,514.1487704994564
Evenings,CatBoost,7.0,514.1487704994564
Evenings,CatBoost,7.111111111111111,514.1487704994564
Evenings,CatBoost,7.222222222222221,514.1487704994564
Evenings,CatBoost,7.333333333333333,514.1487704994564
Evenings,CatBoost,7.444444444444444,514.1487704994564
Evenings,CatBoost,7.555555555555555,517.0335751713435
Evenings,CatBoost,7.666666666666666,517.0335751713435
Evenings,CatBoost,7.777777777777778,517.0335751713435
Evenings,CatBoost,7.888888888888888,517.0335751713435
Evenings,CatBoost,8.0,517.0335751713435
Evenings,CatBoost,8.11111111111111,517.0335751713435
Evenings,CatBoost,8.222222222222221,517.0335751713435
Evenings,CatBoost,8.333333333333332,517.0335751713435
Evenings,CatBoost,8.444444444444443,517.0335751713435
Evenings,CatBoost,8.555555555555555,517.0297766730024
Evenings,CatBoost,8.666666666666666,517.0297766730024
Evenings,CatBoost,8.777777777777779,517.0297766730024
Evenings,CatBoost,8.88888888888889,517.0297766730024
Evenings,CatBoost,9.0,517.0297766730024
Evenings,CatBoost,9.11111111111111,517.0297766730024
Evenings,CatBoost,9.222222222222221,517.0297766730024
Evenings,CatBoost,9.333333333333332,517.0297766730024
Evenings,CatBoost,9.444444444444445,517.0297766730024
Evenings,CatBoost,9.555555555555555,528.9197259313166
Evenings,CatBoost,9.666666666666666,528.9197259313166
Evenings,CatBoost,9.777777777777777,528.9197259313166
Evenings,CatBoost,9.88888888888889,528.9197259313166
Evenings,CatBoost,10.0,528.9197259313166
Evenings,CatBoost,10.11111111111111,528.9197259313166
Evenings,CatBoost,10.222222222222221,528.9197259313166
Evenings,CatBoost,10.333333333333332,528.9197259313166
Evenings,CatBoost,10.444444444444445,528.9197259313166
Evenings,CatBoost,10.555555555555555,574.4280687472724
Evenings,CatBoost,10.666666666666666,574.4280687472724
Evenings,CatBoost,10.777777777777777,574.4280687472724
Evenings,CatBoost,10.888888888888888,574.4280687472724
Evenings,CatBoost,11.0,574.4280687472724
Evenings,CatBoost,11.11111111111111,574.4280687472724
Evenings,CatBoost,11.222222222222221,574.4280687472724
Evenings,CatBoost,11.333333333333332,574.4280687472724
Evenings,CatBoost,11.444444444444445,574.4280687472724
Evenings,CatBoost,11.555555555555555,641.0300092392906
Evenings,CatBoost,11.666666666666666,641.0300092392906
Evenings,CatBoost,11.777777777777777,641.0300092392906
Evenings,CatBoost,11.888888888888888,641.0300092392906
Evenings,CatBoost,12.0,641.0300092392906
Evenings,LightGBM,1.0,523.9598039126196
Evenings,LightGBM,1.1111111111111112,523.9598039126196
Evenings,LightGBM,1.2222222222222223,523.9598039126196
Evenings,LightGBM,1.3333333333333333,523.9598039126196
Evenings,LightGBM,1.4444444444444444,523.9598039126196
Evenings,LightGBM,1.5555555555555556,533.3214090144436
Evenings,LightGBM,1.6666666666666665,533.3214090144436
Evenings,LightGBM,1.7777777777777777,533.3214090144436
Evenings,LightGBM,1.8888888888888888,533.3214090144436
Evenings,LightGBM,2.0,533.3214090144436
Evenings,LightGBM,2.111111111111111,533.3214090144436
Evenings,LightGBM,2.2222222222222223,533.3214090144436
Evenings,LightGBM,2.333333333333333,533.3214090144436
Evenings,LightGBM,2.4444444444444446,533.3214090144436
Evenings,LightGBM,2.5555555555555554,554.5835745884968
Evenings,LightGBM,2.6666666666666665,554.5835745884968
Evenings,LightGBM,2.7777777777777777,554.5835745884968
Evenings,LightGBM,2.888888888888889,554.5835745884968
Evenings,LightGBM,3.0,554.5835745884968
Evenings,LightGBM,3.111111111111111,554.5835745884968
Evenings,LightGBM,3.2222222222222223,554.5835745884968
Evenings,LightGBM,3.333333333333333,554.5835745884968
Evenings,LightGBM,3.444444444444444,554.5835745884968
Evenings,LightGBM,3.5555555555555554,554.9842859724477
Evenings,LightGBM,3.6666666666666665,554.9842859724477
Evenings,LightGBM,3.7777777777777777,554.9842859724477
Evenings,LightGBM,3.888888888888889,554.9842859724477
Evenings,LightGBM,4.0,554.9842859724477
Evenings,LightGBM,4.111111111111111,554.9842859724477
Evenings,LightGBM,4.222222222222221,554.9842859724477
Evenings,LightGBM,4.333333333333333,554.9842859724477
Evenings,LightGBM,4.444444444444445,554.9842859724477
Evenings,LightGBM,4.555555555555555,511.2133394452226
Evenings,LightGBM,4.666666666666666,511.2133394452226
Evenings,LightGBM,4.777777777777778,511.2133394452226
Evenings,LightGBM,4.888888888888889,511.2133394452226
Evenings,LightGBM,5.0,511.2133394452226
Evenings,LightGBM,5.111111111111111,511.2133394452226
Evenings,LightGBM,5.222222222222222,511.2133394452226
Evenings,LightGBM,5.333333333333333,511.2133394452226
Evenings,LightGBM,5.444444444444445,511.2133394452226
Evenings,LightGBM,5.555555555555555,510.8053969566155
Evenings,LightGBM,5.666666666666666,510.8053969566155
Evenings,LightGBM,5.777777777777778,510.8053969566155
Evenings,LightGBM,5.888888888888888,510.8053969566155
Evenings,LightGBM,6.0,510.8053969566155
Evenings,LightGBM,6.111111111111111,510.8053969566155
Evenings,LightGBM,6.222222222222222,510.8053969566155
Evenings,LightGBM,6.333333333333333,510.8053969566155
Evenings,LightGBM,6.444444444444444,510.8053969566155
Evenings,LightGBM,6.555555555555555,514.4999319838095
Evenings,LightGBM,6.666666666666666,514.4999319838095
Evenings,LightGBM,6.777777777777778,514.4999319838095
Evenings,LightGBM,6.888888888888888,514.4999319838095
Evenings,LightGBM,7.0,514.4999319838095
Evenings,LightGBM,7.111111111111111,514.4999319838095
Evenings,LightGBM,7.222222222222221,514.4999319838095
Evenings,LightGBM,7.333333333333333,514.4999319838095
Evenings,LightGBM,7.444444444444444,514.4999319838095
Evenings,LightGBM,7.555555555555555,517.5285520060205
Evenings,LightGBM,7.666666666666666,517.5285520060205
Evenings,LightGBM,7.777777777777778,517.5285520060205
Evenings,LightGBM,7.888888888888888,517.5285520060205
Evenings,LightGBM,8.0,517.5285520060205
Evenings,LightGBM,8.11111111111111,517.5285520060205
Evenings,LightGBM,8.222222222222221,517.5285520060205
Evenings,LightGBM,8.333333333333332,517.5285520060205
Evenings,LightGBM,8.444444444444443,517.5285520060205
Evenings,LightGBM,8.555555555555555,518.3098780620834
Evenings,LightGBM,8.666666666666666,518.3098780620834
Evenings,LightGBM,8.777777777777779,518.3098780620834
Evenings,LightGBM,8.88888888888889,518.3098780620834
Evenings,LightGBM,9.0,518.3098780620834
Evenings,LightGBM,9.11111111111111,518.3098780620834
Evenings,LightGBM,9.222222222222221,518.3098780620834
Evenings,LightGBM,9.333333333333332,518.3098780620834
Evenings,LightGBM,9.444444444444445,518.3098780620834
Evenings,LightGBM,9.555555555555555,531.7549918337262
Evenings,LightGBM,9.666666666666666,531.7549918337262
Evenings,LightGBM,9.777777777777777,531.7549918337262
Evenings,LightGBM,9.88888888888889,531.7549918337262
Evenings,LightGBM,10.0,531.7549918337262
Evenings,LightGBM,10.11111111111111,531.7549918337262
Evenings,LightGBM,10.222222222222221,531.7549918337262
Evenings,LightGBM,10.333333333333332,531.7549918337262
Evenings,LightGBM,10.444444444444445,531.7549918337262
Evenings,LightGBM,10.555555555555555,584.7215107276581
Evenings,LightGBM,10.666666666666666,584.7215107276581
Evenings,LightGBM,10.777777777777777,584.7215107276581
Evenings,LightGBM,10.888888888888888,584.7215107276581
Evenings,LightGBM,11.0,584.7215107276581
Evenings,LightGBM,11.11111111111111,584.7215107276581
Evenings,LightGBM,11.222222222222221,584.7215107276581
Evenings,LightGBM,11.333333333333332,584.7215107276581
Evenings,LightGBM,11.444444444444445,584.7215107276581
Evenings,LightGBM,11.555555555555555,640.1679815575887
Evenings,LightGBM,11.666666666666666,640.1679815575887
Evenings,LightGBM,11.777777777777777,640.1679815575887
Evenings,LightGBM,11.888888888888888,640.1679815575887
Evenings,LightGBM,12.0,640.1679815575887
Evenings,XGBoost,1.0,533.1148071289062
Evenings,XGBoost,1.1111111111111112,533.1148071289062
Evenings,XGBoost,1.2222222222222223,533.1148071289062
Evenings,XGBoost,1.3333333333333333,533.1148071289062
Evenings,XGBoost,1.4444444444444444,533.1148071289062
Evenings,XGBoost,1.5555555555555556,533.1148071289062
Evenings,XGBoost,1.6666666666666665,533.1148071289062
Evenings,XGBoost,1.7777777777777777,533.1148071289062
Evenings,XGBoost,1.8888888888888888,533.1148071289062
Evenings,XGBoost,2.0,545.0260009765625
Evenings,XGBoost,2.111111111111111,545.0260009765625
Evenings,XGBoost,2.2222222222222223,545.0260009765625
Evenings,XGBoost,2.333333333333333,545.0260009765625
Evenings,XGBoost,2.4444444444444446,545.0260009765625
Evenings,XGBoost,2.5555555555555554,545.0260009765625
Evenings,XGBoost,2.6666666666666665,545.0260009765625
Evenings,XGBoost,2.7777777777777777,545.0260009765625
Evenings,XGBoost,2.888888888888889,545.0260009765625
Evenings,XGBoost,3.0,562.178466796875
Evenings,XGBoost,3.111111111111111,562.178466796875
Evenings,XGBoost,3.2222222222222223,562.178466796875
Evenings,XGBoost,3.333333333333333,562.178466796875
Evenings,XGBoost,3.444444444444444,562.178466796875
Evenings,XGBoost,3.5555555555555554,562.178466796875
Evenings,XGBoost,3.6666666666666665,562.178466796875
Evenings,XGBoost,3.7777777777777777,562.178466796875
Evenings,XGBoost,3.888888888888889,562.178466796875
Evenings,XGBoost,4.0,559.197509765625
Evenings,XGBoost,4.111111111111111,559.197509765625
Evenings,XGBoost,4.222222222222221,559.197509765625
Evenings,XGBoost,4.333333333333333,559.197509765625
Evenings,XGBoost,4.444444444444445,559.197509765625
Evenings,XGBoost,4.555555555555555,559.197509765625
Evenings,XGBoost,4.666666666666666,559.197509765625
Evenings,XGBoost,4.777777777777778,559.197509765625
Evenings,XGBoost,4.888888888888889,559.197509765625
Evenings,XGBoost,5.0,513.378173828125
Evenings,XGBoost,5.111111111111111,513.378173828125
Evenings,XGBoost,5.222222222222222,513.378173828125
Evenings,XGBoost,5.333333333333333,513.378173828125
Evenings,XGBoost,5.444444444444445,513.378173828125
Evenings,XGBoost,5.555555555555555,513.378173828125
Evenings,XGBoost,5.666666666666666,513.378173828125
Evenings,XGBoost,5.777777777777778,513.378173828125
Evenings,XGBoost,5.888888888888888,513.378173828125
Evenings,XGBoost,6.0,507.03985595703125
Evenings,XGBoost,6.111111111111111,507.03985595703125
Evenings,XGBoost,6.222222222222222,507.03985595703125
Evenings,XGBoost,6.333333333333333,507.03985595703125
Evenings,XGBoost,6.444444444444444,507.03985595703125
Evenings,XGBoost,6.555555555555555,507.03985595703125
Evenings,XGBoost,6.666666666666666,507.03985595703125
Evenings,XGBoost,6.777777777777778,507.03985595703125
Evenings,XGBoost,6.888888888888888,507.03985595703125
Evenings,XGBoost,7.0,513.33544921875
Evenings,XGBoost,7.111111111111111,513.33544921875
Evenings,XGBoost,7.222222222222221,513.33544921875
Evenings,XGBoost,7.333333333333333,513.33544921875
Evenings,XGBoost,7.444444444444444,513.33544921875
Evenings,XGBoost,7.555555555555555,513.33544921875
Evenings,XGBoost,7.666666666666666,513.33544921875
Evenings,XGBoost,7.777777777777778,513.33544921875
Evenings,XGBoost,7.888888888888888,513.33544921875
Evenings,XGBoost,8.0,518.9171142578125
Evenings,XGBoost,8.11111111111111,518.9171142578125
Evenings,XGBoost,8.222222222222221,518.9171142578125
Evenings,XGBoost,8.333333333333332,518.9171142578125
Evenings,XGBoost,8.444444444444443,518.9171142578125
Evenings,XGBoost,8.555555555555555,518.9171142578125
Evenings,XGBoost,8.666666666666666,518.9171142578125
Evenings,XGBoost,8.777777777777779,518.9171142578125
Evenings,XGBoost,8.88888888888889,518.9171142578125
Evenings,XGBoost,9.0,521.2218017578125
Evenings,XGBoost,9.11111111111111,521.2218017578125
Evenings,XGBoost,9.222222222222221,521.2218017578125
Evenings,XGBoost,9.333333333333332,521.2218017578125
Evenings,XGBoost,9.444444444444445,521.2218017578125
Evenings,XGBoost,9.555555555555555,521.2218017578125
Evenings,XGBoost,9.666666666666666,521.2218017578125
Evenings,XGBoost,9.777777777777777,521.2218017578125
Evenings,XGBoost,9.88888888888889,521.2218017578125
Evenings,XGBoost,10.0,533.169921875
Evenings,XGBoost,10.11111111111111,533.169921875
Evenings,XGBoost,10.222222222222221,533.169921875
Evenings,XGBoost,10.333333333333332,533.169921875
Evenings,XGBoost,10.444444444444445,533.169921875
Evenings,XGBoost,10.555555555555555,533.169921875
Evenings,XGBoost,10.666666666666666,533.169921875
Evenings,XGBoost,10.777777777777777,533.169921875
Evenings,XGBoost,10.888888888888888,533.169921875
Evenings,XGBoost,11.0,580.4259033203125
Evenings,XGBoost,11.11111111111111,580.4259033203125
Evenings,XGBoost,11.222222222222221,580.4259033203125
Evenings,XGBoost,11.333333333333332,580.4259033203125
Evenings,XGBoost,11.444444444444445,580.4259033203125
Evenings,XGBoost,11.555555555555555,580.4259033203125
Evenings,XGBoost,11.666666666666666,580.4259033203125
Evenings,XGBoost,11.777777777777777,580.4259033203125
Evenings,XGBoost,11.888888888888888,580.4259033203125
Evenings,XGBoost,12.0,643.3182373046875
Mornings Special,CatBoost,1.0,254.39227711209566
Mornings Special,CatBoost,1.1111111111111112,254.39227711209566
Mornings Special,CatBoost,1.2222222222222223,254.39227711209566
Mornings Special,CatBoost,1.3333333333333333,254.39227711209566
Mornings Special,CatBoost,1.4444444444444444,254.39227711209566
Mornings Special,CatBoost,1.5555555555555556,271.0183349406735
Mornings Special,CatBoost,1.6666666666666665,271.0183349406735
Mornings Special,CatBoost,1.7777777777777777,271.0183349406735
Mornings Special,CatBoost,1.8888888888888888,271.0183349406735
Mornings Special,CatBoost,2.0,271.0183349406735
Mornings Special,CatBoost,2.111111111111111,271.0183349406735
Mornings Special,CatBoost,2.2222222222222223,271.0183349406735
Mornings Special,CatBoost,2.333333333333333,271.0183349406735
Mornings Special,CatBoost,2.4444444444444446,271.0183349406735
Mornings Special,CatBoost,2.5555555555555554,302.24578328195764
Mornings Special,CatBoost,2.6666666666666665,302.24578328195764
Mornings Special,CatBoost,2.7777777777777777,302.24578328195764
Mornings Special,CatBoost,2.888888888888889,302.24578328195764
Mornings Special,CatBoost,3.0,302.24578328195764
Mornings Special,CatBoost,3.111111111111111,302.24578328195764
Mornings Special,CatBoost,3.2222222222222223,302.24578328195764
Mornings Special,CatBoost,3.333333333333333,302.24578328195764
Mornings Special,CatBoost,3.444444444444444,302.24578328195764
Mornings Special,CatBoost,3.5555555555555554,312.49335457313873
Mornings Special,CatBoost,3.6666666666666665,312.49335457313873
Mornings Special,CatBoost,3.7777777777777777,312.49335457313873
Mornings Special,CatBoost,3.888888888888889,312.49335457313873
Mornings Special,CatBoost,4.0,312.49335457313873
Mornings Special,CatBoost,4.111111111111111,312.49335457313873
Mornings Special,CatBoost,4.222222222222221,312.49335457313873
Mornings Special,CatBoost,4.333333333333333,312.49335457313873
Mornings Special,CatBoost,4.444444444444445,312.49335457313873
Mornings Special,CatBoost,4.555555555555555,298.761980278518
Mornings Special,CatBoost,4.666666666666666,298.761980278518
Mornings Special,CatBoost,4.777777777777778,298.761980278518
Mornings Special,CatBoost,4.888888888888889,298.761980278518
Mornings Special,CatBoost,5.0,298.761980278518
Mornings Special,CatBoost,5.111111111111111,298.761980278518
Mornings Special,CatBoost,5.222222222222222,298.761980278518
Mornings Special,CatBoost,5.333333333333333,298.761980278518
Mornings Special,CatBoost,5.444444444444445,298.761980278518
Mornings Special,CatBoost,5.555555555555555,297.01680956852186
Mornings Special,CatBoost,5.666666666666666,297.01680956852186
Mornings Special,CatBoost,5.777777777777778,297.01680956852186
Mornings Special,CatBoost,5.888888888888888,297.01680956852186
Mornings Special,CatBoost,6.0,297.01680956852186
Mornings Special,CatBoost,6.111111111111111,297.01680956852186
Mornings Special,CatBoost,6.222222222222222,297.01680956852186
Mornings Special,CatBoost,6.333333333333333,297.01680956852186
Mornings Special,CatBoost,6.444444444444444,297.01680956852186
Mornings Special,CatBoost,6.555555555555555,311.88451278083187
Mornings Special,CatBoost,6.666666666666666,311.88451278083187
Mornings Special,CatBoost,6.777777777777778,311.88451278083187
Mornings Special,CatBoost,6.888888888888888,311.88451278083187
Mornings Special,CatBoost,7.0,311.88451278083187
Mornings Special,CatBoost,7.111111111111111,311.88451278083187
Mornings Special,CatBoost,7.222222222222221,311.88451278083187
Mornings Special,CatBoost,7.333333333333333,311.88451278083187
Mornings Special,CatBoost,7.444444444444444,311.88451278083187
Mornings Special,CatBoost,7.555555555555555,314.65218297768155
Mornings Special,CatBoost,7.666666666666666,314.65218297768155
Mornings Special,CatBoost,7.777777777777778,314.65218297768155
Mornings Special,CatBoost,7.888888888888888,314.65218297768155
Mornings Special,CatBoost,8.0,314.65218297768155
Mornings Special,CatBoost,8.11111111111111,314.65218297768155
Mornings Special,CatBoost,8.222222222222221,314.65218297768155
Mornings Special,CatBoost,8.333333333333332,314.65218297768155
Mornings Special,CatBoost,8.444444444444443,314.65218297768155
Mornings Special,CatBoost,8.555555555555555,315.4446797113596
Mornings Special,CatBoost,8.666666666666666,315.4446797113596
Mornings Special,CatBoost,8.777777777777779,315.4446797113596
Mornings Special,CatBoost,8.88888888888889,315.4446797113596
Mornings Special,CatBoost,9.0,315.4446797113596
Mornings Special,CatBoost,9.11111111111111,315.4446797113596
Mornings Special,CatBoost,9.222222222222221,315.4446797113596
Mornings Special,CatBoost,9.333333333333332,315.4446797113596
Mornings Special,CatBoost,9.444444444444445,315.4446797113596
Mornings Special,CatBoost,9.555555555555555,319.6971180308975
Mornings Special,CatBoost,9.666666666666666,319.6971180308975
Mornings Special,CatBoost,9.777777777777777,319.6971180308975
Mornings Special,CatBoost,9.88888888888889,319.6971180308975
Mornings Special,CatBoost,10.0,319.6971180308975
Mornings Special,CatBoost,10.11111111111111,319.6971180308975
Mornings Special,CatBoost,10.222222222222221,319.6971180308975
Mornings Special,CatBoost,10.333333333333332,319.6971180308975
Mornings Special,CatBoost,10.444444444444445,319.6971180308975
Mornings Special,CatBoost,10.555555555555555,303.7904593540439
Mornings Special,CatBoost,10.666666666666666,303.7904593540439
Mornings Special,CatBoost,10.777777777777777,303.7904593540439
Mornings Special,CatBoost,10.888888888888888,303.7904593540439
Mornings Special,CatBoost,11.0,303.7904593540439
Mornings Special,CatBoost,11.11111111111111,303.7904593540439
Mornings Special,CatBoost,11.222222222222221,303.7904593540439
Mornings Special,CatBoost,11.333333333333332,303.7904593540439
Mornings Special,CatBoost,11.444444444444445,303.7904593540439
Mornings Special,CatBoost,11.555555555555555,296.7885616981257
Mornings Special,CatBoost,11.666666666666666,296.7885616981257
Mornings Special,CatBoost,11.777777777777777,296.7885616981257
Mornings Special,CatBoost,11.888888888888888,296.7885616981257
Mornings Special,CatBoost,12.0,296.7885616981257
Mornings Special,LightGBM,1.0,256.65575430262635
Mornings Special,LightGBM,1.1111111111111112,256.65575430262635
Mornings Special,LightGBM,1.2222222222222223,256.65575430262635
Mornings Special,LightGBM,1.3333333333333333,256.65575430262635
Mornings Special,LightGBM,1.4444444444444444,256.65575430262635
Mornings Special,LightGBM,1.5555555555555556,282.38510089388217
Mornings Special,LightGBM,1.6666666666666665,282.38510089388217
Mornings Special,LightGBM,1.7777777777777777,282.38510089388217
Mornings Special,LightGBM,1.8888888888888888,282.38510089388217
Mornings Special,LightGBM,2.0,282.38510089388217
Mornings Special,LightGBM,2.111111111111111,282.38510089388217
Mornings Special,LightGBM,2.2222222222222223,282.38510089388217
Mornings Special,LightGBM,2.333333333333333,282.38510089388217
Mornings Special,LightGBM,2.4444444444444446,282.38510089388217
Mornings Special,LightGBM,2.5555555555555554,321.0821999924085
Mornings Special,LightGBM,2.6666666666666665,321.0821999924085
Mornings Special,LightGBM,2.7777777777777777,321.0821999924085
Mornings Special,LightGBM,2.888888888888889,321.0821999924085
Mornings Special,LightGBM,3.0,321.0821999924085
Mornings Special,LightGBM,3.111111111111111,321.0821999924085
Mornings Special,LightGBM,3.2222222222222223,321.0821999924085
Mornings Special,LightGBM,3.333333333333333,321.0821999924085
Mornings Special,LightGBM,3.444444444444444,321.0821999924085
Mornings Special,LightGBM,3.5555555555555554,328.54712616235526
Mornings Special,LightGBM,3.6666666666666665,328.54712616235526
Mornings Special,LightGBM,3.7777777777777777,328.54712616235526
Mornings Special,LightGBM,3.888888888888889,328.54712616235526
Mornings Special,LightGBM,4.0,328.54712616235526
Mornings Special,LightGBM,4.111111111111111,328.54712616235526
Mornings Special,LightGBM,4.222222222222221,328.54712616235526
Mornings Special,LightGBM,4.333333333333333,328.54712616235526
Mornings Special,LightGBM,4.444444444444445,328.54712616235526
Mornings Special,LightGBM,4.555555555555555,296.26419698013785
Mornings Special,LightGBM,4.666666666666666,296.26419698013785
Mornings Special,LightGBM,4.777777777777778,296.26419698013785
Mornings Special,LightGBM,4.888888888888889,296.26419698013785
Mornings Special,LightGBM,5.0,296.26419698013785
Mornings Special,LightGBM,5.111111111111111,296.26419698013785
Mornings Special,LightGBM,5.222222222222222,296.26419698013785
Mornings Special,LightGBM,5.333333333333333,296.26419698013785
Mornings Special,LightGBM,5.444444444444445,296.26419698013785
Mornings Special,LightGBM,5.555555555555555,274.4476161938084
Mornings Special,LightGBM,5.666666666666666,274.4476161938084
Mornings Special,LightGBM,5.777777777777778,274.4476161938084
Mornings Special,LightGBM,5.888888888888888,274.4476161938084
Mornings Special,LightGBM,6.0,274.4476161938084
Mornings Special,LightGBM,6.111111111111111,274.4476161938084
Mornings Special,LightGBM,6.222222222222222,274.4476161938084
Mornings Special,LightGBM,6.333333333333333,274.4476161938084
Mornings Special,LightGBM,6.444444444444444,274.4476161938084
Mornings Special,LightGBM,6.555555555555555,306.28462194646767
Mornings Special,LightGBM,6.666666666666666,306.28462194646767
Mornings Special,LightGBM,6.777777777777778,306.28462194646767
Mornings Special,LightGBM,6.888888888888888,306.28462194646767
Mornings Special,LightGBM,7.0,306.28462194646767
Mornings Special,LightGBM,7.111111111111111,306.28462194646767
Mornings Special,LightGBM,7.222222222222221,306.28462194646767
Mornings Special,LightGBM,7.333333333333333,306.28462194646767
Mornings Special,LightGBM,7.444444444444444,306.28462194646767
Mornings Special,LightGBM,7.555555555555555,298.1134476409249
Mornings Special,LightGBM,7.666666666666666,298.1134476409249
Mornings Special,LightGBM,7.777777777777778,298.1134476409249
Mornings Special,LightGBM,7.888888888888888,298.1134476409249
Mornings Special,LightGBM,8.0,298.1134476409249
Mornings Special,LightGBM,8.11111111111111,298.1134476409249
Mornings Special,LightGBM,8.222222222222221,298.1134476409249
Mornings Special,LightGBM,8.333333333333332,298.1134476409249
Mornings Special,LightGBM,8.444444444444443,298.1134476409249
Mornings Special,LightGBM,8.555555555555555,306.60116923742333
Mornings Special,LightGBM,8.666666666666666,306.60116923742333
Mornings Special,LightGBM,8.777777777777779,306.60116923742333
Mornings Special,LightGBM,8.88888888888889,306.60116923742333
Mornings Special,LightGBM,9.0,306.60116923742333
Mornings Special,LightGBM,9.11111111111111,306.60116923742333
Mornings Special,LightGBM,9.222222222222221,306.60116923742333
Mornings Special,LightGBM,9.333333333333332,306.60116923742333
Mornings Special,LightGBM,9.444444444444445,306.60116923742333
Mornings Special,LightGBM,9.555555555555555,323.15058232140024
Mornings Special,LightGBM,9.666666666666666,323.15058232140024
Mornings Special,LightGBM,9.777777777777777,323.15058232140024
Mornings Special,LightGBM,9.88888888888889,323.15058232140024
Mornings Special,LightGBM,10.0,323.15058232140024
Mornings Special,LightGBM,10.11111111111111,323.15058232140024
Mornings Special,LightGBM,10.222222222222221,323.15058232140024
Mornings Special,LightGBM,10.333333333333332,323.15058232140024
Mornings Special,LightGBM,10.444444444444445,323.15058232140024
Mornings Special,LightGBM,10.555555555555555,305.1630743781377
Mornings Special,LightGBM,10.666666666666666,305.1630743781377
Mornings Special,LightGBM,10.777777777777777,305.1630743781377
Mornings Special,LightGBM,10.888888888888888,305.1630743781377
Mornings Special,LightGBM,11.0,305.1630743781377
Mornings Special,LightGBM,11.11111111111111,305.1630743781377
Mornings Special,LightGBM,11.222222222222221,305.1630743781377
Mornings Special,LightGBM,11.333333333333332,305.1630743781377
Mornings Special,LightGBM,11.444444444444445,305.1630743781377
Mornings Special,LightGBM,11.555555555555555,300.7200725377373
Mornings Special,LightGBM,11.666666666666666,300.7200725377373
Mornings Special,LightGBM,11.777777777777777,300.7200725377373
Mornings Special,LightGBM,11.888888888888888,300.7200725377373
Mornings Special,LightGBM,12.0,300.7200725377373
Mornings Special,XGBoost,1.0,254.31216430664062
Mornings Special,XGBoost,1.1111111111111112,254.31216430664062
Mornings Special,XGBoost,1.2222222222222223,254.31216430664062
Mornings Special,XGBoost,1.3333333333333333,254.31216430664062
Mornings Special,XGBoost,1.4444444444444444,254.31216430664062
Mornings Special,XGBoost,1.5555555555555556,254.31216430664062
Mornings Special,XGBoost,1.6666666666666665,254.31216430664062
Mornings Special,XGBoost,1.7777777777777777,254.31216430664062
Mornings Special,XGBoost,1.8888888888888888,254.31216430664062
Mornings Special,XGBoost,2.0,270.0779113769531
Mornings Special,XGBoost,2.111111111111111,270.0779113769531
Mornings Special,XGBoost,2.2222222222222223,270.0779113769531
Mornings Special,XGBoost,2.333333333333333,270.0779113769531
Mornings Special,XGBoost,2.4444444444444446,270.0779113769531
Mornings Special,XGBoost,2.5555555555555554,270.0779113769531
Mornings Special,XGBoost,2.6666666666666665,270.0779113769531
Mornings Special,XGBoost,2.7777777777777777,270.0779113769531
Mornings Special,XGBoost,2.888888888888889,270.0779113769531
Mornings Special,XGBoost,3.0,307.07568359375
Mornings Special,XGBoost,3.111111111111111,307.07568359375
Mornings Special,XGBoost,3.2222222222222223,307.07568359375
Mornings Special,XGBoost,3.333333333333333,307.07568359375
Mornings Special,XGBoost,3.444444444444444,307.07568359375
Mornings Special,XGBoost,3.5555555555555554,307.07568359375
Mornings Special,XGBoost,3.6666666666666665,307.07568359375
Mornings Special,XGBoost,3.7777777777777777,307.07568359375
Mornings Special,XGBoost,3.888888888888889,307.07568359375
Mornings Special,XGBoost,4.0,321.2612609863281
Mornings Special,XGBoost,4.111111111111111,321.2612609863281
Mornings Special,XGBoost,4.222222222222221,321.2612609863281
Mornings Special,XGBoost,4.333333333333333,321.2612609863281
Mornings Special,XGBoost,4.444444444444445,321.2612609863281
Mornings Special,XGBoost,4.555555555555555,321.2612609863281
Mornings Special,XGBoost,4.666666666666666,321.2612609863281
Mornings Special,XGBoost,4.777777777777778,321.2612609863281
Mornings Special,XGBoost,4.888888888888889,321.2612609863281
Mornings Special,XGBoost,5.0,302.3616943359375
Mornings Special,XGBoost,5.111111111111111,302.3616943359375
Mornings Special,XGBoost,5.222222222222222,302.3616943359375
Mornings Special,XGBoost,5.333333333333333,302.3616943359375
Mornings Special,XGBoost,5.444444444444445,302.3616943359375
Mornings Special,XGBoost,5.555555555555555,302.3616943359375
Mornings Special,XGBoost,5.666666666666666,302.3616943359375
Mornings Special,XGBoost,5.777777777777778,302.3616943359375
Mornings Special,XGBoost,5.888888888888888,302.3616943359375
Mornings Special,XGBoost,6.0,304.1445617675781
Mornings Special,XGBoost,6.111111111111111,304.1445617675781
Mornings Special,XGBoost,6.222222222222222,304.1445617675781
Mornings Special,XGBoost,6.333333333333333,304.1445617675781
Mornings Special,XGBoost,6.444444444444444,304.1445617675781
Mornings Special,XGBoost,6.555555555555555,304.1445617675781
Mornings Special,XGBoost,6.666666666666666,304.1445617675781
Mornings Special,XGBoost,6.777777777777778,304.1445617675781
Mornings Special,XGBoost,6.888888888888888,304.1445617675781
Mornings Special,XGBoost,7.0,318.54742431640625
Mornings Special,XGBoost,7.111111111111111,318.54742431640625
Mornings Special,XGBoost,7.222222222222221,318.54742431640625
Mornings Special,XGBoost,7.333333333333333,318.54742431640625
Mornings Special,XGBoost,7.444444444444444,318.54742431640625
Mornings Special,XGBoost,7.555555555555555,318.54742431640625
Mornings Special,XGBoost,7.666666666666666,318.54742431640625
Mornings Special,XGBoost,7.777777777777778,318.54742431640625
Mornings Special,XGBoost,7.888888888888888,318.54742431640625
Mornings Special,XGBoost,8.0,317.62744140625
Mornings Special,XGBoost,8.11111111111111,317.62744140625
Mornings Special,XGBoost,8.222222222222221,317.62744140625
Mornings Special,XGBoost,8.333333333333332,317.62744140625
Mornings Special,XGBoost,8.444444444444443,317.62744140625
Mornings Special,XGBoost,8.555555555555555,317.62744140625
Mornings Special,XGBoost,8.666666666666666,317.62744140625
Mornings Special,XGBoost,8.777777777777779,317.62744140625
Mornings Special,XGBoost,8.88888888888889,317.62744140625
Mornings Special,XGBoost,9.0,317.3294372558594
Mornings Special,XGBoost,9.11111111111111,317.3294372558594
Mornings Special,XGBoost,9.222222222222221,317.3294372558594
Mornings Special,XGBoost,9.333333333333332,317.3294372558594
Mornings Special,XGBoost,9.444444444444445,317.3294372558594
Mornings Special,XGBoost,9.555555555555555,317.3294372558594
Mornings Special,XGBoost,9.666666666666666,317.3294372558594
Mornings Special,XGBoost,9.777777777777777,317.3294372558594
Mornings Special,XGBoost,9.88888888888889,317.3294372558594
Mornings Special,XGBoost,10.0,319.9885559082031
Mornings Special,XGBoost,10.11111111111111,319.9885559082031
Mornings Special,XGBoost,10.222222222222221,319.9885559082031
Mornings Special,XGBoost,10.333333333333332,319.9885559082031
Mornings Special,XGBoost,10.444444444444445,319.9885559082031
Mornings Special,XGBoost,10.555555555555555,319.9885559082031
Mornings Special,XGBoost,10.666666666666666,319.9885559082031
Mornings Special,XGBoost,10.777777777777777,319.9885559082031
Mornings Special,XGBoost,10.888888888888888,319.9885559082031
Mornings Special,XGBoost,11.0,303.83367919921875
Mornings Special,XGBoost,11.11111111111111,303.83367919921875
Mornings Special,XGBoost,11.222222222222221,303.83367919921875
Mornings Special,XGBoost,11.333333333333332,303.83367919921875
Mornings Special,XGBoost,11.444444444444445,303.83367919921875
Mornings Special,XGBoost,11.555555555555555,303.83367919921875
Mornings Special,XGBoost,11.666666666666666,303.83367919921875
Mornings Special,XGBoost,11.777777777777777,303.83367919921875
Mornings Special,XGBoost,11.888888888888888,303.83367919921875
Mornings Special,XGBoost,12.0,301.5718078613281
Lunches Special,CatBoost,1.0,869.5380156384621
Lunches Special,CatBoost,1.1111111111111112,869.5380156384621
Lunches Special,CatBoost,1.2222222222222223,869.5380156384621
Lunches Special,CatBoost,1.3333333333333333,869.5380156384621
Lunches Special,CatBoost,1.4444444444444444,869.5380156384621
Lunches Special,CatBoost,1.5555555555555556,930.633710355881
Lunches Special,CatBoost,1.6666666666666665,930.633710355881
Lunches Special,CatBoost,1.7777777777777777,930.633710355881
Lunches Special,CatBoost,1.8888888888888888,930.633710355881
Lunches Special,CatBoost,2.0,930.633710355881
Lunches Special,CatBoost,2.111111111111111,930.633710355881
Lunches Special,CatBoost,2.2222222222222223,930.633710355881
Lunches Special,CatBoost,2.333333333333333,930.633710355881
Lunches Special,CatBoost,2.4444444444444446,930.633710355881
Lunches Special,CatBoost,2.5555555555555554,1000.9366069133191
Lunches Special,CatBoost,2.6666666666666665,1000.9366069133191
Lunches Special,CatBoost,2.7777777777777777,1000.9366069133191
Lunches Special,CatBoost,2.888888888888889,1000.9366069133191
Lunches Special,CatBoost,3.0,1000.9366069133191
Lunches Special,CatBoost,3.111111111111111,1000.9366069133191
Lunches Special,CatBoost,3.2222222222222223,1000.9366069133191
Lunches Special,CatBoost,3.333333333333333,1000.9366069133191
Lunches Special,CatBoost,3.444444444444444,1000.9366069133191
Lunches Special,CatBoost,3.5555555555555554,999.0441401565421
Lunches Special,CatBoost,3.6666666666666665,999.0441401565421
Lunches Special,CatBoost,3.7777777777777777,999.0441401565421
Lunches Special,CatBoost,3.888888888888889,999.0441401565421
Lunches Special,CatBoost,4.0,999.0441401565421
Lunches Special,CatBoost,4.111111111111111,999.0441401565421
Lunches Special,CatBoost,4.222222222222221,999.0441401565421
Lunches Special,CatBoost,4.333333333333333,999.0441401565421
Lunches Special,CatBoost,4.444444444444445,999.0441401565421
Lunches Special,CatBoost,4.555555555555555,942.3791776679119
Lunches Special,CatBoost,4.666666666666666,942.3791776679119
Lunches Special,CatBoost,4.777777777777778,942.3791776679119
Lunches Special,CatBoost,4.888888888888889,942.3791776679119
Lunches Special,CatBoost,5.0,942.3791776679119
Lunches Special,CatBoost,5.111111111111111,942.3791776679119
Lunches Special,CatBoost,5.222222222222222,942.3791776679119
Lunches Special,CatBoost,5.333333333333333,942.3791776679119
Lunches Special,CatBoost,5.444444444444445,942.3791776679119
Lunches Special,CatBoost,5.555555555555555,940.1120749245034
Lunches Special,CatBoost,5.666666666666666,940.1120749245034
Lunches Special,CatBoost,5.777777777777778,940.1120749245034
Lunches Special,CatBoost,5.888888888888888,940.1120749245034
Lunches Special,CatBoost,6.0,940.1120749245034
Lunches Special,CatBoost,6.111111111111111,940.1120749245034
Lunches Special,CatBoost,6.222222222222222,940.1120749245034
Lunches Special,CatBoost,6.333333333333333,940.1120749245034
Lunches Special,CatBoost,6.444444444444444,940.1120749245034
Lunches Special,CatBoost,6.555555555555555,982.2809412779877
Lunches Special,CatBoost,6.666666666666666,982.2809412779877
Lunches Special,CatBoost,6.777777777777778,982.2809412779877
Lunches Special,CatBoost,6.888888888888888,982.2809412779877
Lunches Special,CatBoost,7.0,982.2809412779877
Lunches Special,CatBoost,7.111111111111111,982.2809412779877
Lunches Special,CatBoost,7.222222222222221,982.2809412779877
Lunches Special,CatBoost,7.333333333333333,982.2809412779877
Lunches Special,CatBoost,7.444444444444444,982.2809412779877
Lunches Special,CatBoost,7.555555555555555,984.1318693210657
Lunches Special,CatBoost,7.666666666666666,984.1318693210657
Lunches Special,CatBoost,7.777777777777778,984.1318693210657
Lunches Special,CatBoost,7.888888888888888,984.1318693210657
Lunches Special,CatBoost,8.0,984.1318693210657
Lunches Special,CatBoost,8.11111111111111,984.1318693210657
Lunches Special,CatBoost,8.222222222222221,984.1318693210657
Lunches Special,CatBoost,8.333333333333332,984.1318693210657
Lunches Special,CatBoost,8.444444444444443,984.1318693210657
Lunches Special,CatBoost,8.555555555555555,943.7515060180775
Lunches Special,CatBoost,8.666666666666666,943.7515060180775
Lunches Special,CatBoost,8.777777777777779,943.7515060180775
Lunches Special,CatBoost,8.88888888888889,943.7515060180775
Lunches Special,CatBoost,9.0,943.7515060180775
Lunches Special,CatBoost,9.11111111111111,943.7515060180775
Lunches Special,CatBoost,9.222222222222221,943.7515060180775
Lunches Special,CatBoost,9.333333333333332,943.7515060180775
Lunches Special,CatBoost,9.444444444444445,943.7515060180775
Lunches Special,CatBoost,9.555555555555555,942.5238793500021
Lunches Special,CatBoost,9.666666666666666,942.5238793500021
Lunches Special,CatBoost,9.777777777777777,942.5238793500021
Lunches Special,CatBoost,9.88888888888889,942.5238793500021
Lunches Special,CatBoost,10.0,942.5238793500021
Lunches Special,CatBoost,10.11111111111111,942.5238793500021
Lunches Special,CatBoost,10.222222222222221,942.5238793500021
Lunches Special,CatBoost,10.333333333333332,942.5238793500021
Lunches Special,CatBoost,10.444444444444445,942.5238793500021
Lunches Special,CatBoost,10.555555555555555,912.2145775050154
Lunches Special,CatBoost,10.666666666666666,912.2145775050154
Lunches Special,CatBoost,10.777777777777777,912.2145775050154
Lunches Special,CatBoost,10.888888888888888,912.2145775050154
Lunches Special,CatBoost,11.0,912.2145775050154
Lunches Special,CatBoost,11.11111111111111,912.2145775050154
Lunches Special,CatBoost,11.222222222222221,912.2145775050154
Lunches Special,CatBoost,11.333333333333332,912.2145775050154
Lunches Special,CatBoost,11.444444444444445,912.2145775050154
Lunches Special,CatBoost,11.555555555555555,966.4779873701734
Lunches Special,CatBoost,11.666666666666666,966.4779873701734
Lunches Special,CatBoost,11.777777777777777,966.4779873701734
Lunches Special,CatBoost,11.888888888888888,966.4779873701734
Lunches Special,CatBoost,12.0,966.4779873701734
Lunches Special,LightGBM,1.0,875.2033595016956
Lunches Special,LightGBM,1.1111111111111112,875.2033595016956
Lunches Special,LightGBM,1.2222222222222223,875.2033595016956
Lunches Special,LightGBM,1.3333333333333333,875.2033595016956
Lunches Special,LightGBM,1.4444444444444444,875.2033595016956
Lunches Special,LightGBM,1.5555555555555556,928.423529211917
Lunches Special,LightGBM,1.6666666666666665,928.423529211917
Lunches Special,LightGBM,1.7777777777777777,928.423529211917
Lunches Special,LightGBM,1.8888888888888888,928.423529211917
Lunches Special,LightGBM,2.0,928.423529211917
Lunches Special,LightGBM,2.111111111111111,928.423529211917
Lunches Special,LightGBM,2.2222222222222223,928.423529211917
Lunches Special,LightGBM,2.333333333333333,928.423529211917
Lunches Special,LightGBM,2.4444444444444446,928.423529211917
Lunches Special,LightGBM,2.5555555555555554,998.4888789058742
Lunches Special,LightGBM,2.6666666666666665,998.4888789058742
Lunches Special,LightGBM,2.7777777777777777,998.4888789058742
Lunches Special,LightGBM,2.888888888888889,998.4888789058742
Lunches Special,LightGBM,3.0,998.4888789058742
Lunches Special,LightGBM,3.111111111111111,998.4888789058742
Lunches Special,LightGBM,3.2222222222222223,998.4888789058742
Lunches Special,LightGBM,3.333333333333333,998.4888789058742
Lunches Special,LightGBM,3.444444444444444,998.4888789058742
Lunches Special,LightGBM,3.5555555555555554,998.6226498508335
Lunches Special,LightGBM,3.6666666666666665,998.6226498508335
Lunches Special,LightGBM,3.7777777777777777,998.6226498508335
Lunches Special,LightGBM,3.888888888888889,998.6226498508335
Lunches Special,LightGBM,4.0,998.6226498508335
Lunches Special,LightGBM,4.111111111111111,998.6226498508335
Lunches Special,LightGBM,4.222222222222221,998.6226498508335
Lunches Special,LightGBM,4.333333333333333,998.6226498508335
Lunches Special,LightGBM,4.444444444444445,998.6226498508335
Lunches Special,LightGBM,4.555555555555555,941.9565944547749
Lunches Special,LightGBM,4.666666666666666,941.9565944547749
Lunches Special,LightGBM,4.777777777777778,941.9565944547749
Lunches Special,LightGBM,4.888888888888889,941.9565944547749
Lunches Special,LightGBM,5.0,941.9565944547749
Lunches Special,LightGBM,5.111111111111111,941.9565944547749
Lunches Special,LightGBM,5.222222222222222,941.9565944547749
Lunches Special,LightGBM,5.333333333333333,941.9565944547749
Lunches Special,LightGBM,5.444444444444445,941.9565944547749
Lunches Special,LightGBM,5.555555555555555,947.3571854954212
Lunches Special,LightGBM,5.666666666666666,947.3571854954212
Lunches Special,LightGBM,5.777777777777778,947.3571854954212
Lunches Special,LightGBM,5.888888888888888,947.3571854954212
Lunches Special,LightGBM,6.0,947.3571854954212
Lunches Special,LightGBM,6.111111111111111,947.3571854954212
Lunches Special,LightGBM,6.222222222222222,947.3571854954212
Lunches Special,LightGBM,6.333333333333333,947.3571854954212
Lunches Special,LightGBM,6.444444444444444,947.3571854954212
Lunches Special,LightGBM,6.555555555555555,980.2170408879423
Lunches Special,LightGBM,6.666666666666666,980.2170408879423
Lunches Special,LightGBM,6.777777777777778,980.2170408879423
Lunches Special,LightGBM,6.888888888888888,980.2170408879423
Lunches Special,LightGBM,7.0,980.2170408879423
Lunches Special,LightGBM,7.111111111111111,980.2170408879423
Lunches Special,LightGBM,7.222222222222221,980.2170408879423
Lunches Special,LightGBM,7.333333333333333,980.2170408879423
Lunches Special,LightGBM,7.444444444444444,980.2170408879423
Lunches Special,LightGBM,7.555555555555555,979.9012460867881
Lunches Special,LightGBM,7.666666666666666,979.9012460867881
Lunches Special,LightGBM,7.777777777777778,979.9012460867881
Lunches Special,LightGBM,7.888888888888888,979.9012460867881
Lunches Special,LightGBM,8.0,979.9012460867881
Lunches Special,LightGBM,8.11111111111111,979.9012460867881
Lunches Special,LightGBM,8.222222222222221,979.9012460867881
Lunches Special,LightGBM,8.333333333333332,979.9012460867881
Lunches Special,LightGBM,8.444444444444443,979.9012460867881
Lunches Special,LightGBM,8.555555555555555,944.1851145986896
Lunches Special,LightGBM,8.666666666666666,944.1851145986896
Lunches Special,LightGBM,8.777777777777779,944.1851145986896
Lunches Special,LightGBM,8.88888888888889,944.1851145986896
Lunches Special,LightGBM,9.0,944.1851145986896
Lunches Special,LightGBM,9.11111111111111,944.1851145986896
Lunches Special,LightGBM,9.222222222222221,944.1851145986896
Lunches Special,LightGBM,9.333333333333332,944.1851145986896
Lunches Special,LightGBM,9.444444444444445,944.1851145986896
Lunches Special,LightGBM,9.555555555555555,943.5097743349488
Lunches Special,LightGBM,9.666666666666666,943.5097743349488
Lunches Special,LightGBM,9.777777777777777,943.5097743349488
Lunches Special,LightGBM,9.88888888888889,943.5097743349488
Lunches Special,LightGBM,10.0,943.5097743349488
Lunches Special,LightGBM,10.11111111111111,943.5097743349488
Lunches Special,LightGBM,10.222222222222221,943.5097743349488
Lunches Special,LightGBM,10.333333333333332,943.5097743349488
Lunches Special,LightGBM,10.444444444444445,943.5097743349488
Lunches Special,LightGBM,10.555555555555555,913.2012278227585
Lunches Special,LightGBM,10.666666666666666,913.2012278227585
Lunches Special,LightGBM,10.777777777777777,913.2012278227585
Lunches Special,LightGBM,10.888888888888888,913.2012278227585
Lunches Special,LightGBM,11.0,913.2012278227585
Lunches Special,LightGBM,11.11111111111111,913.2012278227585
Lunches Special,LightGBM,11.222222222222221,913.2012278227585
Lunches Special,LightGBM,11.333333333333332,913.2012278227585
Lunches Special,LightGBM,11.444444444444445,913.2012278227585
Lunches Special,LightGBM,11.555555555555555,963.8736720198165
Lunches Special,LightGBM,11.666666666666666,963.8736720198165
Lunches Special,LightGBM,11.777777777777777,963.8736720198165
Lunches Special,LightGBM,11.888888888888888,963.8736720198165
Lunches Special,LightGBM,12.0,963.8736720198165
Lunches Special,XGBoost,1.0,889.4227294921875
Lunches Special,XGBoost,1.1111111111111112,889.4227294921875
Lunches Special,XGBoost,1.2222222222222223,889.4227294921875
Lunches Special,XGBoost,1.3333333333333333,889.4227294921875
Lunches Special,XGBoost,1.4444444444444444,889.4227294921875
Lunches Special,XGBoost,1.5555555555555556,889.4227294921875
Lunches Special,XGBoost,1.6666666666666665,889.4227294921875
Lunches Special,XGBoost,1.7777777777777777,889.4227294921875
Lunches Special,XGBoost,1.8888888888888888,889.4227294921875
Lunches Special,XGBoost,2.0,930.4146728515625
Lunches Special,XGBoost,2.111111111111111,930.4146728515625
Lunches Special,XGBoost,2.2222222222222223,930.4146728515625
Lunches Special,XGBoost,2.333333333333333,930.4146728515625
Lunches Special,XGBoost,2.4444444444444446,930.4146728515625
Lunches Special,XGBoost,2.5555555555555554,930.4146728515625
Lunches Special,XGBoost,2.6666666666666665,930.4146728515625
Lunches Special,XGBoost,2.7777777777777777,930.4146728515625
Lunches Special,XGBoost,2.888888888888889,930.4146728515625
Lunches Special,XGBoost,3.0,1006.285400390625
Lunches Special,XGBoost,3.111111111111111,1006.285400390625
Lunches Special,XGBoost,3.2222222222222223,1006.285400390625
Lunches Special,XGBoost,3.333333333333333,1006.285400390625
Lunches Special,XGBoost,3.444444444444444,1006.285400390625
Lunches Special,XGBoost,3.5555555555555554,1006.285400390625
Lunches Special,XGBoost,3.6666666666666665,1006.285400390625
Lunches Special,XGBoost,3.7777777777777777,1006.285400390625
Lunches Special,XGBoost,3.888888888888889,1006.285400390625
Lunches Special,XGBoost,4.0,1013.44091796875
Lunches Special,XGBoost,4.111111111111111,1013.44091796875
Lunches Special,XGBoost,4.222222222222221,1013.44091796875
Lunches Special,XGBoost,4.333333333333333,1013.44091796875
Lunches Special,XGBoost,4.444444444444445,1013.44091796875
Lunches Special,XGBoost,4.555555555555555,1013.44091796875
Lunches Special,XGBoost,4.666666666666666,1013.44091796875
Lunches Special,XGBoost,4.777777777777778,1013.44091796875
Lunches Special,XGBoost,4.888888888888889,1013.44091796875
Lunches Special,XGBoost,5.0,940.9454956054688
Lunches Special,XGBoost,5.111111111111111,940.9454956054688
Lunches Special,XGBoost,5.222222222222222,940.9454956054688
Lunches Special,XGBoost,5.333333333333333,940.9454956054688
Lunches Special,XGBoost,5.444444444444445,940.9454956054688
Lunches Special,XGBoost,5.555555555555555,940.9454956054688
Lunches Special,XGBoost,5.666666666666666,940.9454956054688
Lunches Special,XGBoost,5.777777777777778,940.9454956054688
Lunches Special,XGBoost,5.888888888888888,940.9454956054688
Lunches Special,XGBoost,6.0,943.1361694335938
Lunches Special,XGBoost,6.111111111111111,943.1361694335938
Lunches Special,XGBoost,6.222222222222222,943.1361694335938
Lunches Special,XGBoost,6.333333333333333,943.1361694335938
Lunches Special,XGBoost,6.444444444444444,943.1361694335938
Lunches Special,XGBoost,6.555555555555555,943.1361694335938
Lunches Special,XGBoost,6.666666666666666,943.1361694335938
Lunches Special,XGBoost,6.777777777777778,943.1361694335938
Lunches Special,XGBoost,6.888888888888888,943.1361694335938
Lunches Special,XGBoost,7.0,978.343994140625
Lunches Special,XGBoost,7.111111111111111,978.343994140625
Lunches Special,XGBoost,7.222222222222221,978.343994140625
Lunches Special,XGBoost,7.333333333333333,978.343994140625
Lunches Special,XGBoost,7.444444444444444,978.343994140625
Lunches Special,XGBoost,7.555555555555555,978.343994140625
Lunches Special,XGBoost,7.666666666666666,978.343994140625
Lunches Special,XGBoost,7.777777777777778,978.343994140625
Lunches Special,XGBoost,7.888888888888888,978.343994140625
Lunches Special,XGBoost,8.0,986.0673828125
Lunches Special,XGBoost,8.11111111111111,986.0673828125
Lunches Special,XGBoost,8.222222222222221,986.0673828125
Lunches Special,XGBoost,8.333333333333332,986.0673828125
Lunches Special,XGBoost,8.444444444444443,986.0673828125
Lunches Special,XGBoost,8.555555555555555,986.0673828125
Lunches Special,XGBoost,8.666666666666666,986.0673828125
Lunches Special,XGBoost,8.777777777777779,986.0673828125
Lunches Special,XGBoost,8.88888888888889,986.0673828125
Lunches Special,XGBoost,9.0,948.4288330078125
Lunches Special,XGBoost,9.11111111111111,948.4288330078125
Lunches Special,XGBoost,9.222222222222221,948.4288330078125
Lunches Special,XGBoost,9.333333333333332,948.4288330078125
Lunches Special,XGBoost,9.444444444444445,948.4288330078125
Lunches Special,XGBoost,9.555555555555555,948.4288330078125
Lunches Special,XGBoost,9.666666666666666,948.4288330078125
Lunches Special,XGBoost,9.777777777777777,948.4288330078125
Lunches Special,XGBoost,9.88888888888889,948.4288330078125
Lunches Special,XGBoost,10.0,947.9005737304688
Lunches Special,XGBoost,10.11111111111111,947.9005737304688
Lunches Special,XGBoost,10.222222222222221,947.9005737304688
Lunches Special,XGBoost,10.333333333333332,947.9005737304688
Lunches Special,XGBoost,10.444444444444445,947.9005737304688
Lunches Special,XGBoost,10.555555555555555,947.9005737304688
Lunches Special,XGBoost,10.666666666666666,947.9005737304688
Lunches Special,XGBoost,10.777777777777777,947.9005737304688
Lunches Special,XGBoost,10.888888888888888,947.9005737304688
Lunches Special,XGBoost,11.0,900.9628295898438
Lunches Special,XGBoost,11.11111111111111,900.9628295898438
Lunches Special,XGBoost,11.222222222222221,900.9628295898438
Lunches Special,XGBoost,11.333333333333332,900.9628295898438
Lunches Special,XGBoost,11.444444444444445,900.9628295898438
Lunches Special,XGBoost,11.555555555555555,900.9628295898438
Lunches Special,XGBoost,11.666666666666666,900.9628295898438
Lunches Special,XGBoost,11.777777777777777,900.9628295898438
Lunches Special,XGBoost,11.888888888888888,900.9628295898438
Lunches Special,XGBoost,12.0,956.6692504882812
Afternoons Special,CatBoost,1.0,877.5071292104385
Afternoons Special,CatBoost,1.1111111111111112,877.5071292104385
Afternoons Special,CatBoost,1.2222222222222223,877.5071292104385
Afternoons Special,CatBoost,1.3333333333333333,877.5071292104385
Afternoons Special,CatBoost,1.4444444444444444,877.5071292104385
Afternoons Special,CatBoost,1.5555555555555556,964.8226310875432
Afternoons Special,CatBoost,1.6666666666666665,964.8226310875432
Afternoons Special,CatBoost,1.7777777777777777,964.8226310875432
Afternoons Special,CatBoost,1.8888888888888888,964.8226310875432
Afternoons Special,CatBoost,2.0,964.8226310875432
Afternoons Special,CatBoost,2.111111111111111,964.8226310875432
Afternoons Special,CatBoost,2.2222222222222223,964.8226310875432
Afternoons Special,CatBoost,2.333333333333333,964.8226310875432
Afternoons Special,CatBoost,2.4444444444444446,964.8226310875432
Afternoons Special,CatBoost,2.5555555555555554,1012.0060101801528
Afternoons Special,CatBoost,2.6666666666666665,1012.0060101801528
Afternoons Special,CatBoost,2.7777777777777777,1012.0060101801528
Afternoons Special,CatBoost,2.888888888888889,1012.0060101801528
Afternoons Special,CatBoost,3.0,1012.0060101801528
Afternoons Special,CatBoost,3.111111111111111,1012.0060101801528
Afternoons Special,CatBoost,3.2222222222222223,1012.0060101801528
Afternoons Special,CatBoost,3.333333333333333,1012.0060101801528
Afternoons Special,CatBoost,3.444444444444444,1012.0060101801528
Afternoons Special,CatBoost,3.5555555555555554,980.4556928876516
Afternoons Special,CatBoost,3.6666666666666665,980.4556928876516
Afternoons Special,CatBoost,3.7777777777777777,980.4556928876516
Afternoons Special,CatBoost,3.888888888888889,980.4556928876516
Afternoons Special,CatBoost,4.0,980.4556928876516
Afternoons Special,CatBoost,4.111111111111111,980.4556928876516
Afternoons Special,CatBoost,4.222222222222221,980.4556928876516
Afternoons Special,CatBoost,4.333333333333333,980.4556928876516
Afternoons Special,CatBoost,4.444444444444445,980.4556928876516
Afternoons Special,CatBoost,4.555555555555555,939.1224021175552
Afternoons Special,CatBoost,4.666666666666666,939.1224021175552
Afternoons Special,CatBoost,4.777777777777778,939.1224021175552
Afternoons Special,CatBoost,4.888888888888889,939.1224021175552
Afternoons Special,CatBoost,5.0,939.1224021175552
Afternoons Special,CatBoost,5.111111111111111,939.1224021175552
Afternoons Special,CatBoost,5.222222222222222,939.1224021175552
Afternoons Special,CatBoost,5.333333333333333,939.1224021175552
Afternoons Special,CatBoost,5.444444444444445,939.1224021175552
Afternoons Special,CatBoost,5.555555555555555,937.5507941606505
Afternoons Special,CatBoost,5.666666666666666,937.5507941606505
Afternoons Special,CatBoost,5.777777777777778,937.5507941606505
Afternoons Special,CatBoost,5.888888888888888,937.5507941606505
Afternoons Special,CatBoost,6.0,937.5507941606505
Afternoons Special,CatBoost,6.111111111111111,937.5507941606505
Afternoons Special,CatBoost,6.222222222222222,937.5507941606505
Afternoons Special,CatBoost,6.333333333333333,937.5507941606505
Afternoons Special,CatBoost,6.444444444444444,937.5507941606505
Afternoons Special,CatBoost,6.555555555555555,969.4484047126218
Afternoons Special,CatBoost,6.666666666666666,969.4484047126218
Afternoons Special,CatBoost,6.777777777777778,969.4484047126218
Afternoons Special,CatBoost,6.888888888888888,969.4484047126218
Afternoons Special,CatBoost,7.0,969.4484047126218
Afternoons Special,CatBoost,7.111111111111111,969.4484047126218
Afternoons Special,CatBoost,7.222222222222221,969.4484047126218
Afternoons Special,CatBoost,7.333333333333333,969.4484047126218
Afternoons Special,CatBoost,7.444444444444444,969.4484047126218
Afternoons Special,CatBoost,7.555555555555555,972.2136729481384
Afternoons Special,CatBoost,7.666666666666666,972.2136729481384
Afternoons Special,CatBoost,7.777777777777778,972.2136729481384
Afternoons Special,CatBoost,7.888888888888888,972.2136729481384
Afternoons Special,CatBoost,8.0,972.2136729481384
Afternoons Special,CatBoost,8.11111111111111,972.2136729481384
Afternoons Special,CatBoost,8.222222222222221,972.2136729481384
Afternoons Special,CatBoost,8.333333333333332,972.2136729481384
Afternoons Special,CatBoost,8.444444444444443,972.2136729481384
Afternoons Special,CatBoost,8.555555555555555,927.9186051238997
Afternoons Special,CatBoost,8.666666666666666,927.9186051238997
Afternoons Special,CatBoost,8.777777777777779,927.9186051238997
Afternoons Special,CatBoost,8.88888888888889,927.9186051238997
Afternoons Special,CatBoost,9.0,927.9186051238997
Afternoons Special,CatBoost,9.11111111111111,927.9186051238997
Afternoons Special,CatBoost,9.222222222222221,927.9186051238997
Afternoons Special,CatBoost,9.333333333333332,927.9186051238997
Afternoons Special,CatBoost,9.444444444444445,927.9186051238997
Afternoons Special,CatBoost,9.555555555555555,941.569198899303
Afternoons Special,CatBoost,9.666666666666666,941.569198899303
Afternoons Special,CatBoost,9.777777777777777,941.569198899303
Afternoons Special,CatBoost,9.88888888888889,941.569198899303
Afternoons Special,CatBoost,10.0,941.569198899303
Afternoons Special,CatBoost,10.11111111111111,941.569198899303
Afternoons Special,CatBoost,10.222222222222221,941.569198899303
Afternoons Special,CatBoost,10.333333333333332,941.569198899303
Afternoons Special,CatBoost,10.444444444444445,941.569198899303
Afternoons Special,CatBoost,10.555555555555555,937.7310822491819
Afternoons Special,CatBoost,10.666666666666666,937.7310822491819
Afternoons Special,CatBoost,10.777777777777777,937.7310822491819
Afternoons Special,CatBoost,10.888888888888888,937.7310822491819
Afternoons Special,CatBoost,11.0,937.7310822491819
Afternoons Special,CatBoost,11.11111111111111,937.7310822491819
Afternoons Special,CatBoost,11.222222222222221,937.7310822491819
Afternoons Special,CatBoost,11.333333333333332,937.7310822491819
Afternoons Special,CatBoost,11.444444444444445,937.7310822491819
Afternoons Special,CatBoost,11.555555555555555,973.1249180582307
Afternoons Special,CatBoost,11.666666666666666,973.1249180582307
Afternoons Special,CatBoost,11.777777777777777,973.1249180582307
Afternoons Special,CatBoost,11.888888888888888,973.1249180582307
Afternoons Special,CatBoost,12.0,973.1249180582307
Afternoons Special,LightGBM,1.0,882.7935526359367
Afternoons Special,LightGBM,1.1111111111111112,882.7935526359367
Afternoons Special,LightGBM,1.2222222222222223,882.7935526359367
Afternoons Special,LightGBM,1.3333333333333333,882.7935526359367
Afternoons Special,LightGBM,1.4444444444444444,882.7935526359367
Afternoons Special,LightGBM,1.5555555555555556,956.5044295231337
Afternoons Special,LightGBM,1.6666666666666665,956.5044295231337
Afternoons Special,LightGBM,1.7777777777777777,956.5044295231337
Afternoons Special,LightGBM,1.8888888888888888,956.5044295231337
Afternoons Special,LightGBM,2.0,956.5044295231337
Afternoons Special,LightGBM,2.111111111111111,956.5044295231337
Afternoons Special,LightGBM,2.2222222222222223,956.5044295231337
Afternoons Special,LightGBM,2.333333333333333,956.5044295231337
Afternoons Special,LightGBM,2.4444444444444446,956.5044295231337
Afternoons Special,LightGBM,2.5555555555555554,1005.2559357027563
Afternoons Special,LightGBM,2.6666666666666665,1005.2559357027563
Afternoons Special,LightGBM,2.7777777777777777,1005.2559357027563
Afternoons Special,LightGBM,2.888888888888889,1005.2559357027563
Afternoons Special,LightGBM,3.0,1005.2559357027563
Afternoons Special,LightGBM,3.111111111111111,1005.2559357027563
Afternoons Special,LightGBM,3.2222222222222223,1005.2559357027563
Afternoons Special,LightGBM,3.333333333333333,1005.2559357027563
Afternoons Special,LightGBM,3.444444444444444,1005.2559357027563
Afternoons Special,LightGBM,3.5555555555555554,977.2874421822178
Afternoons Special,LightGBM,3.6666666666666665,977.2874421822178
Afternoons Special,LightGBM,3.7777777777777777,977.2874421822178
Afternoons Special,LightGBM,3.888888888888889,977.2874421822178
Afternoons Special,LightGBM,4.0,977.2874421822178
Afternoons Special,LightGBM,4.111111111111111,977.2874421822178
Afternoons Special,LightGBM,4.222222222222221,977.2874421822178
Afternoons Special,LightGBM,4.333333333333333,977.2874421822178
Afternoons Special,LightGBM,4.444444444444445,977.2874421822178
Afternoons Special,LightGBM,4.555555555555555,940.7841053315647
Afternoons Special,LightGBM,4.666666666666666,940.7841053315647
Afternoons Special,LightGBM,4.777777777777778,940.7841053315647
Afternoons Special,LightGBM,4.888888888888889,940.7841053315647
Afternoons Special,LightGBM,5.0,940.7841053315647
Afternoons Special,LightGBM,5.111111111111111,940.7841053315647
Afternoons Special,LightGBM,5.222222222222222,940.7841053315647
Afternoons Special,LightGBM,5.333333333333333,940.7841053315647
Afternoons Special,LightGBM,5.444444444444445,940.7841053315647
Afternoons Special,LightGBM,5.555555555555555,941.0569821495461
Afternoons Special,LightGBM,5.666666666666666,941.0569821495461
Afternoons Special,LightGBM,5.777777777777778,941.0569821495461
Afternoons Special,LightGBM,5.888888888888888,941.0569821495461
Afternoons Special,LightGBM,6.0,941.0569821495461
Afternoons Special,LightGBM,6.111111111111111,941.0569821495461
Afternoons Special,LightGBM,6.222222222222222,941.0569821495461
Afternoons Special,LightGBM,6.333333333333333,941.0569821495461
Afternoons Special,LightGBM,6.444444444444444,941.0569821495461
Afternoons Special,LightGBM,6.555555555555555,961.4148452886408
Afternoons Special,LightGBM,6.666666666666666,961.4148452886408
Afternoons Special,LightGBM,6.777777777777778,961.4148452886408
Afternoons Special,LightGBM,6.888888888888888,961.4148452886408
Afternoons Special,LightGBM,7.0,961.4148452886408
Afternoons Special,LightGBM,7.111111111111111,961.4148452886408
Afternoons Special,LightGBM,7.222222222222221,961.4148452886408
Afternoons Special,LightGBM,7.333333333333333,961.4148452886408
Afternoons Special,LightGBM,7.444444444444444,961.4148452886408
Afternoons Special,LightGBM,7.555555555555555,969.0504182261678
Afternoons Special,LightGBM,7.666666666666666,969.0504182261678
Afternoons Special,LightGBM,7.777777777777778,969.0504182261678
Afternoons Special,LightGBM,7.888888888888888,969.0504182261678
Afternoons Special,LightGBM,8.0,969.0504182261678
Afternoons Special,LightGBM,8.11111111111111,969.0504182261678
Afternoons Special,LightGBM,8.222222222222221,969.0504182261678
Afternoons Special,LightGBM,8.333333333333332,969.0504182261678
Afternoons Special,LightGBM,8.444444444444443,969.0504182261678
Afternoons Special,LightGBM,8.555555555555555,924.0021252934225
Afternoons Special,LightGBM,8.666666666666666,924.0021252934225
Afternoons Special,LightGBM,8.777777777777779,924.0021252934225
Afternoons Special,LightGBM,8.88888888888889,924.0021252934225
Afternoons Special,LightGBM,9.0,924.0021252934225
Afternoons Special,LightGBM,9.11111111111111,924.0021252934225
Afternoons Special,LightGBM,9.222222222222221,924.0021252934225
Afternoons Special,LightGBM,9.333333333333332,924.0021252934225
Afternoons Special,LightGBM,9.444444444444445,924.0021252934225
Afternoons Special,LightGBM,9.555555555555555,938.3911034800653
Afternoons Special,LightGBM,9.666666666666666,938.3911034800653
Afternoons Special,LightGBM,9.777777777777777,938.3911034800653
Afternoons Special,LightGBM,9.88888888888889,938.3911034800653
Afternoons Special,LightGBM,10.0,938.3911034800653
Afternoons Special,LightGBM,10.11111111111111,938.3911034800653
Afternoons Special,LightGBM,10.222222222222221,938.3911034800653
Afternoons Special,LightGBM,10.333333333333332,938.3911034800653
Afternoons Special,LightGBM,10.444444444444445,938.3911034800653
Afternoons Special,LightGBM,10.555555555555555,943.2024542630667
Afternoons Special,LightGBM,10.666666666666666,943.2024542630667
Afternoons Special,LightGBM,10.777777777777777,943.2024542630667
Afternoons Special,LightGBM,10.888888888888888,943.2024542630667
Afternoons Special,LightGBM,11.0,943.2024542630667
Afternoons Special,LightGBM,11.11111111111111,943.2024542630667
Afternoons Special,LightGBM,11.222222222222221,943.2024542630667
Afternoons Special,LightGBM,11.333333333333332,943.2024542630667
Afternoons Special,LightGBM,11.444444444444445,943.2024542630667
Afternoons Special,LightGBM,11.555555555555555,976.4233829229767
Afternoons Special,LightGBM,11.666666666666666,976.4233829229767
Afternoons Special,LightGBM,11.777777777777777,976.4233829229767
Afternoons Special,LightGBM,11.888888888888888,976.4233829229767
Afternoons Special,LightGBM,12.0,976.4233829229767
Afternoons Special,XGBoost,1.0,886.7861328125
Afternoons Special,XGBoost,1.1111111111111112,886.7861328125
Afternoons Special,XGBoost,1.2222222222222223,886.7861328125
Afternoons Special,XGBoost,1.3333333333333333,886.7861328125
Afternoons Special,XGBoost,1.4444444444444444,886.7861328125
Afternoons Special,XGBoost,1.5555555555555556,886.7861328125
Afternoons Special,XGBoost,1.6666666666666665,886.7861328125
Afternoons Special,XGBoost,1.7777777777777777,886.7861328125
Afternoons Special,XGBoost,1.8888888888888888,886.7861328125
Afternoons Special,XGBoost,2.0,959.7460327148438
Afternoons Special,XGBoost,2.111111111111111,959.7460327148438
Afternoons Special,XGBoost,2.2222222222222223,959.7460327148438
Afternoons Special,XGBoost,2.333333333333333,959.7460327148438
Afternoons Special,XGBoost,2.4444444444444446,959.7460327148438
Afternoons Special,XGBoost,2.5555555555555554,959.7460327148438
Afternoons Special,XGBoost,2.6666666666666665,959.7460327148438
Afternoons Special,XGBoost,2.7777777777777777,959.7460327148438
Afternoons Special,XGBoost,2.888888888888889,959.7460327148438
Afternoons Special,XGBoost,3.0,1005.4454345703125
Afternoons Special,XGBoost,3.111111111111111,1005.4454345703125
Afternoons Special,XGBoost,3.2222222222222223,1005.4454345703125
Afternoons Special,XGBoost,3.333333333333333,1005.4454345703125
Afternoons Special,XGBoost,3.444444444444444,1005.4454345703125
Afternoons Special,XGBoost,3.5555555555555554,1005.4454345703125
Afternoons Special,XGBoost,3.6666666666666665,1005.4454345703125
Afternoons Special,XGBoost,3.7777777777777777,1005.4454345703125
Afternoons Special,XGBoost,3.888888888888889,1005.4454345703125
Afternoons Special,XGBoost,4.0,975.4578857421875
Afternoons Special,XGBoost,4.111111111111111,975.4578857421875
Afternoons Special,XGBoost,4.222222222222221,975.4578857421875
Afternoons Special,XGBoost,4.333333333333333,975.4578857421875
Afternoons Special,XGBoost,4.444444444444445,975.4578857421875
Afternoons Special,XGBoost,4.555555555555555,975.4578857421875
Afternoons Special,XGBoost,4.666666666666666,975.4578857421875
Afternoons Special,XGBoost,4.777777777777778,975.4578857421875
Afternoons Special,XGBoost,4.888888888888889,975.4578857421875
Afternoons Special,XGBoost,5.0,931.96875
Afternoons Special,XGBoost,5.111111111111111,931.96875
Afternoons Special,XGBoost,5.222222222222222,931.96875
Afternoons Special,XGBoost,5.333333333333333,931.96875
Afternoons Special,XGBoost,5.444444444444445,931.96875
Afternoons Special,XGBoost,5.555555555555555,931.96875
Afternoons Special,XGBoost,5.666666666666666,931.96875
Afternoons Special,XGBoost,5.777777777777778,931.96875
Afternoons Special,XGBoost,5.888888888888888,931.96875
Afternoons Special,XGBoost,6.0,935.9027709960938
Afternoons Special,XGBoost,6.111111111111111,935.9027709960938
Afternoons Special,XGBoost,6.222222222222222,935.9027709960938
Afternoons Special,XGBoost,6.333333333333333,935.9027709960938
Afternoons Special,XGBoost,6.444444444444444,935.9027709960938
Afternoons Special,XGBoost,6.555555555555555,935.9027709960938
Afternoons Special,XGBoost,6.666666666666666,935.9027709960938
Afternoons Special,XGBoost,6.777777777777778,935.9027709960938
Afternoons Special,XGBoost,6.888888888888888,935.9027709960938
Afternoons Special,XGBoost,7.0,962.1085205078125
Afternoons Special,XGBoost,7.111111111111111,962.1085205078125
Afternoons Special,XGBoost,7.222222222222221,962.1085205078125
Afternoons Special,XGBoost,7.333333333333333,962.1085205078125
Afternoons Special,XGBoost,7.444444444444444,962.1085205078125
Afternoons Special,XGBoost,7.555555555555555,962.1085205078125
Afternoons Special,XGBoost,7.666666666666666,962.1085205078125
Afternoons Special,XGBoost,7.777777777777778,962.1085205078125
Afternoons Special,XGBoost,7.888888888888888,962.1085205078125
Afternoons Special,XGBoost,8.0,969.0070190429688
Afternoons Special,XGBoost,8.11111111111111,969.0070190429688
Afternoons Special,XGBoost,8.222222222222221,969.0070190429688
Afternoons Special,XGBoost,8.333333333333332,969.0070190429688
Afternoons Special,XGBoost,8.444444444444443,969.0070190429688
Afternoons Special,XGBoost,8.555555555555555,969.0070190429688
Afternoons Special,XGBoost,8.666666666666666,969.0070190429688
Afternoons Special,XGBoost,8.777777777777779,969.0070190429688
Afternoons Special,XGBoost,8.88888888888889,969.0070190429688
Afternoons Special,XGBoost,9.0,928.146484375
Afternoons Special,XGBoost,9.11111111111111,928.146484375
Afternoons Special,XGBoost,9.222222222222221,928.146484375
Afternoons Special,XGBoost,9.333333333333332,928.146484375
Afternoons Special,XGBoost,9.444444444444445,928.146484375
Afternoons Special,XGBoost,9.555555555555555,928.146484375
Afternoons Special,XGBoost,9.666666666666666,928.146484375
Afternoons Special,XGBoost,9.777777777777777,928.146484375
Afternoons Special,XGBoost,9.88888888888889,928.146484375
Afternoons Special,XGBoost,10.0,932.7371215820312
Afternoons Special,XGBoost,10.11111111111111,932.7371215820312
Afternoons Special,XGBoost,10.222222222222221,932.7371215820312
Afternoons Special,XGBoost,10.333333333333332,932.7371215820312
Afternoons Special,XGBoost,10.444444444444445,932.7371215820312
Afternoons Special,XGBoost,10.555555555555555,932.7371215820312
Afternoons Special,XGBoost,10.666666666666666,932.7371215820312
Afternoons Special,XGBoost,10.777777777777777,932.7371215820312
Afternoons Special,XGBoost,10.888888888888888,932.7371215820312
Afternoons Special,XGBoost,11.0,935.4491577148438
Afternoons Special,XGBoost,11.11111111111111,935.4491577148438
Afternoons Special,XGBoost,11.222222222222221,935.4491577148438
Afternoons Special,XGBoost,11.333333333333332,935.4491577148438
Afternoons Special,XGBoost,11.444444444444445,935.4491577148438
Afternoons Special,XGBoost,11.555555555555555,935.4491577148438
Afternoons Special,XGBoost,11.666666666666666,935.4491577148438
Afternoons Special,XGBoost,11.777777777777777,935.4491577148438
Afternoons Special,XGBoost,11.888888888888888,935.4491577148438
Afternoons Special,XGBoost,12.0,982.4933471679688
Evenings Special,CatBoost,1.0,679.798886451281
Evenings Special,CatBoost,1.1111111111111112,679.798886451281
Evenings Special,CatBoost,1.2222222222222223,679.798886451281
Evenings Special,CatBoost,1.3333333333333333,679.798886451281
Evenings Special,CatBoost,1.4444444444444444,679.798886451281
Evenings Special,CatBoost,1.5555555555555556,853.7578375050894
Evenings Special,CatBoost,1.6666666666666665,853.7578375050894
Evenings Special,CatBoost,1.7777777777777777,853.7578375050894
Evenings Special,CatBoost,1.8888888888888888,853.7578375050894
Evenings Special,CatBoost,2.0,853.7578375050894
Evenings Special,CatBoost,2.111111111111111,853.7578375050894
Evenings Special,CatBoost,2.2222222222222223,853.7578375050894
Evenings Special,CatBoost,2.333333333333333,853.7578375050894
Evenings Special,CatBoost,2.4444444444444446,853.7578375050894
Evenings Special,CatBoost,2.5555555555555554,646.357911418259
Evenings Special,CatBoost,2.6666666666666665,646.357911418259
Evenings Special,CatBoost,2.7777777777777777,646.357911418259
Evenings Special,CatBoost,2.888888888888889,646.357911418259
Evenings Special,CatBoost,3.0,646.357911418259
Evenings Special,CatBoost,3.111111111111111,646.357911418259
Evenings Special,CatBoost,3.2222222222222223,646.357911418259
Evenings Special,CatBoost,3.333333333333333,646.357911418259
Evenings Special,CatBoost,3.444444444444444,646.357911418259
Evenings Special,CatBoost,3.5555555555555554,572.0663191601433
Evenings Special,CatBoost,3.6666666666666665,572.0663191601433
Evenings Special,CatBoost,3.7777777777777777,572.0663191601433
Evenings Special,CatBoost,3.888888888888889,572.0663191601433
Evenings Special,CatBoost,4.0,572.0663191601433
Evenings Special,CatBoost,4.111111111111111,572.0663191601433
Evenings Special,CatBoost,4.222222222222221,572.0663191601433
Evenings Special,CatBoost,4.333333333333333,572.0663191601433
Evenings Special,CatBoost,4.444444444444445,572.0663191601433
Evenings Special,CatBoost,4.555555555555555,496.2865005324709
Evenings Special,CatBoost,4.666666666666666,496.2865005324709
Evenings Special,CatBoost,4.777777777777778,496.2865005324709
Evenings Special,CatBoost,4.888888888888889,496.2865005324709
Evenings Special,CatBoost,5.0,496.2865005324709
Evenings Special,CatBoost,5.111111111111111,496.2865005324709
Evenings Special,CatBoost,5.222222222222222,496.2865005324709
Evenings Special,CatBoost,5.333333333333333,496.2865005324709
Evenings Special,CatBoost,5.444444444444445,496.2865005324709
Evenings Special,CatBoost,5.555555555555555,494.5951957979411
Evenings Special,CatBoost,5.666666666666666,494.5951957979411
Evenings Special,CatBoost,5.777777777777778,494.5951957979411
Evenings Special,CatBoost,5.888888888888888,494.5951957979411
Evenings Special,CatBoost,6.0,494.5951957979411
Evenings Special,CatBoost,6.111111111111111,494.5951957979411
Evenings Special,CatBoost,6.222222222222222,494.5951957979411
Evenings Special,CatBoost,6.333333333333333,494.5951957979411
Evenings Special,CatBoost,6.444444444444444,494.5951957979411
Evenings Special,CatBoost,6.555555555555555,489.9290220055061
Evenings Special,CatBoost,6.666666666666666,489.9290220055061
Evenings Special,CatBoost,6.777777777777778,489.9290220055061
Evenings Special,CatBoost,6.888888888888888,489.9290220055061
Evenings Special,CatBoost,7.0,489.9290220055061
Evenings Special,CatBoost,7.111111111111111,489.9290220055061
Evenings Special,CatBoost,7.222222222222221,489.9290220055061
Evenings Special,CatBoost,7.333333333333333,489.9290220055061
Evenings Special,CatBoost,7.444444444444444,489.9290220055061
Evenings Special,CatBoost,7.555555555555555,524.4570837029239
Evenings Special,CatBoost,7.666666666666666,524.4570837029239
Evenings Special,CatBoost,7.777777777777778,524.4570837029239
Evenings Special,CatBoost,7.888888888888888,524.4570837029239
Evenings Special,CatBoost,8.0,524.4570837029239
Evenings Special,CatBoost,8.11111111111111,524.4570837029239
Evenings Special,CatBoost,8.222222222222221,524.4570837029239
Evenings Special,CatBoost,8.333333333333332,524.4570837029239
Evenings Special,CatBoost,8.444444444444443,524.4570837029239
Evenings Special,CatBoost,8.555555555555555,524.0392647259023
Evenings Special,CatBoost,8.666666666666666,524.0392647259023
Evenings Special,CatBoost,8.777777777777779,524.0392647259023
Evenings Special,CatBoost,8.88888888888889,524.0392647259023
Evenings Special,CatBoost,9.0,524.0392647259023
Evenings Special,CatBoost,9.11111111111111,524.0392647259023
Evenings Special,CatBoost,9.222222222222221,524.0392647259023
Evenings Special,CatBoost,9.333333333333332,524.0392647259023
Evenings Special,CatBoost,9.444444444444445,524.0392647259023
Evenings Special,CatBoost,9.555555555555555,529.9221090463898
Evenings Special,CatBoost,9.666666666666666,529.9221090463898
Evenings Special,CatBoost,9.777777777777777,529.9221090463898
Evenings Special,CatBoost,9.88888888888889,529.9221090463898
Evenings Special,CatBoost,10.0,529.9221090463898
Evenings Special,CatBoost,10.11111111111111,529.9221090463898
Evenings Special,CatBoost,10.222222222222221,529.9221090463898
Evenings Special,CatBoost,10.333333333333332,529.9221090463898
Evenings Special,CatBoost,10.444444444444445,529.9221090463898
Evenings Special,CatBoost,10.555555555555555,597.8425127158602
Evenings Special,CatBoost,10.666666666666666,597.8425127158602
Evenings Special,CatBoost,10.777777777777777,597.8425127158602
Evenings Special,CatBoost,10.888888888888888,597.8425127158602
Evenings Special,CatBoost,11.0,597.8425127158602
Evenings Special,CatBoost,11.11111111111111,597.8425127158602
Evenings Special,CatBoost,11.222222222222221,597.8425127158602
Evenings Special,CatBoost,11.333333333333332,597.8425127158602
Evenings Special,CatBoost,11.444444444444445,597.8425127158602
Evenings Special,CatBoost,11.555555555555555,693.7206036871418
Evenings Special,CatBoost,11.666666666666666,693.7206036871418
Evenings Special,CatBoost,11.777777777777777,693.7206036871418
Evenings Special,CatBoost,11.888888888888888,693.7206036871418
Evenings Special,CatBoost,12.0,693.7206036871418
Evenings Special,LightGBM,1.0,545.84249841088
Evenings Special,LightGBM,1.1111111111111112,545.84249841088
Evenings Special,LightGBM,1.2222222222222223,545.84249841088
Evenings Special,LightGBM,1.3333333333333333,545.84249841088
Evenings Special,LightGBM,1.4444444444444444,545.84249841088
Evenings Special,LightGBM,1.5555555555555556,665.0982549680136
Evenings Special,LightGBM,1.6666666666666665,665.0982549680136
Evenings Special,LightGBM,1.7777777777777777,665.0982549680136
Evenings Special,LightGBM,1.8888888888888888,665.0982549680136
Evenings Special,LightGBM,2.0,665.0982549680136
Evenings Special,LightGBM,2.111111111111111,665.0982549680136
Evenings Special,LightGBM,2.2222222222222223,665.0982549680136
Evenings Special,LightGBM,2.333333333333333,665.0982549680136
Evenings Special,LightGBM,2.4444444444444446,665.0982549680136
Evenings Special,LightGBM,2.5555555555555554,598.1915461630247
Evenings Special,LightGBM,2.6666666666666665,598.1915461630247
Evenings Special,LightGBM,2.7777777777777777,598.1915461630247
Evenings Special,LightGBM,2.888888888888889,598.1915461630247
Evenings Special,LightGBM,3.0,598.1915461630247
Evenings Special,LightGBM,3.111111111111111,598.1915461630247
Evenings Special,LightGBM,3.2222222222222223,598.1915461630247
Evenings Special,LightGBM,3.333333333333333,598.1915461630247
Evenings Special,LightGBM,3.444444444444444,598.1915461630247
Evenings Special,LightGBM,3.5555555555555554,559.9153070624192
Evenings Special,LightGBM,3.6666666666666665,559.9153070624192
Evenings Special,LightGBM,3.7777777777777777,559.9153070624192
Evenings Special,LightGBM,3.888888888888889,559.9153070624192
Evenings Special,LightGBM,4.0,559.9153070624192
Evenings Special,LightGBM,4.111111111111111,559.9153070624192
Evenings Special,LightGBM,4.222222222222221,559.9153070624192
Evenings Special,LightGBM,4.333333333333333,559.9153070624192
Evenings Special,LightGBM,4.444444444444445,559.9153070624192
Evenings Special,LightGBM,4.555555555555555,525.9948620062869
Evenings Special,LightGBM,4.666666666666666,525.9948620062869
Evenings Special,LightGBM,4.777777777777778,525.9948620062869
Evenings Special,LightGBM,4.888888888888889,525.9948620062869
Evenings Special,LightGBM,5.0,525.9948620062869
Evenings Special,LightGBM,5.111111111111111,525.9948620062869
Evenings Special,LightGBM,5.222222222222222,525.9948620062869
Evenings Special,LightGBM,5.333333333333333,525.9948620062869
Evenings Special,LightGBM,5.444444444444445,525.9948620062869
Evenings Special,LightGBM,5.555555555555555,527.5498455797941
Evenings Special,LightGBM,5.666666666666666,527.5498455797941
Evenings Special,LightGBM,5.777777777777778,527.5498455797941
Evenings Special,LightGBM,5.888888888888888,527.5498455797941
Evenings Special,LightGBM,6.0,527.5498455797941
Evenings Special,LightGBM,6.111111111111111,527.5498455797941
Evenings Special,LightGBM,6.222222222222222,527.5498455797941
Evenings Special,LightGBM,6.333333333333333,527.5498455797941
Evenings Special,LightGBM,6.444444444444444,527.5498455797941
Evenings Special,LightGBM,6.555555555555555,531.7979532093935
Evenings Special,LightGBM,6.666666666666666,531.7979532093935
Evenings Special,LightGBM,6.777777777777778,531.7979532093935
Evenings Special,LightGBM,6.888888888888888,531.7979532093935
Evenings Special,LightGBM,7.0,531.7979532093935
Evenings Special,LightGBM,7.111111111111111,531.7979532093935
Evenings Special,LightGBM,7.222222222222221,531.7979532093935
Evenings Special,LightGBM,7.333333333333333,531.7979532093935
Evenings Special,LightGBM,7.444444444444444,531.7979532093935
Evenings Special,LightGBM,7.555555555555555,544.2687233480898
Evenings Special,LightGBM,7.666666666666666,544.2687233480898
Evenings Special,LightGBM,7.777777777777778,544.2687233480898
Evenings Special,LightGBM,7.888888888888888,544.2687233480898
Evenings Special,LightGBM,8.0,544.2687233480898
Evenings Special,LightGBM,8.11111111111111,544.2687233480898
Evenings Special,LightGBM,8.222222222222221,544.2687233480898
Evenings Special,LightGBM,8.333333333333332,544.2687233480898
Evenings Special,LightGBM,8.444444444444443,544.2687233480898
Evenings Special,LightGBM,8.555555555555555,541.8011934731911
Evenings Special,LightGBM,8.666666666666666,541.8011934731911
Evenings Special,LightGBM,8.777777777777779,541.8011934731911
Evenings Special,LightGBM,8.88888888888889,541.8011934731911
Evenings Special,LightGBM,9.0,541.8011934731911
Evenings Special,LightGBM,9.11111111111111,541.8011934731911
Evenings Special,LightGBM,9.222222222222221,541.8011934731911
Evenings Special,LightGBM,9.333333333333332,541.8011934731911
Evenings Special,LightGBM,9.444444444444445,541.8011934731911
Evenings Special,LightGBM,9.555555555555555,541.5351805683297
Evenings Special,LightGBM,9.666666666666666,541.5351805683297
Evenings Special,LightGBM,9.777777777777777,541.5351805683297
Evenings Special,LightGBM,9.88888888888889,541.5351805683297
Evenings Special,LightGBM,10.0,541.5351805683297
Evenings Special,LightGBM,10.11111111111111,541.5351805683297
Evenings Special,LightGBM,10.222222222222221,541.5351805683297
Evenings Special,LightGBM,10.333333333333332,541.5351805683297
Evenings Special,LightGBM,10.444444444444445,541.5351805683297
Evenings Special,LightGBM,10.555555555555555,551.6039134355525
Evenings Special,LightGBM,10.666666666666666,551.6039134355525
Evenings Special,LightGBM,10.777777777777777,551.6039134355525
Evenings Special,LightGBM,10.888888888888888,551.6039134355525
Evenings Special,LightGBM,11.0,551.6039134355525
Evenings Special,LightGBM,11.11111111111111,551.6039134355525
Evenings Special,LightGBM,11.222222222222221,551.6039134355525
Evenings Special,LightGBM,11.333333333333332,551.6039134355525
Evenings Special,LightGBM,11.444444444444445,551.6039134355525
Evenings Special,LightGBM,11.555555555555555,641.7354027602449
Evenings Special,LightGBM,11.666666666666666,641.7354027602449
Evenings Special,LightGBM,11.777777777777777,641.7354027602449
Evenings Special,LightGBM,11.888888888888888,641.7354027602449
Evenings Special,LightGBM,12.0,641.7354027602449
Evenings Special,XGBoost,1.0,556.6097412109375
Evenings Special,XGBoost,1.1111111111111112,556.6097412109375
Evenings Special,XGBoost,1.2222222222222223,556.6097412109375
Evenings Special,XGBoost,1.3333333333333333,556.6097412109375
Evenings Special,XGBoost,1.4444444444444444,556.6097412109375
Evenings Special,XGBoost,1.5555555555555556,556.6097412109375
Evenings Special,XGBoost,1.6666666666666665,556.6097412109375
Evenings Special,XGBoost,1.7777777777777777,556.6097412109375
Evenings Special,XGBoost,1.8888888888888888,556.6097412109375
Evenings Special,XGBoost,2.0,683.2775268554688
Evenings Special,XGBoost,2.111111111111111,683.2775268554688
Evenings Special,XGBoost,2.2222222222222223,683.2775268554688
Evenings Special,XGBoost,2.333333333333333,683.2775268554688
Evenings Special,XGBoost,2.4444444444444446,683.2775268554688
Evenings Special,XGBoost,2.5555555555555554,683.2775268554688
Evenings Special,XGBoost,2.6666666666666665,683.2775268554688
Evenings Special,XGBoost,2.7777777777777777,683.2775268554688
Evenings Special,XGBoost,2.888888888888889,683.2775268554688
Evenings Special,XGBoost,3.0,600.5370483398438
Evenings Special,XGBoost,3.111111111111111,600.5370483398438
Evenings Special,XGBoost,3.2222222222222223,600.5370483398438
Evenings Special,XGBoost,3.333333333333333,600.5370483398438
Evenings Special,XGBoost,3.444444444444444,600.5370483398438
Evenings Special,XGBoost,3.5555555555555554,600.5370483398438
Evenings Special,XGBoost,3.6666666666666665,600.5370483398438
Evenings Special,XGBoost,3.7777777777777777,600.5370483398438
Evenings Special,XGBoost,3.888888888888889,600.5370483398438
Evenings Special,XGBoost,4.0,569.5499877929688
Evenings Special,XGBoost,4.111111111111111,569.5499877929688
Evenings Special,XGBoost,4.222222222222221,569.5499877929688
Evenings Special,XGBoost,4.333333333333333,569.5499877929688
Evenings Special,XGBoost,4.444444444444445,569.5499877929688
Evenings Special,XGBoost,4.555555555555555,569.5499877929688
Evenings Special,XGBoost,4.666666666666666,569.5499877929688
Evenings Special,XGBoost,4.777777777777778,569.5499877929688
Evenings Special,XGBoost,4.888888888888889,569.5499877929688
Evenings Special,XGBoost,5.0,529.841552734375
Evenings Special,XGBoost,5.111111111111111,529.841552734375
Evenings Special,XGBoost,5.222222222222222,529.841552734375
Evenings Special,XGBoost,5.333333333333333,529.841552734375
Evenings Special,XGBoost,5.444444444444445,529.841552734375
Evenings Special,XGBoost,5.555555555555555,529.841552734375
Evenings Special,XGBoost,5.666666666666666,529.841552734375
Evenings Special,XGBoost,5.777777777777778,529.841552734375
Evenings Special,XGBoost,5.888888888888888,529.841552734375
Evenings Special,XGBoost,6.0,528.5661010742188
Evenings Special,XGBoost,6.111111111111111,528.5661010742188
Evenings Special,XGBoost,6.222222222222222,528.5661010742188
Evenings Special,XGBoost,6.333333333333333,528.5661010742188
Evenings Special,XGBoost,6.444444444444444,528.5661010742188
Evenings Special,XGBoost,6.555555555555555,528.5661010742188
Evenings Special,XGBoost,6.666666666666666,528.5661010742188
Evenings Special,XGBoost,6.777777777777778,528.5661010742188
Evenings Special,XGBoost,6.888888888888888,528.5661010742188
Evenings Special,XGBoost,7.0,518.5686645507812
Evenings Special,XGBoost,7.111111111111111,518.5686645507812
Evenings Special,XGBoost,7.222222222222221,518.5686645507812
Evenings Special,XGBoost,7.333333333333333,518.5686645507812
Evenings Special,XGBoost,7.444444444444444,518.5686645507812
Evenings Special,XGBoost,7.555555555555555,518.5686645507812
Evenings Special,XGBoost,7.666666666666666,518.5686645507812
Evenings Special,XGBoost,7.777777777777778,518.5686645507812
Evenings Special,XGBoost,7.888888888888888,518.5686645507812
Evenings Special,XGBoost,8.0,542.0615234375
Evenings Special,XGBoost,8.11111111111111,542.0615234375
Evenings Special,XGBoost,8.222222222222221,542.0615234375
Evenings Special,XGBoost,8.333333333333332,542.0615234375
Evenings Special,XGBoost,8.444444444444443,542.0615234375
Evenings Special,XGBoost,8.555555555555555,542.0615234375
Evenings Special,XGBoost,8.666666666666666,542.0615234375
Evenings Special,XGBoost,8.777777777777779,542.0615234375
Evenings Special,XGBoost,8.88888888888889,542.0615234375
Evenings Special,XGBoost,9.0,544.01318359375
Evenings Special,XGBoost,9.11111111111111,544.01318359375
Evenings Special,XGBoost,9.222222222222221,544.01318359375
Evenings Special,XGBoost,9.333333333333332,544.01318359375
Evenings Special,XGBoost,9.444444444444445,544.01318359375
Evenings Special,XGBoost,9.555555555555555,544.01318359375
Evenings Special,XGBoost,9.666666666666666,544.01318359375
Evenings Special,XGBoost,9.777777777777777,544.01318359375
Evenings Special,XGBoost,9.88888888888889,544.01318359375
Evenings Special,XGBoost,10.0,550.8876953125
Evenings Special,XGBoost,10.11111111111111,550.8876953125
Evenings Special,XGBoost,10.222222222222221,550.8876953125
Evenings Special,XGBoost,10.333333333333332,550.8876953125
Evenings Special,XGBoost,10.444444444444445,550.8876953125
Evenings Special,XGBoost,10.555555555555555,550.8876953125
Evenings Special,XGBoost,10.666666666666666,550.8876953125
Evenings Special,XGBoost,10.777777777777777,550.8876953125
Evenings Special,XGBoost,10.888888888888888,550.8876953125
Evenings Special,XGBoost,11.0,563.2830810546875
Evenings Special,XGBoost,11.11111111111111,563.2830810546875
Evenings Special,XGBoost,11.222222222222221,563.2830810546875
Evenings Special,XGBoost,11.333333333333332,563.2830810546875
Evenings Special,XGBoost,11.444444444444445,563.2830810546875
Evenings Special,XGBoost,11.555555555555555,563.2830810546875
Evenings Special,XGBoost,11.666666666666666,563.2830810546875
Evenings Special,XGBoost,11.777777777777777,563.2830810546875
Evenings Special,XGBoost,11.888888888888888,563.2830810546875
Evenings Special,XGBoost,12.0,654.845703125
