Dataset,Model,Year,Predicted Value
All,CatBoost,2009.0,539.586374079682
All,CatBoost,2009.1010101010102,539.586374079682
All,CatBoost,2009.20202020202,539.586374079682
All,CatBoost,2009.3030303030303,539.586374079682
All,CatBoost,2009.4040404040404,539.586374079682
All,CatBoost,2009.5050505050506,524.196111239536
All,CatBoost,2009.6060606060605,524.196111239536
All,CatBoost,2009.7070707070707,524.196111239536
All,CatBoost,2009.8080808080808,524.196111239536
All,CatBoost,2009.909090909091,524.196111239536
All,CatBoost,2010.010101010101,524.196111239536
All,CatBoost,2010.111111111111,524.196111239536
All,CatBoost,2010.2121212121212,524.196111239536
All,CatBoost,2010.3131313131314,524.196111239536
All,CatBoost,2010.4141414141413,524.196111239536
All,CatBoost,2010.5151515151515,572.4393929312248
All,CatBoost,2010.6161616161617,572.4393929312248
All,CatBoost,2010.7171717171718,572.4393929312248
All,CatBoost,2010.8181818181818,572.4393929312248
All,CatBoost,2010.919191919192,572.4393929312248
All,CatBoost,2011.020202020202,572.4393929312248
All,CatBoost,2011.121212121212,572.4393929312248
All,CatBoost,2011.2222222222222,572.4393929312248
All,CatBoost,2011.3232323232323,572.4393929312248
All,CatBoost,2011.4242424242425,572.4393929312248
All,CatBoost,2011.5252525252524,575.4374696967959
All,CatBoost,2011.6262626262626,575.4374696967959
All,CatBoost,2011.7272727272727,575.4374696967959
All,CatBoost,2011.828282828283,575.4374696967959
All,CatBoost,2011.9292929292928,575.4374696967959
All,CatBoost,2012.030303030303,575.4374696967959
All,CatBoost,2012.1313131313132,575.4374696967959
All,CatBoost,2012.2323232323233,575.4374696967959
All,CatBoost,2012.3333333333333,575.4374696967959
All,CatBoost,2012.4343434343434,575.4374696967959
All,CatBoost,2012.5353535353536,578.5653573370139
All,CatBoost,2012.6363636363637,578.5653573370139
All,CatBoost,2012.7373737373737,578.5653573370139
All,CatBoost,2012.8383838383838,578.5653573370139
All,CatBoost,2012.939393939394,578.5653573370139
All,CatBoost,2013.040404040404,578.5653573370139
All,CatBoost,2013.141414141414,578.5653573370139
All,CatBoost,2013.2424242424242,578.5653573370139
All,CatBoost,2013.3434343434344,578.5653573370139
All,CatBoost,2013.4444444444443,578.5653573370139
All,CatBoost,2013.5454545454545,584.9728807834432
All,CatBoost,2013.6464646464647,584.9728807834432
All,CatBoost,2013.7474747474748,584.9728807834432
All,CatBoost,2013.8484848484848,584.9728807834432
All,CatBoost,2013.949494949495,584.9728807834432
All,CatBoost,2014.050505050505,584.9728807834432
All,CatBoost,2014.1515151515152,584.9728807834432
All,CatBoost,2014.2525252525252,584.9728807834432
All,CatBoost,2014.3535353535353,584.9728807834432
All,CatBoost,2014.4545454545455,584.9728807834432
All,CatBoost,2014.5555555555557,599.0010362684483
All,CatBoost,2014.6565656565656,599.0010362684483
All,CatBoost,2014.7575757575758,599.0010362684483
All,CatBoost,2014.858585858586,599.0010362684483
All,CatBoost,2014.959595959596,599.0010362684483
All,CatBoost,2015.060606060606,599.0010362684483
All,CatBoost,2015.1616161616162,599.0010362684483
All,CatBoost,2015.2626262626263,599.0010362684483
All,CatBoost,2015.3636363636363,599.0010362684483
All,CatBoost,2015.4646464646464,599.0010362684483
All,CatBoost,2015.5656565656566,605.3320850623923
All,CatBoost,2015.6666666666667,605.3320850623923
All,CatBoost,2015.7676767676767,605.3320850623923
All,CatBoost,2015.8686868686868,605.3320850623923
All,CatBoost,2015.969696969697,605.3320850623923
All,CatBoost,2016.0707070707072,605.3320850623923
All,CatBoost,2016.171717171717,605.3320850623923
All,CatBoost,2016.2727272727273,605.3320850623923
All,CatBoost,2016.3737373737374,605.3320850623923
All,CatBoost,2016.4747474747476,605.3320850623923
All,CatBoost,2016.5757575757575,604.197867422544
All,CatBoost,2016.6767676767677,604.197867422544
All,CatBoost,2016.7777777777778,604.197867422544
All,CatBoost,2016.878787878788,604.197867422544
All,CatBoost,2016.979797979798,604.197867422544
All,CatBoost,2017.080808080808,604.197867422544
All,CatBoost,2017.1818181818182,604.197867422544
All,CatBoost,2017.2828282828282,604.197867422544
All,CatBoost,2017.3838383838383,604.197867422544
All,CatBoost,2017.4848484848485,604.197867422544
All,CatBoost,2017.5858585858587,606.2214844873846
All,CatBoost,2017.6868686868686,606.2214844873846
All,CatBoost,2017.7878787878788,606.2214844873846
All,CatBoost,2017.888888888889,606.2214844873846
All,CatBoost,2017.989898989899,606.2214844873846
All,CatBoost,2018.090909090909,606.2214844873846
All,CatBoost,2018.1919191919192,606.2214844873846
All,CatBoost,2018.2929292929293,606.2214844873846
All,CatBoost,2018.3939393939395,606.2214844873846
All,CatBoost,2018.4949494949494,606.2214844873846
All,CatBoost,2018.5959595959596,600.5373735577493
All,CatBoost,2018.6969696969697,600.5373735577493
All,CatBoost,2018.79797979798,600.5373735577493
All,CatBoost,2018.8989898989898,600.5373735577493
All,CatBoost,2019.0,600.5373735577493
All,XGBoost,2009.0,574.503662109375
All,XGBoost,2009.1010101010102,574.503662109375
All,XGBoost,2009.20202020202,574.503662109375
All,XGBoost,2009.3030303030303,574.503662109375
All,XGBoost,2009.4040404040404,574.503662109375
All,XGBoost,2009.5050505050506,574.503662109375
All,XGBoost,2009.6060606060605,574.503662109375
All,XGBoost,2009.7070707070707,574.503662109375
All,XGBoost,2009.8080808080808,574.503662109375
All,XGBoost,2009.909090909091,574.503662109375
All,XGBoost,2010.010101010101,572.88916015625
All,XGBoost,2010.111111111111,572.88916015625
All,XGBoost,2010.2121212121212,572.88916015625
All,XGBoost,2010.3131313131314,572.88916015625
All,XGBoost,2010.4141414141413,572.88916015625
All,XGBoost,2010.5151515151515,572.88916015625
All,XGBoost,2010.6161616161617,572.88916015625
All,XGBoost,2010.7171717171718,572.88916015625
All,XGBoost,2010.8181818181818,572.88916015625
All,XGBoost,2010.919191919192,572.88916015625
All,XGBoost,2011.020202020202,579.8265380859375
All,XGBoost,2011.121212121212,579.8265380859375
All,XGBoost,2011.2222222222222,579.8265380859375
All,XGBoost,2011.3232323232323,579.8265380859375
All,XGBoost,2011.4242424242425,579.8265380859375
All,XGBoost,2011.5252525252524,579.8265380859375
All,XGBoost,2011.6262626262626,579.8265380859375
All,XGBoost,2011.7272727272727,579.8265380859375
All,XGBoost,2011.828282828283,579.8265380859375
All,XGBoost,2011.9292929292928,579.8265380859375
All,XGBoost,2012.030303030303,579.1651000976562
All,XGBoost,2012.1313131313132,579.1651000976562
All,XGBoost,2012.2323232323233,579.1651000976562
All,XGBoost,2012.3333333333333,579.1651000976562
All,XGBoost,2012.4343434343434,579.1651000976562
All,XGBoost,2012.5353535353536,579.1651000976562
All,XGBoost,2012.6363636363637,579.1651000976562
All,XGBoost,2012.7373737373737,579.1651000976562
All,XGBoost,2012.8383838383838,579.1651000976562
All,XGBoost,2012.939393939394,579.1651000976562
All,XGBoost,2013.040404040404,575.4575805664062
All,XGBoost,2013.141414141414,575.4575805664062
All,XGBoost,2013.2424242424242,575.4575805664062
All,XGBoost,2013.3434343434344,575.4575805664062
All,XGBoost,2013.4444444444443,575.4575805664062
All,XGBoost,2013.5454545454545,575.4575805664062
All,XGBoost,2013.6464646464647,575.4575805664062
All,XGBoost,2013.7474747474748,575.4575805664062
All,XGBoost,2013.8484848484848,575.4575805664062
All,XGBoost,2013.949494949495,575.4575805664062
All,XGBoost,2014.050505050505,579.7335815429688
All,XGBoost,2014.1515151515152,579.7335815429688
All,XGBoost,2014.2525252525252,579.7335815429688
All,XGBoost,2014.3535353535353,579.7335815429688
All,XGBoost,2014.4545454545455,579.7335815429688
All,XGBoost,2014.5555555555557,579.7335815429688
All,XGBoost,2014.6565656565656,579.7335815429688
All,XGBoost,2014.7575757575758,579.7335815429688
All,XGBoost,2014.858585858586,579.7335815429688
All,XGBoost,2014.959595959596,579.7335815429688
All,XGBoost,2015.060606060606,599.3018798828125
All,XGBoost,2015.1616161616162,599.3018798828125
All,XGBoost,2015.2626262626263,599.3018798828125
All,XGBoost,2015.3636363636363,599.3018798828125
All,XGBoost,2015.4646464646464,599.3018798828125
All,XGBoost,2015.5656565656566,599.3018798828125
All,XGBoost,2015.6666666666667,599.3018798828125
All,XGBoost,2015.7676767676767,599.3018798828125
All,XGBoost,2015.8686868686868,599.3018798828125
All,XGBoost,2015.969696969697,599.3018798828125
All,XGBoost,2016.0707070707072,604.3425903320312
All,XGBoost,2016.171717171717,604.3425903320312
All,XGBoost,2016.2727272727273,604.3425903320312
All,XGBoost,2016.3737373737374,604.3425903320312
All,XGBoost,2016.4747474747476,604.3425903320312
All,XGBoost,2016.5757575757575,604.3425903320312
All,XGBoost,2016.6767676767677,604.3425903320312
All,XGBoost,2016.7777777777778,604.3425903320312
All,XGBoost,2016.878787878788,604.3425903320312
All,XGBoost,2016.979797979798,604.3425903320312
All,XGBoost,2017.080808080808,604.591552734375
All,XGBoost,2017.1818181818182,604.591552734375
All,XGBoost,2017.2828282828282,604.591552734375
All,XGBoost,2017.3838383838383,604.591552734375
All,XGBoost,2017.4848484848485,604.591552734375
All,XGBoost,2017.5858585858587,604.591552734375
All,XGBoost,2017.6868686868686,604.591552734375
All,XGBoost,2017.7878787878788,604.591552734375
All,XGBoost,2017.888888888889,604.591552734375
All,XGBoost,2017.989898989899,604.591552734375
All,XGBoost,2018.090909090909,608.158447265625
All,XGBoost,2018.1919191919192,608.158447265625
All,XGBoost,2018.2929292929293,608.158447265625
All,XGBoost,2018.3939393939395,608.158447265625
All,XGBoost,2018.4949494949494,608.158447265625
All,XGBoost,2018.5959595959596,608.158447265625
All,XGBoost,2018.6969696969697,608.158447265625
All,XGBoost,2018.79797979798,608.158447265625
All,XGBoost,2018.8989898989898,608.158447265625
All,XGBoost,2019.0,606.7774658203125
Mornings,CatBoost,2009.0,699.1235782843302
Mornings,CatBoost,2009.1010101010102,699.1235782843302
Mornings,CatBoost,2009.20202020202,699.1235782843302
Mornings,CatBoost,2009.3030303030303,699.1235782843302
Mornings,CatBoost,2009.4040404040404,699.1235782843302
Mornings,CatBoost,2009.5050505050506,691.433410125981
Mornings,CatBoost,2009.6060606060605,691.433410125981
Mornings,CatBoost,2009.7070707070707,691.433410125981
Mornings,CatBoost,2009.8080808080808,691.433410125981
Mornings,CatBoost,2009.909090909091,691.433410125981
Mornings,CatBoost,2010.010101010101,691.433410125981
Mornings,CatBoost,2010.111111111111,691.433410125981
Mornings,CatBoost,2010.2121212121212,691.433410125981
Mornings,CatBoost,2010.3131313131314,691.433410125981
Mornings,CatBoost,2010.4141414141413,691.433410125981
Mornings,CatBoost,2010.5151515151515,701.6484410390333
Mornings,CatBoost,2010.6161616161617,701.6484410390333
Mornings,CatBoost,2010.7171717171718,701.6484410390333
Mornings,CatBoost,2010.8181818181818,701.6484410390333
Mornings,CatBoost,2010.919191919192,701.6484410390333
Mornings,CatBoost,2011.020202020202,701.6484410390333
Mornings,CatBoost,2011.121212121212,701.6484410390333
Mornings,CatBoost,2011.2222222222222,701.6484410390333
Mornings,CatBoost,2011.3232323232323,701.6484410390333
Mornings,CatBoost,2011.4242424242425,701.6484410390333
Mornings,CatBoost,2011.5252525252524,704.4356775491863
Mornings,CatBoost,2011.6262626262626,704.4356775491863
Mornings,CatBoost,2011.7272727272727,704.4356775491863
Mornings,CatBoost,2011.828282828283,704.4356775491863
Mornings,CatBoost,2011.9292929292928,704.4356775491863
Mornings,CatBoost,2012.030303030303,704.4356775491863
Mornings,CatBoost,2012.1313131313132,704.4356775491863
Mornings,CatBoost,2012.2323232323233,704.4356775491863
Mornings,CatBoost,2012.3333333333333,704.4356775491863
Mornings,CatBoost,2012.4343434343434,704.4356775491863
Mornings,CatBoost,2012.5353535353536,696.7710748851532
Mornings,CatBoost,2012.6363636363637,696.7710748851532
Mornings,CatBoost,2012.7373737373737,696.7710748851532
Mornings,CatBoost,2012.8383838383838,696.7710748851532
Mornings,CatBoost,2012.939393939394,696.7710748851532
Mornings,CatBoost,2013.040404040404,696.7710748851532
Mornings,CatBoost,2013.141414141414,696.7710748851532
Mornings,CatBoost,2013.2424242424242,696.7710748851532
Mornings,CatBoost,2013.3434343434344,696.7710748851532
Mornings,CatBoost,2013.4444444444443,696.7710748851532
Mornings,CatBoost,2013.5454545454545,711.4509663914807
Mornings,CatBoost,2013.6464646464647,711.4509663914807
Mornings,CatBoost,2013.7474747474748,711.4509663914807
Mornings,CatBoost,2013.8484848484848,711.4509663914807
Mornings,CatBoost,2013.949494949495,711.4509663914807
Mornings,CatBoost,2014.050505050505,711.4509663914807
Mornings,CatBoost,2014.1515151515152,711.4509663914807
Mornings,CatBoost,2014.2525252525252,711.4509663914807
Mornings,CatBoost,2014.3535353535353,711.4509663914807
Mornings,CatBoost,2014.4545454545455,711.4509663914807
Mornings,CatBoost,2014.5555555555557,716.3339861664126
Mornings,CatBoost,2014.6565656565656,716.3339861664126
Mornings,CatBoost,2014.7575757575758,716.3339861664126
Mornings,CatBoost,2014.858585858586,716.3339861664126
Mornings,CatBoost,2014.959595959596,716.3339861664126
Mornings,CatBoost,2015.060606060606,716.3339861664126
Mornings,CatBoost,2015.1616161616162,716.3339861664126
Mornings,CatBoost,2015.2626262626263,716.3339861664126
Mornings,CatBoost,2015.3636363636363,716.3339861664126
Mornings,CatBoost,2015.4646464646464,716.3339861664126
Mornings,CatBoost,2015.5656565656566,726.7541783881509
Mornings,CatBoost,2015.6666666666667,726.7541783881509
Mornings,CatBoost,2015.7676767676767,726.7541783881509
Mornings,CatBoost,2015.8686868686868,726.7541783881509
Mornings,CatBoost,2015.969696969697,726.7541783881509
Mornings,CatBoost,2016.0707070707072,726.7541783881509
Mornings,CatBoost,2016.171717171717,726.7541783881509
Mornings,CatBoost,2016.2727272727273,726.7541783881509
Mornings,CatBoost,2016.3737373737374,726.7541783881509
Mornings,CatBoost,2016.4747474747476,726.7541783881509
Mornings,CatBoost,2016.5757575757575,734.6864187133388
Mornings,CatBoost,2016.6767676767677,734.6864187133388
Mornings,CatBoost,2016.7777777777778,734.6864187133388
Mornings,CatBoost,2016.878787878788,734.6864187133388
Mornings,CatBoost,2016.979797979798,734.6864187133388
Mornings,CatBoost,2017.080808080808,734.6864187133388
Mornings,CatBoost,2017.1818181818182,734.6864187133388
Mornings,CatBoost,2017.2828282828282,734.6864187133388
Mornings,CatBoost,2017.3838383838383,734.6864187133388
Mornings,CatBoost,2017.4848484848485,734.6864187133388
Mornings,CatBoost,2017.5858585858587,739.6179884222373
Mornings,CatBoost,2017.6868686868686,739.6179884222373
Mornings,CatBoost,2017.7878787878788,739.6179884222373
Mornings,CatBoost,2017.888888888889,739.6179884222373
Mornings,CatBoost,2017.989898989899,739.6179884222373
Mornings,CatBoost,2018.090909090909,739.6179884222373
Mornings,CatBoost,2018.1919191919192,739.6179884222373
Mornings,CatBoost,2018.2929292929293,739.6179884222373
Mornings,CatBoost,2018.3939393939395,739.6179884222373
Mornings,CatBoost,2018.4949494949494,739.6179884222373
Mornings,CatBoost,2018.5959595959596,738.0914676832488
Mornings,CatBoost,2018.6969696969697,738.0914676832488
Mornings,CatBoost,2018.79797979798,738.0914676832488
Mornings,CatBoost,2018.8989898989898,738.0914676832488
Mornings,CatBoost,2019.0,738.0914676832488
Mornings,LightGBM,2009.0,699.7306991268077
Mornings,LightGBM,2009.1010101010102,699.7306991268077
Mornings,LightGBM,2009.20202020202,699.7306991268077
Mornings,LightGBM,2009.3030303030303,699.7306991268077
Mornings,LightGBM,2009.4040404040404,699.7306991268077
Mornings,LightGBM,2009.5050505050506,708.8002305688635
Mornings,LightGBM,2009.6060606060605,708.8002305688635
Mornings,LightGBM,2009.7070707070707,708.8002305688635
Mornings,LightGBM,2009.8080808080808,708.8002305688635
Mornings,LightGBM,2009.909090909091,708.8002305688635
Mornings,LightGBM,2010.010101010101,708.8002305688635
Mornings,LightGBM,2010.111111111111,708.8002305688635
Mornings,LightGBM,2010.2121212121212,708.8002305688635
Mornings,LightGBM,2010.3131313131314,708.8002305688635
Mornings,LightGBM,2010.4141414141413,708.8002305688635
Mornings,LightGBM,2010.5151515151515,709.6495637607119
Mornings,LightGBM,2010.6161616161617,709.6495637607119
Mornings,LightGBM,2010.7171717171718,709.6495637607119
Mornings,LightGBM,2010.8181818181818,709.6495637607119
Mornings,LightGBM,2010.919191919192,709.6495637607119
Mornings,LightGBM,2011.020202020202,709.6495637607119
Mornings,LightGBM,2011.121212121212,709.6495637607119
Mornings,LightGBM,2011.2222222222222,709.6495637607119
Mornings,LightGBM,2011.3232323232323,709.6495637607119
Mornings,LightGBM,2011.4242424242425,709.6495637607119
Mornings,LightGBM,2011.5252525252524,713.5045748046274
Mornings,LightGBM,2011.6262626262626,713.5045748046274
Mornings,LightGBM,2011.7272727272727,713.5045748046274
Mornings,LightGBM,2011.828282828283,713.5045748046274
Mornings,LightGBM,2011.9292929292928,713.5045748046274
Mornings,LightGBM,2012.030303030303,713.5045748046274
Mornings,LightGBM,2012.1313131313132,713.5045748046274
Mornings,LightGBM,2012.2323232323233,713.5045748046274
Mornings,LightGBM,2012.3333333333333,713.5045748046274
Mornings,LightGBM,2012.4343434343434,713.5045748046274
Mornings,LightGBM,2012.5353535353536,704.0606072253368
Mornings,LightGBM,2012.6363636363637,704.0606072253368
Mornings,LightGBM,2012.7373737373737,704.0606072253368
Mornings,LightGBM,2012.8383838383838,704.0606072253368
Mornings,LightGBM,2012.939393939394,704.0606072253368
Mornings,LightGBM,2013.040404040404,704.0606072253368
Mornings,LightGBM,2013.141414141414,704.0606072253368
Mornings,LightGBM,2013.2424242424242,704.0606072253368
Mornings,LightGBM,2013.3434343434344,704.0606072253368
Mornings,LightGBM,2013.4444444444443,704.0606072253368
Mornings,LightGBM,2013.5454545454545,709.0193320323411
Mornings,LightGBM,2013.6464646464647,709.0193320323411
Mornings,LightGBM,2013.7474747474748,709.0193320323411
Mornings,LightGBM,2013.8484848484848,709.0193320323411
Mornings,LightGBM,2013.949494949495,709.0193320323411
Mornings,LightGBM,2014.050505050505,709.0193320323411
Mornings,LightGBM,2014.1515151515152,709.0193320323411
Mornings,LightGBM,2014.2525252525252,709.0193320323411
Mornings,LightGBM,2014.3535353535353,709.0193320323411
Mornings,LightGBM,2014.4545454545455,709.0193320323411
Mornings,LightGBM,2014.5555555555557,713.2288281833441
Mornings,LightGBM,2014.6565656565656,713.2288281833441
Mornings,LightGBM,2014.7575757575758,713.2288281833441
Mornings,LightGBM,2014.858585858586,713.2288281833441
Mornings,LightGBM,2014.959595959596,713.2288281833441
Mornings,LightGBM,2015.060606060606,713.2288281833441
Mornings,LightGBM,2015.1616161616162,713.2288281833441
Mornings,LightGBM,2015.2626262626263,713.2288281833441
Mornings,LightGBM,2015.3636363636363,713.2288281833441
Mornings,LightGBM,2015.4646464646464,713.2288281833441
Mornings,LightGBM,2015.5656565656566,716.446493990062
Mornings,LightGBM,2015.6666666666667,716.446493990062
Mornings,LightGBM,2015.7676767676767,716.446493990062
Mornings,LightGBM,2015.8686868686868,716.446493990062
Mornings,LightGBM,2015.969696969697,716.446493990062
Mornings,LightGBM,2016.0707070707072,716.446493990062
Mornings,LightGBM,2016.171717171717,716.446493990062
Mornings,LightGBM,2016.2727272727273,716.446493990062
Mornings,LightGBM,2016.3737373737374,716.446493990062
Mornings,LightGBM,2016.4747474747476,716.446493990062
Mornings,LightGBM,2016.5757575757575,723.9949938172032
Mornings,LightGBM,2016.6767676767677,723.9949938172032
Mornings,LightGBM,2016.7777777777778,723.9949938172032
Mornings,LightGBM,2016.878787878788,723.9949938172032
Mornings,LightGBM,2016.979797979798,723.9949938172032
Mornings,LightGBM,2017.080808080808,723.9949938172032
Mornings,LightGBM,2017.1818181818182,723.9949938172032
Mornings,LightGBM,2017.2828282828282,723.9949938172032
Mornings,LightGBM,2017.3838383838383,723.9949938172032
Mornings,LightGBM,2017.4848484848485,723.9949938172032
Mornings,LightGBM,2017.5858585858587,731.0013252923687
Mornings,LightGBM,2017.6868686868686,731.0013252923687
Mornings,LightGBM,2017.7878787878788,731.0013252923687
Mornings,LightGBM,2017.888888888889,731.0013252923687
Mornings,LightGBM,2017.989898989899,731.0013252923687
Mornings,LightGBM,2018.090909090909,731.0013252923687
Mornings,LightGBM,2018.1919191919192,731.0013252923687
Mornings,LightGBM,2018.2929292929293,731.0013252923687
Mornings,LightGBM,2018.3939393939395,731.0013252923687
Mornings,LightGBM,2018.4949494949494,731.0013252923687
Mornings,LightGBM,2018.5959595959596,732.0436092308281
Mornings,LightGBM,2018.6969696969697,732.0436092308281
Mornings,LightGBM,2018.79797979798,732.0436092308281
Mornings,LightGBM,2018.8989898989898,732.0436092308281
Mornings,LightGBM,2019.0,732.0436092308281
Mornings,XGBoost,2009.0,699.9464111328125
Mornings,XGBoost,2009.1010101010102,699.9464111328125
Mornings,XGBoost,2009.20202020202,699.9464111328125
Mornings,XGBoost,2009.3030303030303,699.9464111328125
Mornings,XGBoost,2009.4040404040404,699.9464111328125
Mornings,XGBoost,2009.5050505050506,699.9464111328125
Mornings,XGBoost,2009.6060606060605,699.9464111328125
Mornings,XGBoost,2009.7070707070707,699.9464111328125
Mornings,XGBoost,2009.8080808080808,699.9464111328125
Mornings,XGBoost,2009.909090909091,699.9464111328125
Mornings,XGBoost,2010.010101010101,697.8101806640625
Mornings,XGBoost,2010.111111111111,697.8101806640625
Mornings,XGBoost,2010.2121212121212,697.8101806640625
Mornings,XGBoost,2010.3131313131314,697.8101806640625
Mornings,XGBoost,2010.4141414141413,697.8101806640625
Mornings,XGBoost,2010.5151515151515,697.8101806640625
Mornings,XGBoost,2010.6161616161617,697.8101806640625
Mornings,XGBoost,2010.7171717171718,697.8101806640625
Mornings,XGBoost,2010.8181818181818,697.8101806640625
Mornings,XGBoost,2010.919191919192,697.8101806640625
Mornings,XGBoost,2011.020202020202,702.04052734375
Mornings,XGBoost,2011.121212121212,702.04052734375
Mornings,XGBoost,2011.2222222222222,702.04052734375
Mornings,XGBoost,2011.3232323232323,702.04052734375
Mornings,XGBoost,2011.4242424242425,702.04052734375
Mornings,XGBoost,2011.5252525252524,702.04052734375
Mornings,XGBoost,2011.6262626262626,702.04052734375
Mornings,XGBoost,2011.7272727272727,702.04052734375
Mornings,XGBoost,2011.828282828283,702.04052734375
Mornings,XGBoost,2011.9292929292928,702.04052734375
Mornings,XGBoost,2012.030303030303,705.6242065429688
Mornings,XGBoost,2012.1313131313132,705.6242065429688
Mornings,XGBoost,2012.2323232323233,705.6242065429688
Mornings,XGBoost,2012.3333333333333,705.6242065429688
Mornings,XGBoost,2012.4343434343434,705.6242065429688
Mornings,XGBoost,2012.5353535353536,705.6242065429688
Mornings,XGBoost,2012.6363636363637,705.6242065429688
Mornings,XGBoost,2012.7373737373737,705.6242065429688
Mornings,XGBoost,2012.8383838383838,705.6242065429688
Mornings,XGBoost,2012.939393939394,705.6242065429688
Mornings,XGBoost,2013.040404040404,697.296875
Mornings,XGBoost,2013.141414141414,697.296875
Mornings,XGBoost,2013.2424242424242,697.296875
Mornings,XGBoost,2013.3434343434344,697.296875
Mornings,XGBoost,2013.4444444444443,697.296875
Mornings,XGBoost,2013.5454545454545,697.296875
Mornings,XGBoost,2013.6464646464647,697.296875
Mornings,XGBoost,2013.7474747474748,697.296875
Mornings,XGBoost,2013.8484848484848,697.296875
Mornings,XGBoost,2013.949494949495,697.296875
Mornings,XGBoost,2014.050505050505,707.3450927734375
Mornings,XGBoost,2014.1515151515152,707.3450927734375
Mornings,XGBoost,2014.2525252525252,707.3450927734375
Mornings,XGBoost,2014.3535353535353,707.3450927734375
Mornings,XGBoost,2014.4545454545455,707.3450927734375
Mornings,XGBoost,2014.5555555555557,707.3450927734375
Mornings,XGBoost,2014.6565656565656,707.3450927734375
Mornings,XGBoost,2014.7575757575758,707.3450927734375
Mornings,XGBoost,2014.858585858586,707.3450927734375
Mornings,XGBoost,2014.959595959596,707.3450927734375
Mornings,XGBoost,2015.060606060606,722.4095458984375
Mornings,XGBoost,2015.1616161616162,722.4095458984375
Mornings,XGBoost,2015.2626262626263,722.4095458984375
Mornings,XGBoost,2015.3636363636363,722.4095458984375
Mornings,XGBoost,2015.4646464646464,722.4095458984375
Mornings,XGBoost,2015.5656565656566,722.4095458984375
Mornings,XGBoost,2015.6666666666667,722.4095458984375
Mornings,XGBoost,2015.7676767676767,722.4095458984375
Mornings,XGBoost,2015.8686868686868,722.4095458984375
Mornings,XGBoost,2015.969696969697,722.4095458984375
Mornings,XGBoost,2016.0707070707072,725.4451293945312
Mornings,XGBoost,2016.171717171717,725.4451293945312
Mornings,XGBoost,2016.2727272727273,725.4451293945312
Mornings,XGBoost,2016.3737373737374,725.4451293945312
Mornings,XGBoost,2016.4747474747476,725.4451293945312
Mornings,XGBoost,2016.5757575757575,725.4451293945312
Mornings,XGBoost,2016.6767676767677,725.4451293945312
Mornings,XGBoost,2016.7777777777778,725.4451293945312
Mornings,XGBoost,2016.878787878788,725.4451293945312
Mornings,XGBoost,2016.979797979798,725.4451293945312
Mornings,XGBoost,2017.080808080808,730.5740356445312
Mornings,XGBoost,2017.1818181818182,730.5740356445312
Mornings,XGBoost,2017.2828282828282,730.5740356445312
Mornings,XGBoost,2017.3838383838383,730.5740356445312
Mornings,XGBoost,2017.4848484848485,730.5740356445312
Mornings,XGBoost,2017.5858585858587,730.5740356445312
Mornings,XGBoost,2017.6868686868686,730.5740356445312
Mornings,XGBoost,2017.7878787878788,730.5740356445312
Mornings,XGBoost,2017.888888888889,730.5740356445312
Mornings,XGBoost,2017.989898989899,730.5740356445312
Mornings,XGBoost,2018.090909090909,742.1856079101562
Mornings,XGBoost,2018.1919191919192,742.1856079101562
Mornings,XGBoost,2018.2929292929293,742.1856079101562
Mornings,XGBoost,2018.3939393939395,742.1856079101562
Mornings,XGBoost,2018.4949494949494,742.1856079101562
Mornings,XGBoost,2018.5959595959596,742.1856079101562
Mornings,XGBoost,2018.6969696969697,742.1856079101562
Mornings,XGBoost,2018.79797979798,742.1856079101562
Mornings,XGBoost,2018.8989898989898,742.1856079101562
Mornings,XGBoost,2019.0,741.9200439453125
Lunches,CatBoost,2009.0,1090.2772050535466
Lunches,CatBoost,2009.1010101010102,1090.2772050535466
Lunches,CatBoost,2009.20202020202,1090.2772050535466
Lunches,CatBoost,2009.3030303030303,1090.2772050535466
Lunches,CatBoost,2009.4040404040404,1090.2772050535466
Lunches,CatBoost,2009.5050505050506,1067.6783479490543
Lunches,CatBoost,2009.6060606060605,1067.6783479490543
Lunches,CatBoost,2009.7070707070707,1067.6783479490543
Lunches,CatBoost,2009.8080808080808,1067.6783479490543
Lunches,CatBoost,2009.909090909091,1067.6783479490543
Lunches,CatBoost,2010.010101010101,1067.6783479490543
Lunches,CatBoost,2010.111111111111,1067.6783479490543
Lunches,CatBoost,2010.2121212121212,1067.6783479490543
Lunches,CatBoost,2010.3131313131314,1067.6783479490543
Lunches,CatBoost,2010.4141414141413,1067.6783479490543
Lunches,CatBoost,2010.5151515151515,1089.0260255401738
Lunches,CatBoost,2010.6161616161617,1089.0260255401738
Lunches,CatBoost,2010.7171717171718,1089.0260255401738
Lunches,CatBoost,2010.8181818181818,1089.0260255401738
Lunches,CatBoost,2010.919191919192,1089.0260255401738
Lunches,CatBoost,2011.020202020202,1089.0260255401738
Lunches,CatBoost,2011.121212121212,1089.0260255401738
Lunches,CatBoost,2011.2222222222222,1089.0260255401738
Lunches,CatBoost,2011.3232323232323,1089.0260255401738
Lunches,CatBoost,2011.4242424242425,1089.0260255401738
Lunches,CatBoost,2011.5252525252524,1092.3512779255414
Lunches,CatBoost,2011.6262626262626,1092.3512779255414
Lunches,CatBoost,2011.7272727272727,1092.3512779255414
Lunches,CatBoost,2011.828282828283,1092.3512779255414
Lunches,CatBoost,2011.9292929292928,1092.3512779255414
Lunches,CatBoost,2012.030303030303,1092.3512779255414
Lunches,CatBoost,2012.1313131313132,1092.3512779255414
Lunches,CatBoost,2012.2323232323233,1092.3512779255414
Lunches,CatBoost,2012.3333333333333,1092.3512779255414
Lunches,CatBoost,2012.4343434343434,1092.3512779255414
Lunches,CatBoost,2012.5353535353536,1088.0729990200696
Lunches,CatBoost,2012.6363636363637,1088.0729990200696
Lunches,CatBoost,2012.7373737373737,1088.0729990200696
Lunches,CatBoost,2012.8383838383838,1088.0729990200696
Lunches,CatBoost,2012.939393939394,1088.0729990200696
Lunches,CatBoost,2013.040404040404,1088.0729990200696
Lunches,CatBoost,2013.141414141414,1088.0729990200696
Lunches,CatBoost,2013.2424242424242,1088.0729990200696
Lunches,CatBoost,2013.3434343434344,1088.0729990200696
Lunches,CatBoost,2013.4444444444443,1088.0729990200696
Lunches,CatBoost,2013.5454545454545,1097.2633517908453
Lunches,CatBoost,2013.6464646464647,1097.2633517908453
Lunches,CatBoost,2013.7474747474748,1097.2633517908453
Lunches,CatBoost,2013.8484848484848,1097.2633517908453
Lunches,CatBoost,2013.949494949495,1097.2633517908453
Lunches,CatBoost,2014.050505050505,1097.2633517908453
Lunches,CatBoost,2014.1515151515152,1097.2633517908453
Lunches,CatBoost,2014.2525252525252,1097.2633517908453
Lunches,CatBoost,2014.3535353535353,1097.2633517908453
Lunches,CatBoost,2014.4545454545455,1097.2633517908453
Lunches,CatBoost,2014.5555555555557,1107.9462304186488
Lunches,CatBoost,2014.6565656565656,1107.9462304186488
Lunches,CatBoost,2014.7575757575758,1107.9462304186488
Lunches,CatBoost,2014.858585858586,1107.9462304186488
Lunches,CatBoost,2014.959595959596,1107.9462304186488
Lunches,CatBoost,2015.060606060606,1107.9462304186488
Lunches,CatBoost,2015.1616161616162,1107.9462304186488
Lunches,CatBoost,2015.2626262626263,1107.9462304186488
Lunches,CatBoost,2015.3636363636363,1107.9462304186488
Lunches,CatBoost,2015.4646464646464,1107.9462304186488
Lunches,CatBoost,2015.5656565656566,1124.2370018213335
Lunches,CatBoost,2015.6666666666667,1124.2370018213335
Lunches,CatBoost,2015.7676767676767,1124.2370018213335
Lunches,CatBoost,2015.8686868686868,1124.2370018213335
Lunches,CatBoost,2015.969696969697,1124.2370018213335
Lunches,CatBoost,2016.0707070707072,1124.2370018213335
Lunches,CatBoost,2016.171717171717,1124.2370018213335
Lunches,CatBoost,2016.2727272727273,1124.2370018213335
Lunches,CatBoost,2016.3737373737374,1124.2370018213335
Lunches,CatBoost,2016.4747474747476,1124.2370018213335
Lunches,CatBoost,2016.5757575757575,1124.6686695051785
Lunches,CatBoost,2016.6767676767677,1124.6686695051785
Lunches,CatBoost,2016.7777777777778,1124.6686695051785
Lunches,CatBoost,2016.878787878788,1124.6686695051785
Lunches,CatBoost,2016.979797979798,1124.6686695051785
Lunches,CatBoost,2017.080808080808,1124.6686695051785
Lunches,CatBoost,2017.1818181818182,1124.6686695051785
Lunches,CatBoost,2017.2828282828282,1124.6686695051785
Lunches,CatBoost,2017.3838383838383,1124.6686695051785
Lunches,CatBoost,2017.4848484848485,1124.6686695051785
Lunches,CatBoost,2017.5858585858587,1128.2174037810994
Lunches,CatBoost,2017.6868686868686,1128.2174037810994
Lunches,CatBoost,2017.7878787878788,1128.2174037810994
Lunches,CatBoost,2017.888888888889,1128.2174037810994
Lunches,CatBoost,2017.989898989899,1128.2174037810994
Lunches,CatBoost,2018.090909090909,1128.2174037810994
Lunches,CatBoost,2018.1919191919192,1128.2174037810994
Lunches,CatBoost,2018.2929292929293,1128.2174037810994
Lunches,CatBoost,2018.3939393939395,1128.2174037810994
Lunches,CatBoost,2018.4949494949494,1128.2174037810994
Lunches,CatBoost,2018.5959595959596,1116.8234311239
Lunches,CatBoost,2018.6969696969697,1116.8234311239
Lunches,CatBoost,2018.79797979798,1116.8234311239
Lunches,CatBoost,2018.8989898989898,1116.8234311239
Lunches,CatBoost,2019.0,1116.8234311239
Lunches,LightGBM,2009.0,1091.789706504394
Lunches,LightGBM,2009.1010101010102,1091.789706504394
Lunches,LightGBM,2009.20202020202,1091.789706504394
Lunches,LightGBM,2009.3030303030303,1091.789706504394
Lunches,LightGBM,2009.4040404040404,1091.789706504394
Lunches,LightGBM,2009.5050505050506,1081.9419953806164
Lunches,LightGBM,2009.6060606060605,1081.9419953806164
Lunches,LightGBM,2009.7070707070707,1081.9419953806164
Lunches,LightGBM,2009.8080808080808,1081.9419953806164
Lunches,LightGBM,2009.909090909091,1081.9419953806164
Lunches,LightGBM,2010.010101010101,1081.9419953806164
Lunches,LightGBM,2010.111111111111,1081.9419953806164
Lunches,LightGBM,2010.2121212121212,1081.9419953806164
Lunches,LightGBM,2010.3131313131314,1081.9419953806164
Lunches,LightGBM,2010.4141414141413,1081.9419953806164
Lunches,LightGBM,2010.5151515151515,1098.2704515548892
Lunches,LightGBM,2010.6161616161617,1098.2704515548892
Lunches,LightGBM,2010.7171717171718,1098.2704515548892
Lunches,LightGBM,2010.8181818181818,1098.2704515548892
Lunches,LightGBM,2010.919191919192,1098.2704515548892
Lunches,LightGBM,2011.020202020202,1098.2704515548892
Lunches,LightGBM,2011.121212121212,1098.2704515548892
Lunches,LightGBM,2011.2222222222222,1098.2704515548892
Lunches,LightGBM,2011.3232323232323,1098.2704515548892
Lunches,LightGBM,2011.4242424242425,1098.2704515548892
Lunches,LightGBM,2011.5252525252524,1100.719251529007
Lunches,LightGBM,2011.6262626262626,1100.719251529007
Lunches,LightGBM,2011.7272727272727,1100.719251529007
Lunches,LightGBM,2011.828282828283,1100.719251529007
Lunches,LightGBM,2011.9292929292928,1100.719251529007
Lunches,LightGBM,2012.030303030303,1100.719251529007
Lunches,LightGBM,2012.1313131313132,1100.719251529007
Lunches,LightGBM,2012.2323232323233,1100.719251529007
Lunches,LightGBM,2012.3333333333333,1100.719251529007
Lunches,LightGBM,2012.4343434343434,1100.719251529007
Lunches,LightGBM,2012.5353535353536,1097.1674953441252
Lunches,LightGBM,2012.6363636363637,1097.1674953441252
Lunches,LightGBM,2012.7373737373737,1097.1674953441252
Lunches,LightGBM,2012.8383838383838,1097.1674953441252
Lunches,LightGBM,2012.939393939394,1097.1674953441252
Lunches,LightGBM,2013.040404040404,1097.1674953441252
Lunches,LightGBM,2013.141414141414,1097.1674953441252
Lunches,LightGBM,2013.2424242424242,1097.1674953441252
Lunches,LightGBM,2013.3434343434344,1097.1674953441252
Lunches,LightGBM,2013.4444444444443,1097.1674953441252
Lunches,LightGBM,2013.5454545454545,1100.417450486341
Lunches,LightGBM,2013.6464646464647,1100.417450486341
Lunches,LightGBM,2013.7474747474748,1100.417450486341
Lunches,LightGBM,2013.8484848484848,1100.417450486341
Lunches,LightGBM,2013.949494949495,1100.417450486341
Lunches,LightGBM,2014.050505050505,1100.417450486341
Lunches,LightGBM,2014.1515151515152,1100.417450486341
Lunches,LightGBM,2014.2525252525252,1100.417450486341
Lunches,LightGBM,2014.3535353535353,1100.417450486341
Lunches,LightGBM,2014.4545454545455,1100.417450486341
Lunches,LightGBM,2014.5555555555557,1115.7528834945651
Lunches,LightGBM,2014.6565656565656,1115.7528834945651
Lunches,LightGBM,2014.7575757575758,1115.7528834945651
Lunches,LightGBM,2014.858585858586,1115.7528834945651
Lunches,LightGBM,2014.959595959596,1115.7528834945651
Lunches,LightGBM,2015.060606060606,1115.7528834945651
Lunches,LightGBM,2015.1616161616162,1115.7528834945651
Lunches,LightGBM,2015.2626262626263,1115.7528834945651
Lunches,LightGBM,2015.3636363636363,1115.7528834945651
Lunches,LightGBM,2015.4646464646464,1115.7528834945651
Lunches,LightGBM,2015.5656565656566,1120.5588043671255
Lunches,LightGBM,2015.6666666666667,1120.5588043671255
Lunches,LightGBM,2015.7676767676767,1120.5588043671255
Lunches,LightGBM,2015.8686868686868,1120.5588043671255
Lunches,LightGBM,2015.969696969697,1120.5588043671255
Lunches,LightGBM,2016.0707070707072,1120.5588043671255
Lunches,LightGBM,2016.171717171717,1120.5588043671255
Lunches,LightGBM,2016.2727272727273,1120.5588043671255
Lunches,LightGBM,2016.3737373737374,1120.5588043671255
Lunches,LightGBM,2016.4747474747476,1120.5588043671255
Lunches,LightGBM,2016.5757575757575,1124.982261827918
Lunches,LightGBM,2016.6767676767677,1124.982261827918
Lunches,LightGBM,2016.7777777777778,1124.982261827918
Lunches,LightGBM,2016.878787878788,1124.982261827918
Lunches,LightGBM,2016.979797979798,1124.982261827918
Lunches,LightGBM,2017.080808080808,1124.982261827918
Lunches,LightGBM,2017.1818181818182,1124.982261827918
Lunches,LightGBM,2017.2828282828282,1124.982261827918
Lunches,LightGBM,2017.3838383838383,1124.982261827918
Lunches,LightGBM,2017.4848484848485,1124.982261827918
Lunches,LightGBM,2017.5858585858587,1131.1610292565679
Lunches,LightGBM,2017.6868686868686,1131.1610292565679
Lunches,LightGBM,2017.7878787878788,1131.1610292565679
Lunches,LightGBM,2017.888888888889,1131.1610292565679
Lunches,LightGBM,2017.989898989899,1131.1610292565679
Lunches,LightGBM,2018.090909090909,1131.1610292565679
Lunches,LightGBM,2018.1919191919192,1131.1610292565679
Lunches,LightGBM,2018.2929292929293,1131.1610292565679
Lunches,LightGBM,2018.3939393939395,1131.1610292565679
Lunches,LightGBM,2018.4949494949494,1131.1610292565679
Lunches,LightGBM,2018.5959595959596,1122.0586540358145
Lunches,LightGBM,2018.6969696969697,1122.0586540358145
Lunches,LightGBM,2018.79797979798,1122.0586540358145
Lunches,LightGBM,2018.8989898989898,1122.0586540358145
Lunches,LightGBM,2019.0,1122.0586540358145
Lunches,XGBoost,2009.0,1096.47509765625
Lunches,XGBoost,2009.1010101010102,1096.47509765625
Lunches,XGBoost,2009.20202020202,1096.47509765625
Lunches,XGBoost,2009.3030303030303,1096.47509765625
Lunches,XGBoost,2009.4040404040404,1096.47509765625
Lunches,XGBoost,2009.5050505050506,1096.47509765625
Lunches,XGBoost,2009.6060606060605,1096.47509765625
Lunches,XGBoost,2009.7070707070707,1096.47509765625
Lunches,XGBoost,2009.8080808080808,1096.47509765625
Lunches,XGBoost,2009.909090909091,1096.47509765625
Lunches,XGBoost,2010.010101010101,1084.6673583984375
Lunches,XGBoost,2010.111111111111,1084.6673583984375
Lunches,XGBoost,2010.2121212121212,1084.6673583984375
Lunches,XGBoost,2010.3131313131314,1084.6673583984375
Lunches,XGBoost,2010.4141414141413,1084.6673583984375
Lunches,XGBoost,2010.5151515151515,1084.6673583984375
Lunches,XGBoost,2010.6161616161617,1084.6673583984375
Lunches,XGBoost,2010.7171717171718,1084.6673583984375
Lunches,XGBoost,2010.8181818181818,1084.6673583984375
Lunches,XGBoost,2010.919191919192,1084.6673583984375
Lunches,XGBoost,2011.020202020202,1086.91357421875
Lunches,XGBoost,2011.121212121212,1086.91357421875
Lunches,XGBoost,2011.2222222222222,1086.91357421875
Lunches,XGBoost,2011.3232323232323,1086.91357421875
Lunches,XGBoost,2011.4242424242425,1086.91357421875
Lunches,XGBoost,2011.5252525252524,1086.91357421875
Lunches,XGBoost,2011.6262626262626,1086.91357421875
Lunches,XGBoost,2011.7272727272727,1086.91357421875
Lunches,XGBoost,2011.828282828283,1086.91357421875
Lunches,XGBoost,2011.9292929292928,1086.91357421875
Lunches,XGBoost,2012.030303030303,1092.6263427734375
Lunches,XGBoost,2012.1313131313132,1092.6263427734375
Lunches,XGBoost,2012.2323232323233,1092.6263427734375
Lunches,XGBoost,2012.3333333333333,1092.6263427734375
Lunches,XGBoost,2012.4343434343434,1092.6263427734375
Lunches,XGBoost,2012.5353535353536,1092.6263427734375
Lunches,XGBoost,2012.6363636363637,1092.6263427734375
Lunches,XGBoost,2012.7373737373737,1092.6263427734375
Lunches,XGBoost,2012.8383838383838,1092.6263427734375
Lunches,XGBoost,2012.939393939394,1092.6263427734375
Lunches,XGBoost,2013.040404040404,1090.375
Lunches,XGBoost,2013.141414141414,1090.375
Lunches,XGBoost,2013.2424242424242,1090.375
Lunches,XGBoost,2013.3434343434344,1090.375
Lunches,XGBoost,2013.4444444444443,1090.375
Lunches,XGBoost,2013.5454545454545,1090.375
Lunches,XGBoost,2013.6464646464647,1090.375
Lunches,XGBoost,2013.7474747474748,1090.375
Lunches,XGBoost,2013.8484848484848,1090.375
Lunches,XGBoost,2013.949494949495,1090.375
Lunches,XGBoost,2014.050505050505,1097.8914794921875
Lunches,XGBoost,2014.1515151515152,1097.8914794921875
Lunches,XGBoost,2014.2525252525252,1097.8914794921875
Lunches,XGBoost,2014.3535353535353,1097.8914794921875
Lunches,XGBoost,2014.4545454545455,1097.8914794921875
Lunches,XGBoost,2014.5555555555557,1097.8914794921875
Lunches,XGBoost,2014.6565656565656,1097.8914794921875
Lunches,XGBoost,2014.7575757575758,1097.8914794921875
Lunches,XGBoost,2014.858585858586,1097.8914794921875
Lunches,XGBoost,2014.959595959596,1097.8914794921875
Lunches,XGBoost,2015.060606060606,1113.06005859375
Lunches,XGBoost,2015.1616161616162,1113.06005859375
Lunches,XGBoost,2015.2626262626263,1113.06005859375
Lunches,XGBoost,2015.3636363636363,1113.06005859375
Lunches,XGBoost,2015.4646464646464,1113.06005859375
Lunches,XGBoost,2015.5656565656566,1113.06005859375
Lunches,XGBoost,2015.6666666666667,1113.06005859375
Lunches,XGBoost,2015.7676767676767,1113.06005859375
Lunches,XGBoost,2015.8686868686868,1113.06005859375
Lunches,XGBoost,2015.969696969697,1113.06005859375
Lunches,XGBoost,2016.0707070707072,1115.10693359375
Lunches,XGBoost,2016.171717171717,1115.10693359375
Lunches,XGBoost,2016.2727272727273,1115.10693359375
Lunches,XGBoost,2016.3737373737374,1115.10693359375
Lunches,XGBoost,2016.4747474747476,1115.10693359375
Lunches,XGBoost,2016.5757575757575,1115.10693359375
Lunches,XGBoost,2016.6767676767677,1115.10693359375
Lunches,XGBoost,2016.7777777777778,1115.10693359375
Lunches,XGBoost,2016.878787878788,1115.10693359375
Lunches,XGBoost,2016.979797979798,1115.10693359375
Lunches,XGBoost,2017.080808080808,1117.699462890625
Lunches,XGBoost,2017.1818181818182,1117.699462890625
Lunches,XGBoost,2017.2828282828282,1117.699462890625
Lunches,XGBoost,2017.3838383838383,1117.699462890625
Lunches,XGBoost,2017.4848484848485,1117.699462890625
Lunches,XGBoost,2017.5858585858587,1117.699462890625
Lunches,XGBoost,2017.6868686868686,1117.699462890625
Lunches,XGBoost,2017.7878787878788,1117.699462890625
Lunches,XGBoost,2017.888888888889,1117.699462890625
Lunches,XGBoost,2017.989898989899,1117.699462890625
Lunches,XGBoost,2018.090909090909,1122.3531494140625
Lunches,XGBoost,2018.1919191919192,1122.3531494140625
Lunches,XGBoost,2018.2929292929293,1122.3531494140625
Lunches,XGBoost,2018.3939393939395,1122.3531494140625
Lunches,XGBoost,2018.4949494949494,1122.3531494140625
Lunches,XGBoost,2018.5959595959596,1122.3531494140625
Lunches,XGBoost,2018.6969696969697,1122.3531494140625
Lunches,XGBoost,2018.79797979798,1122.3531494140625
Lunches,XGBoost,2018.8989898989898,1122.3531494140625
Lunches,XGBoost,2019.0,1117.4342041015625
Afternoons,CatBoost,2009.0,1162.7888121250314
Afternoons,CatBoost,2009.1010101010102,1162.7888121250314
Afternoons,CatBoost,2009.20202020202,1162.7888121250314
Afternoons,CatBoost,2009.3030303030303,1162.7888121250314
Afternoons,CatBoost,2009.4040404040404,1162.7888121250314
Afternoons,CatBoost,2009.5050505050506,1144.1070098383188
Afternoons,CatBoost,2009.6060606060605,1144.1070098383188
Afternoons,CatBoost,2009.7070707070707,1144.1070098383188
Afternoons,CatBoost,2009.8080808080808,1144.1070098383188
Afternoons,CatBoost,2009.909090909091,1144.1070098383188
Afternoons,CatBoost,2010.010101010101,1144.1070098383188
Afternoons,CatBoost,2010.111111111111,1144.1070098383188
Afternoons,CatBoost,2010.2121212121212,1144.1070098383188
Afternoons,CatBoost,2010.3131313131314,1144.1070098383188
Afternoons,CatBoost,2010.4141414141413,1144.1070098383188
Afternoons,CatBoost,2010.5151515151515,1194.9828457852404
Afternoons,CatBoost,2010.6161616161617,1194.9828457852404
Afternoons,CatBoost,2010.7171717171718,1194.9828457852404
Afternoons,CatBoost,2010.8181818181818,1194.9828457852404
Afternoons,CatBoost,2010.919191919192,1194.9828457852404
Afternoons,CatBoost,2011.020202020202,1194.9828457852404
Afternoons,CatBoost,2011.121212121212,1194.9828457852404
Afternoons,CatBoost,2011.2222222222222,1194.9828457852404
Afternoons,CatBoost,2011.3232323232323,1194.9828457852404
Afternoons,CatBoost,2011.4242424242425,1194.9828457852404
Afternoons,CatBoost,2011.5252525252524,1199.83184968375
Afternoons,CatBoost,2011.6262626262626,1199.83184968375
Afternoons,CatBoost,2011.7272727272727,1199.83184968375
Afternoons,CatBoost,2011.828282828283,1199.83184968375
Afternoons,CatBoost,2011.9292929292928,1199.83184968375
Afternoons,CatBoost,2012.030303030303,1199.83184968375
Afternoons,CatBoost,2012.1313131313132,1199.83184968375
Afternoons,CatBoost,2012.2323232323233,1199.83184968375
Afternoons,CatBoost,2012.3333333333333,1199.83184968375
Afternoons,CatBoost,2012.4343434343434,1199.83184968375
Afternoons,CatBoost,2012.5353535353536,1185.3244801855474
Afternoons,CatBoost,2012.6363636363637,1185.3244801855474
Afternoons,CatBoost,2012.7373737373737,1185.3244801855474
Afternoons,CatBoost,2012.8383838383838,1185.3244801855474
Afternoons,CatBoost,2012.939393939394,1185.3244801855474
Afternoons,CatBoost,2013.040404040404,1185.3244801855474
Afternoons,CatBoost,2013.141414141414,1185.3244801855474
Afternoons,CatBoost,2013.2424242424242,1185.3244801855474
Afternoons,CatBoost,2013.3434343434344,1185.3244801855474
Afternoons,CatBoost,2013.4444444444443,1185.3244801855474
Afternoons,CatBoost,2013.5454545454545,1186.972386110671
Afternoons,CatBoost,2013.6464646464647,1186.972386110671
Afternoons,CatBoost,2013.7474747474748,1186.972386110671
Afternoons,CatBoost,2013.8484848484848,1186.972386110671
Afternoons,CatBoost,2013.949494949495,1186.972386110671
Afternoons,CatBoost,2014.050505050505,1186.972386110671
Afternoons,CatBoost,2014.1515151515152,1186.972386110671
Afternoons,CatBoost,2014.2525252525252,1186.972386110671
Afternoons,CatBoost,2014.3535353535353,1186.972386110671
Afternoons,CatBoost,2014.4545454545455,1186.972386110671
Afternoons,CatBoost,2014.5555555555557,1211.5091114122097
Afternoons,CatBoost,2014.6565656565656,1211.5091114122097
Afternoons,CatBoost,2014.7575757575758,1211.5091114122097
Afternoons,CatBoost,2014.858585858586,1211.5091114122097
Afternoons,CatBoost,2014.959595959596,1211.5091114122097
Afternoons,CatBoost,2015.060606060606,1211.5091114122097
Afternoons,CatBoost,2015.1616161616162,1211.5091114122097
Afternoons,CatBoost,2015.2626262626263,1211.5091114122097
Afternoons,CatBoost,2015.3636363636363,1211.5091114122097
Afternoons,CatBoost,2015.4646464646464,1211.5091114122097
Afternoons,CatBoost,2015.5656565656566,1253.2438414337678
Afternoons,CatBoost,2015.6666666666667,1253.2438414337678
Afternoons,CatBoost,2015.7676767676767,1253.2438414337678
Afternoons,CatBoost,2015.8686868686868,1253.2438414337678
Afternoons,CatBoost,2015.969696969697,1253.2438414337678
Afternoons,CatBoost,2016.0707070707072,1253.2438414337678
Afternoons,CatBoost,2016.171717171717,1253.2438414337678
Afternoons,CatBoost,2016.2727272727273,1253.2438414337678
Afternoons,CatBoost,2016.3737373737374,1253.2438414337678
Afternoons,CatBoost,2016.4747474747476,1253.2438414337678
Afternoons,CatBoost,2016.5757575757575,1255.3796139710425
Afternoons,CatBoost,2016.6767676767677,1255.3796139710425
Afternoons,CatBoost,2016.7777777777778,1255.3796139710425
Afternoons,CatBoost,2016.878787878788,1255.3796139710425
Afternoons,CatBoost,2016.979797979798,1255.3796139710425
Afternoons,CatBoost,2017.080808080808,1255.3796139710425
Afternoons,CatBoost,2017.1818181818182,1255.3796139710425
Afternoons,CatBoost,2017.2828282828282,1255.3796139710425
Afternoons,CatBoost,2017.3838383838383,1255.3796139710425
Afternoons,CatBoost,2017.4848484848485,1255.3796139710425
Afternoons,CatBoost,2017.5858585858587,1267.1647546541676
Afternoons,CatBoost,2017.6868686868686,1267.1647546541676
Afternoons,CatBoost,2017.7878787878788,1267.1647546541676
Afternoons,CatBoost,2017.888888888889,1267.1647546541676
Afternoons,CatBoost,2017.989898989899,1267.1647546541676
Afternoons,CatBoost,2018.090909090909,1267.1647546541676
Afternoons,CatBoost,2018.1919191919192,1267.1647546541676
Afternoons,CatBoost,2018.2929292929293,1267.1647546541676
Afternoons,CatBoost,2018.3939393939395,1267.1647546541676
Afternoons,CatBoost,2018.4949494949494,1267.1647546541676
Afternoons,CatBoost,2018.5959595959596,1263.3083036681883
Afternoons,CatBoost,2018.6969696969697,1263.3083036681883
Afternoons,CatBoost,2018.79797979798,1263.3083036681883
Afternoons,CatBoost,2018.8989898989898,1263.3083036681883
Afternoons,CatBoost,2019.0,1263.3083036681883
Afternoons,LightGBM,2009.0,1189.2562903902806
Afternoons,LightGBM,2009.1010101010102,1189.2562903902806
Afternoons,LightGBM,2009.20202020202,1189.2562903902806
Afternoons,LightGBM,2009.3030303030303,1189.2562903902806
Afternoons,LightGBM,2009.4040404040404,1189.2562903902806
Afternoons,LightGBM,2009.5050505050506,1179.5410929311377
Afternoons,LightGBM,2009.6060606060605,1179.5410929311377
Afternoons,LightGBM,2009.7070707070707,1179.5410929311377
Afternoons,LightGBM,2009.8080808080808,1179.5410929311377
Afternoons,LightGBM,2009.909090909091,1179.5410929311377
Afternoons,LightGBM,2010.010101010101,1179.5410929311377
Afternoons,LightGBM,2010.111111111111,1179.5410929311377
Afternoons,LightGBM,2010.2121212121212,1179.5410929311377
Afternoons,LightGBM,2010.3131313131314,1179.5410929311377
Afternoons,LightGBM,2010.4141414141413,1179.5410929311377
Afternoons,LightGBM,2010.5151515151515,1208.8107627279032
Afternoons,LightGBM,2010.6161616161617,1208.8107627279032
Afternoons,LightGBM,2010.7171717171718,1208.8107627279032
Afternoons,LightGBM,2010.8181818181818,1208.8107627279032
Afternoons,LightGBM,2010.919191919192,1208.8107627279032
Afternoons,LightGBM,2011.020202020202,1208.8107627279032
Afternoons,LightGBM,2011.121212121212,1208.8107627279032
Afternoons,LightGBM,2011.2222222222222,1208.8107627279032
Afternoons,LightGBM,2011.3232323232323,1208.8107627279032
Afternoons,LightGBM,2011.4242424242425,1208.8107627279032
Afternoons,LightGBM,2011.5252525252524,1201.5389530027649
Afternoons,LightGBM,2011.6262626262626,1201.5389530027649
Afternoons,LightGBM,2011.7272727272727,1201.5389530027649
Afternoons,LightGBM,2011.828282828283,1201.5389530027649
Afternoons,LightGBM,2011.9292929292928,1201.5389530027649
Afternoons,LightGBM,2012.030303030303,1201.5389530027649
Afternoons,LightGBM,2012.1313131313132,1201.5389530027649
Afternoons,LightGBM,2012.2323232323233,1201.5389530027649
Afternoons,LightGBM,2012.3333333333333,1201.5389530027649
Afternoons,LightGBM,2012.4343434343434,1201.5389530027649
Afternoons,LightGBM,2012.5353535353536,1192.6713776798629
Afternoons,LightGBM,2012.6363636363637,1192.6713776798629
Afternoons,LightGBM,2012.7373737373737,1192.6713776798629
Afternoons,LightGBM,2012.8383838383838,1192.6713776798629
Afternoons,LightGBM,2012.939393939394,1192.6713776798629
Afternoons,LightGBM,2013.040404040404,1192.6713776798629
Afternoons,LightGBM,2013.141414141414,1192.6713776798629
Afternoons,LightGBM,2013.2424242424242,1192.6713776798629
Afternoons,LightGBM,2013.3434343434344,1192.6713776798629
Afternoons,LightGBM,2013.4444444444443,1192.6713776798629
Afternoons,LightGBM,2013.5454545454545,1192.2819636917438
Afternoons,LightGBM,2013.6464646464647,1192.2819636917438
Afternoons,LightGBM,2013.7474747474748,1192.2819636917438
Afternoons,LightGBM,2013.8484848484848,1192.2819636917438
Afternoons,LightGBM,2013.949494949495,1192.2819636917438
Afternoons,LightGBM,2014.050505050505,1192.2819636917438
Afternoons,LightGBM,2014.1515151515152,1192.2819636917438
Afternoons,LightGBM,2014.2525252525252,1192.2819636917438
Afternoons,LightGBM,2014.3535353535353,1192.2819636917438
Afternoons,LightGBM,2014.4545454545455,1192.2819636917438
Afternoons,LightGBM,2014.5555555555557,1232.6224007923122
Afternoons,LightGBM,2014.6565656565656,1232.6224007923122
Afternoons,LightGBM,2014.7575757575758,1232.6224007923122
Afternoons,LightGBM,2014.858585858586,1232.6224007923122
Afternoons,LightGBM,2014.959595959596,1232.6224007923122
Afternoons,LightGBM,2015.060606060606,1232.6224007923122
Afternoons,LightGBM,2015.1616161616162,1232.6224007923122
Afternoons,LightGBM,2015.2626262626263,1232.6224007923122
Afternoons,LightGBM,2015.3636363636363,1232.6224007923122
Afternoons,LightGBM,2015.4646464646464,1232.6224007923122
Afternoons,LightGBM,2015.5656565656566,1235.9915763113306
Afternoons,LightGBM,2015.6666666666667,1235.9915763113306
Afternoons,LightGBM,2015.7676767676767,1235.9915763113306
Afternoons,LightGBM,2015.8686868686868,1235.9915763113306
Afternoons,LightGBM,2015.969696969697,1235.9915763113306
Afternoons,LightGBM,2016.0707070707072,1235.9915763113306
Afternoons,LightGBM,2016.171717171717,1235.9915763113306
Afternoons,LightGBM,2016.2727272727273,1235.9915763113306
Afternoons,LightGBM,2016.3737373737374,1235.9915763113306
Afternoons,LightGBM,2016.4747474747476,1235.9915763113306
Afternoons,LightGBM,2016.5757575757575,1243.0372966480768
Afternoons,LightGBM,2016.6767676767677,1243.0372966480768
Afternoons,LightGBM,2016.7777777777778,1243.0372966480768
Afternoons,LightGBM,2016.878787878788,1243.0372966480768
Afternoons,LightGBM,2016.979797979798,1243.0372966480768
Afternoons,LightGBM,2017.080808080808,1243.0372966480768
Afternoons,LightGBM,2017.1818181818182,1243.0372966480768
Afternoons,LightGBM,2017.2828282828282,1243.0372966480768
Afternoons,LightGBM,2017.3838383838383,1243.0372966480768
Afternoons,LightGBM,2017.4848484848485,1243.0372966480768
Afternoons,LightGBM,2017.5858585858587,1261.443461354923
Afternoons,LightGBM,2017.6868686868686,1261.443461354923
Afternoons,LightGBM,2017.7878787878788,1261.443461354923
Afternoons,LightGBM,2017.888888888889,1261.443461354923
Afternoons,LightGBM,2017.989898989899,1261.443461354923
Afternoons,LightGBM,2018.090909090909,1261.443461354923
Afternoons,LightGBM,2018.1919191919192,1261.443461354923
Afternoons,LightGBM,2018.2929292929293,1261.443461354923
Afternoons,LightGBM,2018.3939393939395,1261.443461354923
Afternoons,LightGBM,2018.4949494949494,1261.443461354923
Afternoons,LightGBM,2018.5959595959596,1256.691159635592
Afternoons,LightGBM,2018.6969696969697,1256.691159635592
Afternoons,LightGBM,2018.79797979798,1256.691159635592
Afternoons,LightGBM,2018.8989898989898,1256.691159635592
Afternoons,LightGBM,2019.0,1256.691159635592
Afternoons,XGBoost,2009.0,1202.959716796875
Afternoons,XGBoost,2009.1010101010102,1202.959716796875
Afternoons,XGBoost,2009.20202020202,1202.959716796875
Afternoons,XGBoost,2009.3030303030303,1202.959716796875
Afternoons,XGBoost,2009.4040404040404,1202.959716796875
Afternoons,XGBoost,2009.5050505050506,1202.959716796875
Afternoons,XGBoost,2009.6060606060605,1202.959716796875
Afternoons,XGBoost,2009.7070707070707,1202.959716796875
Afternoons,XGBoost,2009.8080808080808,1202.959716796875
Afternoons,XGBoost,2009.909090909091,1202.959716796875
Afternoons,XGBoost,2010.010101010101,1198.945556640625
Afternoons,XGBoost,2010.111111111111,1198.945556640625
Afternoons,XGBoost,2010.2121212121212,1198.945556640625
Afternoons,XGBoost,2010.3131313131314,1198.945556640625
Afternoons,XGBoost,2010.4141414141413,1198.945556640625
Afternoons,XGBoost,2010.5151515151515,1198.945556640625
Afternoons,XGBoost,2010.6161616161617,1198.945556640625
Afternoons,XGBoost,2010.7171717171718,1198.945556640625
Afternoons,XGBoost,2010.8181818181818,1198.945556640625
Afternoons,XGBoost,2010.919191919192,1198.945556640625
Afternoons,XGBoost,2011.020202020202,1214.3663330078125
Afternoons,XGBoost,2011.121212121212,1214.3663330078125
Afternoons,XGBoost,2011.2222222222222,1214.3663330078125
Afternoons,XGBoost,2011.3232323232323,1214.3663330078125
Afternoons,XGBoost,2011.4242424242425,1214.3663330078125
Afternoons,XGBoost,2011.5252525252524,1214.3663330078125
Afternoons,XGBoost,2011.6262626262626,1214.3663330078125
Afternoons,XGBoost,2011.7272727272727,1214.3663330078125
Afternoons,XGBoost,2011.828282828283,1214.3663330078125
Afternoons,XGBoost,2011.9292929292928,1214.3663330078125
Afternoons,XGBoost,2012.030303030303,1213.1976318359375
Afternoons,XGBoost,2012.1313131313132,1213.1976318359375
Afternoons,XGBoost,2012.2323232323233,1213.1976318359375
Afternoons,XGBoost,2012.3333333333333,1213.1976318359375
Afternoons,XGBoost,2012.4343434343434,1213.1976318359375
Afternoons,XGBoost,2012.5353535353536,1213.1976318359375
Afternoons,XGBoost,2012.6363636363637,1213.1976318359375
Afternoons,XGBoost,2012.7373737373737,1213.1976318359375
Afternoons,XGBoost,2012.8383838383838,1213.1976318359375
Afternoons,XGBoost,2012.939393939394,1213.1976318359375
Afternoons,XGBoost,2013.040404040404,1210.532958984375
Afternoons,XGBoost,2013.141414141414,1210.532958984375
Afternoons,XGBoost,2013.2424242424242,1210.532958984375
Afternoons,XGBoost,2013.3434343434344,1210.532958984375
Afternoons,XGBoost,2013.4444444444443,1210.532958984375
Afternoons,XGBoost,2013.5454545454545,1210.532958984375
Afternoons,XGBoost,2013.6464646464647,1210.532958984375
Afternoons,XGBoost,2013.7474747474748,1210.532958984375
Afternoons,XGBoost,2013.8484848484848,1210.532958984375
Afternoons,XGBoost,2013.949494949495,1210.532958984375
Afternoons,XGBoost,2014.050505050505,1209.8240966796875
Afternoons,XGBoost,2014.1515151515152,1209.8240966796875
Afternoons,XGBoost,2014.2525252525252,1209.8240966796875
Afternoons,XGBoost,2014.3535353535353,1209.8240966796875
Afternoons,XGBoost,2014.4545454545455,1209.8240966796875
Afternoons,XGBoost,2014.5555555555557,1209.8240966796875
Afternoons,XGBoost,2014.6565656565656,1209.8240966796875
Afternoons,XGBoost,2014.7575757575758,1209.8240966796875
Afternoons,XGBoost,2014.858585858586,1209.8240966796875
Afternoons,XGBoost,2014.959595959596,1209.8240966796875
Afternoons,XGBoost,2015.060606060606,1221.98193359375
Afternoons,XGBoost,2015.1616161616162,1221.98193359375
Afternoons,XGBoost,2015.2626262626263,1221.98193359375
Afternoons,XGBoost,2015.3636363636363,1221.98193359375
Afternoons,XGBoost,2015.4646464646464,1221.98193359375
Afternoons,XGBoost,2015.5656565656566,1221.98193359375
Afternoons,XGBoost,2015.6666666666667,1221.98193359375
Afternoons,XGBoost,2015.7676767676767,1221.98193359375
Afternoons,XGBoost,2015.8686868686868,1221.98193359375
Afternoons,XGBoost,2015.969696969697,1221.98193359375
Afternoons,XGBoost,2016.0707070707072,1225.476806640625
Afternoons,XGBoost,2016.171717171717,1225.476806640625
Afternoons,XGBoost,2016.2727272727273,1225.476806640625
Afternoons,XGBoost,2016.3737373737374,1225.476806640625
Afternoons,XGBoost,2016.4747474747476,1225.476806640625
Afternoons,XGBoost,2016.5757575757575,1225.476806640625
Afternoons,XGBoost,2016.6767676767677,1225.476806640625
Afternoons,XGBoost,2016.7777777777778,1225.476806640625
Afternoons,XGBoost,2016.878787878788,1225.476806640625
Afternoons,XGBoost,2016.979797979798,1225.476806640625
Afternoons,XGBoost,2017.080808080808,1230.6624755859375
Afternoons,XGBoost,2017.1818181818182,1230.6624755859375
Afternoons,XGBoost,2017.2828282828282,1230.6624755859375
Afternoons,XGBoost,2017.3838383838383,1230.6624755859375
Afternoons,XGBoost,2017.4848484848485,1230.6624755859375
Afternoons,XGBoost,2017.5858585858587,1230.6624755859375
Afternoons,XGBoost,2017.6868686868686,1230.6624755859375
Afternoons,XGBoost,2017.7878787878788,1230.6624755859375
Afternoons,XGBoost,2017.888888888889,1230.6624755859375
Afternoons,XGBoost,2017.989898989899,1230.6624755859375
Afternoons,XGBoost,2018.090909090909,1237.24755859375
Afternoons,XGBoost,2018.1919191919192,1237.24755859375
Afternoons,XGBoost,2018.2929292929293,1237.24755859375
Afternoons,XGBoost,2018.3939393939395,1237.24755859375
Afternoons,XGBoost,2018.4949494949494,1237.24755859375
Afternoons,XGBoost,2018.5959595959596,1237.24755859375
Afternoons,XGBoost,2018.6969696969697,1237.24755859375
Afternoons,XGBoost,2018.79797979798,1237.24755859375
Afternoons,XGBoost,2018.8989898989898,1237.24755859375
Afternoons,XGBoost,2019.0,1242.701904296875
Evenings,CatBoost,2009.0,466.43030597455385
Evenings,CatBoost,2009.1010101010102,466.43030597455385
Evenings,CatBoost,2009.20202020202,466.43030597455385
Evenings,CatBoost,2009.3030303030303,466.43030597455385
Evenings,CatBoost,2009.4040404040404,466.43030597455385
Evenings,CatBoost,2009.5050505050506,456.827602829656
Evenings,CatBoost,2009.6060606060605,456.827602829656
Evenings,CatBoost,2009.7070707070707,456.827602829656
Evenings,CatBoost,2009.8080808080808,456.827602829656
Evenings,CatBoost,2009.909090909091,456.827602829656
Evenings,CatBoost,2010.010101010101,456.827602829656
Evenings,CatBoost,2010.111111111111,456.827602829656
Evenings,CatBoost,2010.2121212121212,456.827602829656
Evenings,CatBoost,2010.3131313131314,456.827602829656
Evenings,CatBoost,2010.4141414141413,456.827602829656
Evenings,CatBoost,2010.5151515151515,491.9965612789091
Evenings,CatBoost,2010.6161616161617,491.9965612789091
Evenings,CatBoost,2010.7171717171718,491.9965612789091
Evenings,CatBoost,2010.8181818181818,491.9965612789091
Evenings,CatBoost,2010.919191919192,491.9965612789091
Evenings,CatBoost,2011.020202020202,491.9965612789091
Evenings,CatBoost,2011.121212121212,491.9965612789091
Evenings,CatBoost,2011.2222222222222,491.9965612789091
Evenings,CatBoost,2011.3232323232323,491.9965612789091
Evenings,CatBoost,2011.4242424242425,491.9965612789091
Evenings,CatBoost,2011.5252525252524,510.9108174993827
Evenings,CatBoost,2011.6262626262626,510.9108174993827
Evenings,CatBoost,2011.7272727272727,510.9108174993827
Evenings,CatBoost,2011.828282828283,510.9108174993827
Evenings,CatBoost,2011.9292929292928,510.9108174993827
Evenings,CatBoost,2012.030303030303,510.9108174993827
Evenings,CatBoost,2012.1313131313132,510.9108174993827
Evenings,CatBoost,2012.2323232323233,510.9108174993827
Evenings,CatBoost,2012.3333333333333,510.9108174993827
Evenings,CatBoost,2012.4343434343434,510.9108174993827
Evenings,CatBoost,2012.5353535353536,510.9596995576562
Evenings,CatBoost,2012.6363636363637,510.9596995576562
Evenings,CatBoost,2012.7373737373737,510.9596995576562
Evenings,CatBoost,2012.8383838383838,510.9596995576562
Evenings,CatBoost,2012.939393939394,510.9596995576562
Evenings,CatBoost,2013.040404040404,510.9596995576562
Evenings,CatBoost,2013.141414141414,510.9596995576562
Evenings,CatBoost,2013.2424242424242,510.9596995576562
Evenings,CatBoost,2013.3434343434344,510.9596995576562
Evenings,CatBoost,2013.4444444444443,510.9596995576562
Evenings,CatBoost,2013.5454545454545,506.24976330033263
Evenings,CatBoost,2013.6464646464647,506.24976330033263
Evenings,CatBoost,2013.7474747474748,506.24976330033263
Evenings,CatBoost,2013.8484848484848,506.24976330033263
Evenings,CatBoost,2013.949494949495,506.24976330033263
Evenings,CatBoost,2014.050505050505,506.24976330033263
Evenings,CatBoost,2014.1515151515152,506.24976330033263
Evenings,CatBoost,2014.2525252525252,506.24976330033263
Evenings,CatBoost,2014.3535353535353,506.24976330033263
Evenings,CatBoost,2014.4545454545455,506.24976330033263
Evenings,CatBoost,2014.5555555555557,538.1793625137867
Evenings,CatBoost,2014.6565656565656,538.1793625137867
Evenings,CatBoost,2014.7575757575758,538.1793625137867
Evenings,CatBoost,2014.858585858586,538.1793625137867
Evenings,CatBoost,2014.959595959596,538.1793625137867
Evenings,CatBoost,2015.060606060606,538.1793625137867
Evenings,CatBoost,2015.1616161616162,538.1793625137867
Evenings,CatBoost,2015.2626262626263,538.1793625137867
Evenings,CatBoost,2015.3636363636363,538.1793625137867
Evenings,CatBoost,2015.4646464646464,538.1793625137867
Evenings,CatBoost,2015.5656565656566,566.7179860458147
Evenings,CatBoost,2015.6666666666667,566.7179860458147
Evenings,CatBoost,2015.7676767676767,566.7179860458147
Evenings,CatBoost,2015.8686868686868,566.7179860458147
Evenings,CatBoost,2015.969696969697,566.7179860458147
Evenings,CatBoost,2016.0707070707072,566.7179860458147
Evenings,CatBoost,2016.171717171717,566.7179860458147
Evenings,CatBoost,2016.2727272727273,566.7179860458147
Evenings,CatBoost,2016.3737373737374,566.7179860458147
Evenings,CatBoost,2016.4747474747476,566.7179860458147
Evenings,CatBoost,2016.5757575757575,566.8715381143154
Evenings,CatBoost,2016.6767676767677,566.8715381143154
Evenings,CatBoost,2016.7777777777778,566.8715381143154
Evenings,CatBoost,2016.878787878788,566.8715381143154
Evenings,CatBoost,2016.979797979798,566.8715381143154
Evenings,CatBoost,2017.080808080808,566.8715381143154
Evenings,CatBoost,2017.1818181818182,566.8715381143154
Evenings,CatBoost,2017.2828282828282,566.8715381143154
Evenings,CatBoost,2017.3838383838383,566.8715381143154
Evenings,CatBoost,2017.4848484848485,566.8715381143154
Evenings,CatBoost,2017.5858585858587,565.9551288221561
Evenings,CatBoost,2017.6868686868686,565.9551288221561
Evenings,CatBoost,2017.7878787878788,565.9551288221561
Evenings,CatBoost,2017.888888888889,565.9551288221561
Evenings,CatBoost,2017.989898989899,565.9551288221561
Evenings,CatBoost,2018.090909090909,565.9551288221561
Evenings,CatBoost,2018.1919191919192,565.9551288221561
Evenings,CatBoost,2018.2929292929293,565.9551288221561
Evenings,CatBoost,2018.3939393939395,565.9551288221561
Evenings,CatBoost,2018.4949494949494,565.9551288221561
Evenings,CatBoost,2018.5959595959596,560.6539121711173
Evenings,CatBoost,2018.6969696969697,560.6539121711173
Evenings,CatBoost,2018.79797979798,560.6539121711173
Evenings,CatBoost,2018.8989898989898,560.6539121711173
Evenings,CatBoost,2019.0,560.6539121711173
Evenings,LightGBM,2009.0,516.0966461425836
Evenings,LightGBM,2009.1010101010102,516.0966461425836
Evenings,LightGBM,2009.20202020202,516.0966461425836
Evenings,LightGBM,2009.3030303030303,516.0966461425836
Evenings,LightGBM,2009.4040404040404,516.0966461425836
Evenings,LightGBM,2009.5050505050506,512.7378810570611
Evenings,LightGBM,2009.6060606060605,512.7378810570611
Evenings,LightGBM,2009.7070707070707,512.7378810570611
Evenings,LightGBM,2009.8080808080808,512.7378810570611
Evenings,LightGBM,2009.909090909091,512.7378810570611
Evenings,LightGBM,2010.010101010101,512.7378810570611
Evenings,LightGBM,2010.111111111111,512.7378810570611
Evenings,LightGBM,2010.2121212121212,512.7378810570611
Evenings,LightGBM,2010.3131313131314,512.7378810570611
Evenings,LightGBM,2010.4141414141413,512.7378810570611
Evenings,LightGBM,2010.5151515151515,517.2904422083091
Evenings,LightGBM,2010.6161616161617,517.2904422083091
Evenings,LightGBM,2010.7171717171718,517.2904422083091
Evenings,LightGBM,2010.8181818181818,517.2904422083091
Evenings,LightGBM,2010.919191919192,517.2904422083091
Evenings,LightGBM,2011.020202020202,517.2904422083091
Evenings,LightGBM,2011.121212121212,517.2904422083091
Evenings,LightGBM,2011.2222222222222,517.2904422083091
Evenings,LightGBM,2011.3232323232323,517.2904422083091
Evenings,LightGBM,2011.4242424242425,517.2904422083091
Evenings,LightGBM,2011.5252525252524,524.9742729908396
Evenings,LightGBM,2011.6262626262626,524.9742729908396
Evenings,LightGBM,2011.7272727272727,524.9742729908396
Evenings,LightGBM,2011.828282828283,524.9742729908396
Evenings,LightGBM,2011.9292929292928,524.9742729908396
Evenings,LightGBM,2012.030303030303,524.9742729908396
Evenings,LightGBM,2012.1313131313132,524.9742729908396
Evenings,LightGBM,2012.2323232323233,524.9742729908396
Evenings,LightGBM,2012.3333333333333,524.9742729908396
Evenings,LightGBM,2012.4343434343434,524.9742729908396
Evenings,LightGBM,2012.5353535353536,526.9286451419855
Evenings,LightGBM,2012.6363636363637,526.9286451419855
Evenings,LightGBM,2012.7373737373737,526.9286451419855
Evenings,LightGBM,2012.8383838383838,526.9286451419855
Evenings,LightGBM,2012.939393939394,526.9286451419855
Evenings,LightGBM,2013.040404040404,526.9286451419855
Evenings,LightGBM,2013.141414141414,526.9286451419855
Evenings,LightGBM,2013.2424242424242,526.9286451419855
Evenings,LightGBM,2013.3434343434344,526.9286451419855
Evenings,LightGBM,2013.4444444444443,526.9286451419855
Evenings,LightGBM,2013.5454545454545,518.5071186720083
Evenings,LightGBM,2013.6464646464647,518.5071186720083
Evenings,LightGBM,2013.7474747474748,518.5071186720083
Evenings,LightGBM,2013.8484848484848,518.5071186720083
Evenings,LightGBM,2013.949494949495,518.5071186720083
Evenings,LightGBM,2014.050505050505,518.5071186720083
Evenings,LightGBM,2014.1515151515152,518.5071186720083
Evenings,LightGBM,2014.2525252525252,518.5071186720083
Evenings,LightGBM,2014.3535353535353,518.5071186720083
Evenings,LightGBM,2014.4545454545455,518.5071186720083
Evenings,LightGBM,2014.5555555555557,542.7103794885985
Evenings,LightGBM,2014.6565656565656,542.7103794885985
Evenings,LightGBM,2014.7575757575758,542.7103794885985
Evenings,LightGBM,2014.858585858586,542.7103794885985
Evenings,LightGBM,2014.959595959596,542.7103794885985
Evenings,LightGBM,2015.060606060606,542.7103794885985
Evenings,LightGBM,2015.1616161616162,542.7103794885985
Evenings,LightGBM,2015.2626262626263,542.7103794885985
Evenings,LightGBM,2015.3636363636363,542.7103794885985
Evenings,LightGBM,2015.4646464646464,542.7103794885985
Evenings,LightGBM,2015.5656565656566,549.1534480714845
Evenings,LightGBM,2015.6666666666667,549.1534480714845
Evenings,LightGBM,2015.7676767676767,549.1534480714845
Evenings,LightGBM,2015.8686868686868,549.1534480714845
Evenings,LightGBM,2015.969696969697,549.1534480714845
Evenings,LightGBM,2016.0707070707072,549.1534480714845
Evenings,LightGBM,2016.171717171717,549.1534480714845
Evenings,LightGBM,2016.2727272727273,549.1534480714845
Evenings,LightGBM,2016.3737373737374,549.1534480714845
Evenings,LightGBM,2016.4747474747476,549.1534480714845
Evenings,LightGBM,2016.5757575757575,548.5144846510419
Evenings,LightGBM,2016.6767676767677,548.5144846510419
Evenings,LightGBM,2016.7777777777778,548.5144846510419
Evenings,LightGBM,2016.878787878788,548.5144846510419
Evenings,LightGBM,2016.979797979798,548.5144846510419
Evenings,LightGBM,2017.080808080808,548.5144846510419
Evenings,LightGBM,2017.1818181818182,548.5144846510419
Evenings,LightGBM,2017.2828282828282,548.5144846510419
Evenings,LightGBM,2017.3838383838383,548.5144846510419
Evenings,LightGBM,2017.4848484848485,548.5144846510419
Evenings,LightGBM,2017.5858585858587,551.2791715730752
Evenings,LightGBM,2017.6868686868686,551.2791715730752
Evenings,LightGBM,2017.7878787878788,551.2791715730752
Evenings,LightGBM,2017.888888888889,551.2791715730752
Evenings,LightGBM,2017.989898989899,551.2791715730752
Evenings,LightGBM,2018.090909090909,551.2791715730752
Evenings,LightGBM,2018.1919191919192,551.2791715730752
Evenings,LightGBM,2018.2929292929293,551.2791715730752
Evenings,LightGBM,2018.3939393939395,551.2791715730752
Evenings,LightGBM,2018.4949494949494,551.2791715730752
Evenings,LightGBM,2018.5959595959596,547.7718995411625
Evenings,LightGBM,2018.6969696969697,547.7718995411625
Evenings,LightGBM,2018.79797979798,547.7718995411625
Evenings,LightGBM,2018.8989898989898,547.7718995411625
Evenings,LightGBM,2019.0,547.7718995411625
Evenings,XGBoost,2009.0,523.547119140625
Evenings,XGBoost,2009.1010101010102,523.547119140625
Evenings,XGBoost,2009.20202020202,523.547119140625
Evenings,XGBoost,2009.3030303030303,523.547119140625
Evenings,XGBoost,2009.4040404040404,523.547119140625
Evenings,XGBoost,2009.5050505050506,523.547119140625
Evenings,XGBoost,2009.6060606060605,523.547119140625
Evenings,XGBoost,2009.7070707070707,523.547119140625
Evenings,XGBoost,2009.8080808080808,523.547119140625
Evenings,XGBoost,2009.909090909091,523.547119140625
Evenings,XGBoost,2010.010101010101,515.6025390625
Evenings,XGBoost,2010.111111111111,515.6025390625
Evenings,XGBoost,2010.2121212121212,515.6025390625
Evenings,XGBoost,2010.3131313131314,515.6025390625
Evenings,XGBoost,2010.4141414141413,515.6025390625
Evenings,XGBoost,2010.5151515151515,515.6025390625
Evenings,XGBoost,2010.6161616161617,515.6025390625
Evenings,XGBoost,2010.7171717171718,515.6025390625
Evenings,XGBoost,2010.8181818181818,515.6025390625
Evenings,XGBoost,2010.919191919192,515.6025390625
Evenings,XGBoost,2011.020202020202,514.9741821289062
Evenings,XGBoost,2011.121212121212,514.9741821289062
Evenings,XGBoost,2011.2222222222222,514.9741821289062
Evenings,XGBoost,2011.3232323232323,514.9741821289062
Evenings,XGBoost,2011.4242424242425,514.9741821289062
Evenings,XGBoost,2011.5252525252524,514.9741821289062
Evenings,XGBoost,2011.6262626262626,514.9741821289062
Evenings,XGBoost,2011.7272727272727,514.9741821289062
Evenings,XGBoost,2011.828282828283,514.9741821289062
Evenings,XGBoost,2011.9292929292928,514.9741821289062
Evenings,XGBoost,2012.030303030303,522.0843505859375
Evenings,XGBoost,2012.1313131313132,522.0843505859375
Evenings,XGBoost,2012.2323232323233,522.0843505859375
Evenings,XGBoost,2012.3333333333333,522.0843505859375
Evenings,XGBoost,2012.4343434343434,522.0843505859375
Evenings,XGBoost,2012.5353535353536,522.0843505859375
Evenings,XGBoost,2012.6363636363637,522.0843505859375
Evenings,XGBoost,2012.7373737373737,522.0843505859375
Evenings,XGBoost,2012.8383838383838,522.0843505859375
Evenings,XGBoost,2012.939393939394,522.0843505859375
Evenings,XGBoost,2013.040404040404,522.3699340820312
Evenings,XGBoost,2013.141414141414,522.3699340820312
Evenings,XGBoost,2013.2424242424242,522.3699340820312
Evenings,XGBoost,2013.3434343434344,522.3699340820312
Evenings,XGBoost,2013.4444444444443,522.3699340820312
Evenings,XGBoost,2013.5454545454545,522.3699340820312
Evenings,XGBoost,2013.6464646464647,522.3699340820312
Evenings,XGBoost,2013.7474747474748,522.3699340820312
Evenings,XGBoost,2013.8484848484848,522.3699340820312
Evenings,XGBoost,2013.949494949495,522.3699340820312
Evenings,XGBoost,2014.050505050505,524.408935546875
Evenings,XGBoost,2014.1515151515152,524.408935546875
Evenings,XGBoost,2014.2525252525252,524.408935546875
Evenings,XGBoost,2014.3535353535353,524.408935546875
Evenings,XGBoost,2014.4545454545455,524.408935546875
Evenings,XGBoost,2014.5555555555557,524.408935546875
Evenings,XGBoost,2014.6565656565656,524.408935546875
Evenings,XGBoost,2014.7575757575758,524.408935546875
Evenings,XGBoost,2014.858585858586,524.408935546875
Evenings,XGBoost,2014.959595959596,524.408935546875
Evenings,XGBoost,2015.060606060606,543.7781982421875
Evenings,XGBoost,2015.1616161616162,543.7781982421875
Evenings,XGBoost,2015.2626262626263,543.7781982421875
Evenings,XGBoost,2015.3636363636363,543.7781982421875
Evenings,XGBoost,2015.4646464646464,543.7781982421875
Evenings,XGBoost,2015.5656565656566,543.7781982421875
Evenings,XGBoost,2015.6666666666667,543.7781982421875
Evenings,XGBoost,2015.7676767676767,543.7781982421875
Evenings,XGBoost,2015.8686868686868,543.7781982421875
Evenings,XGBoost,2015.969696969697,543.7781982421875
Evenings,XGBoost,2016.0707070707072,548.18896484375
Evenings,XGBoost,2016.171717171717,548.18896484375
Evenings,XGBoost,2016.2727272727273,548.18896484375
Evenings,XGBoost,2016.3737373737374,548.18896484375
Evenings,XGBoost,2016.4747474747476,548.18896484375
Evenings,XGBoost,2016.5757575757575,548.18896484375
Evenings,XGBoost,2016.6767676767677,548.18896484375
Evenings,XGBoost,2016.7777777777778,548.18896484375
Evenings,XGBoost,2016.878787878788,548.18896484375
Evenings,XGBoost,2016.979797979798,548.18896484375
Evenings,XGBoost,2017.080808080808,553.1102294921875
Evenings,XGBoost,2017.1818181818182,553.1102294921875
Evenings,XGBoost,2017.2828282828282,553.1102294921875
Evenings,XGBoost,2017.3838383838383,553.1102294921875
Evenings,XGBoost,2017.4848484848485,553.1102294921875
Evenings,XGBoost,2017.5858585858587,553.1102294921875
Evenings,XGBoost,2017.6868686868686,553.1102294921875
Evenings,XGBoost,2017.7878787878788,553.1102294921875
Evenings,XGBoost,2017.888888888889,553.1102294921875
Evenings,XGBoost,2017.989898989899,553.1102294921875
Evenings,XGBoost,2018.090909090909,550.1375732421875
Evenings,XGBoost,2018.1919191919192,550.1375732421875
Evenings,XGBoost,2018.2929292929293,550.1375732421875
Evenings,XGBoost,2018.3939393939395,550.1375732421875
Evenings,XGBoost,2018.4949494949494,550.1375732421875
Evenings,XGBoost,2018.5959595959596,550.1375732421875
Evenings,XGBoost,2018.6969696969697,550.1375732421875
Evenings,XGBoost,2018.79797979798,550.1375732421875
Evenings,XGBoost,2018.8989898989898,550.1375732421875
Evenings,XGBoost,2019.0,550.0406494140625
Mornings Special,CatBoost,2009.0,273.6417951943978
Mornings Special,CatBoost,2009.1010101010102,273.6417951943978
Mornings Special,CatBoost,2009.20202020202,273.6417951943978
Mornings Special,CatBoost,2009.3030303030303,273.6417951943978
Mornings Special,CatBoost,2009.4040404040404,273.6417951943978
Mornings Special,CatBoost,2009.5050505050506,275.2635976630598
Mornings Special,CatBoost,2009.6060606060605,275.2635976630598
Mornings Special,CatBoost,2009.7070707070707,275.2635976630598
Mornings Special,CatBoost,2009.8080808080808,275.2635976630598
Mornings Special,CatBoost,2009.909090909091,275.2635976630598
Mornings Special,CatBoost,2010.010101010101,275.2635976630598
Mornings Special,CatBoost,2010.111111111111,275.2635976630598
Mornings Special,CatBoost,2010.2121212121212,275.2635976630598
Mornings Special,CatBoost,2010.3131313131314,275.2635976630598
Mornings Special,CatBoost,2010.4141414141413,275.2635976630598
Mornings Special,CatBoost,2010.5151515151515,275.8796958372397
Mornings Special,CatBoost,2010.6161616161617,275.8796958372397
Mornings Special,CatBoost,2010.7171717171718,275.8796958372397
Mornings Special,CatBoost,2010.8181818181818,275.8796958372397
Mornings Special,CatBoost,2010.919191919192,275.8796958372397
Mornings Special,CatBoost,2011.020202020202,275.8796958372397
Mornings Special,CatBoost,2011.121212121212,275.8796958372397
Mornings Special,CatBoost,2011.2222222222222,275.8796958372397
Mornings Special,CatBoost,2011.3232323232323,275.8796958372397
Mornings Special,CatBoost,2011.4242424242425,275.8796958372397
Mornings Special,CatBoost,2011.5252525252524,282.17629125138126
Mornings Special,CatBoost,2011.6262626262626,282.17629125138126
Mornings Special,CatBoost,2011.7272727272727,282.17629125138126
Mornings Special,CatBoost,2011.828282828283,282.17629125138126
Mornings Special,CatBoost,2011.9292929292928,282.17629125138126
Mornings Special,CatBoost,2012.030303030303,282.17629125138126
Mornings Special,CatBoost,2012.1313131313132,282.17629125138126
Mornings Special,CatBoost,2012.2323232323233,282.17629125138126
Mornings Special,CatBoost,2012.3333333333333,282.17629125138126
Mornings Special,CatBoost,2012.4343434343434,282.17629125138126
Mornings Special,CatBoost,2012.5353535353536,292.0235499918621
Mornings Special,CatBoost,2012.6363636363637,292.0235499918621
Mornings Special,CatBoost,2012.7373737373737,292.0235499918621
Mornings Special,CatBoost,2012.8383838383838,292.0235499918621
Mornings Special,CatBoost,2012.939393939394,292.0235499918621
Mornings Special,CatBoost,2013.040404040404,292.0235499918621
Mornings Special,CatBoost,2013.141414141414,292.0235499918621
Mornings Special,CatBoost,2013.2424242424242,292.0235499918621
Mornings Special,CatBoost,2013.3434343434344,292.0235499918621
Mornings Special,CatBoost,2013.4444444444443,292.0235499918621
Mornings Special,CatBoost,2013.5454545454545,315.66750327843727
Mornings Special,CatBoost,2013.6464646464647,315.66750327843727
Mornings Special,CatBoost,2013.7474747474748,315.66750327843727
Mornings Special,CatBoost,2013.8484848484848,315.66750327843727
Mornings Special,CatBoost,2013.949494949495,315.66750327843727
Mornings Special,CatBoost,2014.050505050505,315.66750327843727
Mornings Special,CatBoost,2014.1515151515152,315.66750327843727
Mornings Special,CatBoost,2014.2525252525252,315.66750327843727
Mornings Special,CatBoost,2014.3535353535353,315.66750327843727
Mornings Special,CatBoost,2014.4545454545455,315.66750327843727
Mornings Special,CatBoost,2014.5555555555557,307.33096697631066
Mornings Special,CatBoost,2014.6565656565656,307.33096697631066
Mornings Special,CatBoost,2014.7575757575758,307.33096697631066
Mornings Special,CatBoost,2014.858585858586,307.33096697631066
Mornings Special,CatBoost,2014.959595959596,307.33096697631066
Mornings Special,CatBoost,2015.060606060606,307.33096697631066
Mornings Special,CatBoost,2015.1616161616162,307.33096697631066
Mornings Special,CatBoost,2015.2626262626263,307.33096697631066
Mornings Special,CatBoost,2015.3636363636363,307.33096697631066
Mornings Special,CatBoost,2015.4646464646464,307.33096697631066
Mornings Special,CatBoost,2015.5656565656566,306.05492775235746
Mornings Special,CatBoost,2015.6666666666667,306.05492775235746
Mornings Special,CatBoost,2015.7676767676767,306.05492775235746
Mornings Special,CatBoost,2015.8686868686868,306.05492775235746
Mornings Special,CatBoost,2015.969696969697,306.05492775235746
Mornings Special,CatBoost,2016.0707070707072,306.05492775235746
Mornings Special,CatBoost,2016.171717171717,306.05492775235746
Mornings Special,CatBoost,2016.2727272727273,306.05492775235746
Mornings Special,CatBoost,2016.3737373737374,306.05492775235746
Mornings Special,CatBoost,2016.4747474747476,306.05492775235746
Mornings Special,CatBoost,2016.5757575757575,307.0454243442244
Mornings Special,CatBoost,2016.6767676767677,307.0454243442244
Mornings Special,CatBoost,2016.7777777777778,307.0454243442244
Mornings Special,CatBoost,2016.878787878788,307.0454243442244
Mornings Special,CatBoost,2016.979797979798,307.0454243442244
Mornings Special,CatBoost,2017.080808080808,307.0454243442244
Mornings Special,CatBoost,2017.1818181818182,307.0454243442244
Mornings Special,CatBoost,2017.2828282828282,307.0454243442244
Mornings Special,CatBoost,2017.3838383838383,307.0454243442244
Mornings Special,CatBoost,2017.4848484848485,307.0454243442244
Mornings Special,CatBoost,2017.5858585858587,306.34486607414055
Mornings Special,CatBoost,2017.6868686868686,306.34486607414055
Mornings Special,CatBoost,2017.7878787878788,306.34486607414055
Mornings Special,CatBoost,2017.888888888889,306.34486607414055
Mornings Special,CatBoost,2017.989898989899,306.34486607414055
Mornings Special,CatBoost,2018.090909090909,306.34486607414055
Mornings Special,CatBoost,2018.1919191919192,306.34486607414055
Mornings Special,CatBoost,2018.2929292929293,306.34486607414055
Mornings Special,CatBoost,2018.3939393939395,306.34486607414055
Mornings Special,CatBoost,2018.4949494949494,306.34486607414055
Mornings Special,CatBoost,2018.5959595959596,303.52178147584243
Mornings Special,CatBoost,2018.6969696969697,303.52178147584243
Mornings Special,CatBoost,2018.79797979798,303.52178147584243
Mornings Special,CatBoost,2018.8989898989898,303.52178147584243
Mornings Special,CatBoost,2019.0,303.52178147584243
Afternoons Special,CatBoost,2009.0,854.2434734461066
Afternoons Special,CatBoost,2009.1010101010102,854.2434734461066
Afternoons Special,CatBoost,2009.20202020202,854.2434734461066
Afternoons Special,CatBoost,2009.3030303030303,854.2434734461066
Afternoons Special,CatBoost,2009.4040404040404,854.2434734461066
Afternoons Special,CatBoost,2009.5050505050506,832.5004814918831
Afternoons Special,CatBoost,2009.6060606060605,832.5004814918831
Afternoons Special,CatBoost,2009.7070707070707,832.5004814918831
Afternoons Special,CatBoost,2009.8080808080808,832.5004814918831
Afternoons Special,CatBoost,2009.909090909091,832.5004814918831
Afternoons Special,CatBoost,2010.010101010101,832.5004814918831
Afternoons Special,CatBoost,2010.111111111111,832.5004814918831
Afternoons Special,CatBoost,2010.2121212121212,832.5004814918831
Afternoons Special,CatBoost,2010.3131313131314,832.5004814918831
Afternoons Special,CatBoost,2010.4141414141413,832.5004814918831
Afternoons Special,CatBoost,2010.5151515151515,861.6758743462651
Afternoons Special,CatBoost,2010.6161616161617,861.6758743462651
Afternoons Special,CatBoost,2010.7171717171718,861.6758743462651
Afternoons Special,CatBoost,2010.8181818181818,861.6758743462651
Afternoons Special,CatBoost,2010.919191919192,861.6758743462651
Afternoons Special,CatBoost,2011.020202020202,861.6758743462651
Afternoons Special,CatBoost,2011.121212121212,861.6758743462651
Afternoons Special,CatBoost,2011.2222222222222,861.6758743462651
Afternoons Special,CatBoost,2011.3232323232323,861.6758743462651
Afternoons Special,CatBoost,2011.4242424242425,861.6758743462651
Afternoons Special,CatBoost,2011.5252525252524,900.3531158597787
Afternoons Special,CatBoost,2011.6262626262626,900.3531158597787
Afternoons Special,CatBoost,2011.7272727272727,900.3531158597787
Afternoons Special,CatBoost,2011.828282828283,900.3531158597787
Afternoons Special,CatBoost,2011.9292929292928,900.3531158597787
Afternoons Special,CatBoost,2012.030303030303,900.3531158597787
Afternoons Special,CatBoost,2012.1313131313132,900.3531158597787
Afternoons Special,CatBoost,2012.2323232323233,900.3531158597787
Afternoons Special,CatBoost,2012.3333333333333,900.3531158597787
Afternoons Special,CatBoost,2012.4343434343434,900.3531158597787
Afternoons Special,CatBoost,2012.5353535353536,914.7320939919447
Afternoons Special,CatBoost,2012.6363636363637,914.7320939919447
Afternoons Special,CatBoost,2012.7373737373737,914.7320939919447
Afternoons Special,CatBoost,2012.8383838383838,914.7320939919447
Afternoons Special,CatBoost,2012.939393939394,914.7320939919447
Afternoons Special,CatBoost,2013.040404040404,914.7320939919447
Afternoons Special,CatBoost,2013.141414141414,914.7320939919447
Afternoons Special,CatBoost,2013.2424242424242,914.7320939919447
Afternoons Special,CatBoost,2013.3434343434344,914.7320939919447
Afternoons Special,CatBoost,2013.4444444444443,914.7320939919447
Afternoons Special,CatBoost,2013.5454545454545,922.1353156082437
Afternoons Special,CatBoost,2013.6464646464647,922.1353156082437
Afternoons Special,CatBoost,2013.7474747474748,922.1353156082437
Afternoons Special,CatBoost,2013.8484848484848,922.1353156082437
Afternoons Special,CatBoost,2013.949494949495,922.1353156082437
Afternoons Special,CatBoost,2014.050505050505,922.1353156082437
Afternoons Special,CatBoost,2014.1515151515152,922.1353156082437
Afternoons Special,CatBoost,2014.2525252525252,922.1353156082437
Afternoons Special,CatBoost,2014.3535353535353,922.1353156082437
Afternoons Special,CatBoost,2014.4545454545455,922.1353156082437
Afternoons Special,CatBoost,2014.5555555555557,967.3706056602284
Afternoons Special,CatBoost,2014.6565656565656,967.3706056602284
Afternoons Special,CatBoost,2014.7575757575758,967.3706056602284
Afternoons Special,CatBoost,2014.858585858586,967.3706056602284
Afternoons Special,CatBoost,2014.959595959596,967.3706056602284
Afternoons Special,CatBoost,2015.060606060606,967.3706056602284
Afternoons Special,CatBoost,2015.1616161616162,967.3706056602284
Afternoons Special,CatBoost,2015.2626262626263,967.3706056602284
Afternoons Special,CatBoost,2015.3636363636363,967.3706056602284
Afternoons Special,CatBoost,2015.4646464646464,967.3706056602284
Afternoons Special,CatBoost,2015.5656565656566,999.4256938032343
Afternoons Special,CatBoost,2015.6666666666667,999.4256938032343
Afternoons Special,CatBoost,2015.7676767676767,999.4256938032343
Afternoons Special,CatBoost,2015.8686868686868,999.4256938032343
Afternoons Special,CatBoost,2015.969696969697,999.4256938032343
Afternoons Special,CatBoost,2016.0707070707072,999.4256938032343
Afternoons Special,CatBoost,2016.171717171717,999.4256938032343
Afternoons Special,CatBoost,2016.2727272727273,999.4256938032343
Afternoons Special,CatBoost,2016.3737373737374,999.4256938032343
Afternoons Special,CatBoost,2016.4747474747476,999.4256938032343
Afternoons Special,CatBoost,2016.5757575757575,996.0609208964837
Afternoons Special,CatBoost,2016.6767676767677,996.0609208964837
Afternoons Special,CatBoost,2016.7777777777778,996.0609208964837
Afternoons Special,CatBoost,2016.878787878788,996.0609208964837
Afternoons Special,CatBoost,2016.979797979798,996.0609208964837
Afternoons Special,CatBoost,2017.080808080808,996.0609208964837
Afternoons Special,CatBoost,2017.1818181818182,996.0609208964837
Afternoons Special,CatBoost,2017.2828282828282,996.0609208964837
Afternoons Special,CatBoost,2017.3838383838383,996.0609208964837
Afternoons Special,CatBoost,2017.4848484848485,996.0609208964837
Afternoons Special,CatBoost,2017.5858585858587,997.2921768609572
Afternoons Special,CatBoost,2017.6868686868686,997.2921768609572
Afternoons Special,CatBoost,2017.7878787878788,997.2921768609572
Afternoons Special,CatBoost,2017.888888888889,997.2921768609572
Afternoons Special,CatBoost,2017.989898989899,997.2921768609572
Afternoons Special,CatBoost,2018.090909090909,997.2921768609572
Afternoons Special,CatBoost,2018.1919191919192,997.2921768609572
Afternoons Special,CatBoost,2018.2929292929293,997.2921768609572
Afternoons Special,CatBoost,2018.3939393939395,997.2921768609572
Afternoons Special,CatBoost,2018.4949494949494,997.2921768609572
Afternoons Special,CatBoost,2018.5959595959596,972.863098747246
Afternoons Special,CatBoost,2018.6969696969697,972.863098747246
Afternoons Special,CatBoost,2018.79797979798,972.863098747246
Afternoons Special,CatBoost,2018.8989898989898,972.863098747246
Afternoons Special,CatBoost,2019.0,972.863098747246
Afternoons Special,LightGBM,2009.0,870.3986334601911
Afternoons Special,LightGBM,2009.1010101010102,870.3986334601911
Afternoons Special,LightGBM,2009.20202020202,870.3986334601911
Afternoons Special,LightGBM,2009.3030303030303,870.3986334601911
Afternoons Special,LightGBM,2009.4040404040404,870.3986334601911
Afternoons Special,LightGBM,2009.5050505050506,856.0612561151448
Afternoons Special,LightGBM,2009.6060606060605,856.0612561151448
Afternoons Special,LightGBM,2009.7070707070707,856.0612561151448
Afternoons Special,LightGBM,2009.8080808080808,856.0612561151448
Afternoons Special,LightGBM,2009.909090909091,856.0612561151448
Afternoons Special,LightGBM,2010.010101010101,856.0612561151448
Afternoons Special,LightGBM,2010.111111111111,856.0612561151448
Afternoons Special,LightGBM,2010.2121212121212,856.0612561151448
Afternoons Special,LightGBM,2010.3131313131314,856.0612561151448
Afternoons Special,LightGBM,2010.4141414141413,856.0612561151448
Afternoons Special,LightGBM,2010.5151515151515,872.2531186213488
Afternoons Special,LightGBM,2010.6161616161617,872.2531186213488
Afternoons Special,LightGBM,2010.7171717171718,872.2531186213488
Afternoons Special,LightGBM,2010.8181818181818,872.2531186213488
Afternoons Special,LightGBM,2010.919191919192,872.2531186213488
Afternoons Special,LightGBM,2011.020202020202,872.2531186213488
Afternoons Special,LightGBM,2011.121212121212,872.2531186213488
Afternoons Special,LightGBM,2011.2222222222222,872.2531186213488
Afternoons Special,LightGBM,2011.3232323232323,872.2531186213488
Afternoons Special,LightGBM,2011.4242424242425,872.2531186213488
Afternoons Special,LightGBM,2011.5252525252524,890.6319192124433
Afternoons Special,LightGBM,2011.6262626262626,890.6319192124433
Afternoons Special,LightGBM,2011.7272727272727,890.6319192124433
Afternoons Special,LightGBM,2011.828282828283,890.6319192124433
Afternoons Special,LightGBM,2011.9292929292928,890.6319192124433
Afternoons Special,LightGBM,2012.030303030303,890.6319192124433
Afternoons Special,LightGBM,2012.1313131313132,890.6319192124433
Afternoons Special,LightGBM,2012.2323232323233,890.6319192124433
Afternoons Special,LightGBM,2012.3333333333333,890.6319192124433
Afternoons Special,LightGBM,2012.4343434343434,890.6319192124433
Afternoons Special,LightGBM,2012.5353535353536,918.5897017780667
Afternoons Special,LightGBM,2012.6363636363637,918.5897017780667
Afternoons Special,LightGBM,2012.7373737373737,918.5897017780667
Afternoons Special,LightGBM,2012.8383838383838,918.5897017780667
Afternoons Special,LightGBM,2012.939393939394,918.5897017780667
Afternoons Special,LightGBM,2013.040404040404,918.5897017780667
Afternoons Special,LightGBM,2013.141414141414,918.5897017780667
Afternoons Special,LightGBM,2013.2424242424242,918.5897017780667
Afternoons Special,LightGBM,2013.3434343434344,918.5897017780667
Afternoons Special,LightGBM,2013.4444444444443,918.5897017780667
Afternoons Special,LightGBM,2013.5454545454545,922.6183159280793
Afternoons Special,LightGBM,2013.6464646464647,922.6183159280793
Afternoons Special,LightGBM,2013.7474747474748,922.6183159280793
Afternoons Special,LightGBM,2013.8484848484848,922.6183159280793
Afternoons Special,LightGBM,2013.949494949495,922.6183159280793
Afternoons Special,LightGBM,2014.050505050505,922.6183159280793
Afternoons Special,LightGBM,2014.1515151515152,922.6183159280793
Afternoons Special,LightGBM,2014.2525252525252,922.6183159280793
Afternoons Special,LightGBM,2014.3535353535353,922.6183159280793
Afternoons Special,LightGBM,2014.4545454545455,922.6183159280793
Afternoons Special,LightGBM,2014.5555555555557,997.4109396523958
Afternoons Special,LightGBM,2014.6565656565656,997.4109396523958
Afternoons Special,LightGBM,2014.7575757575758,997.4109396523958
Afternoons Special,LightGBM,2014.858585858586,997.4109396523958
Afternoons Special,LightGBM,2014.959595959596,997.4109396523958
Afternoons Special,LightGBM,2015.060606060606,997.4109396523958
Afternoons Special,LightGBM,2015.1616161616162,997.4109396523958
Afternoons Special,LightGBM,2015.2626262626263,997.4109396523958
Afternoons Special,LightGBM,2015.3636363636363,997.4109396523958
Afternoons Special,LightGBM,2015.4646464646464,997.4109396523958
Afternoons Special,LightGBM,2015.5656565656566,1004.4484890567006
Afternoons Special,LightGBM,2015.6666666666667,1004.4484890567006
Afternoons Special,LightGBM,2015.7676767676767,1004.4484890567006
Afternoons Special,LightGBM,2015.8686868686868,1004.4484890567006
Afternoons Special,LightGBM,2015.969696969697,1004.4484890567006
Afternoons Special,LightGBM,2016.0707070707072,1004.4484890567006
Afternoons Special,LightGBM,2016.171717171717,1004.4484890567006
Afternoons Special,LightGBM,2016.2727272727273,1004.4484890567006
Afternoons Special,LightGBM,2016.3737373737374,1004.4484890567006
Afternoons Special,LightGBM,2016.4747474747476,1004.4484890567006
Afternoons Special,LightGBM,2016.5757575757575,1001.7498958336879
Afternoons Special,LightGBM,2016.6767676767677,1001.7498958336879
Afternoons Special,LightGBM,2016.7777777777778,1001.7498958336879
Afternoons Special,LightGBM,2016.878787878788,1001.7498958336879
Afternoons Special,LightGBM,2016.979797979798,1001.7498958336879
Afternoons Special,LightGBM,2017.080808080808,1001.7498958336879
Afternoons Special,LightGBM,2017.1818181818182,1001.7498958336879
Afternoons Special,LightGBM,2017.2828282828282,1001.7498958336879
Afternoons Special,LightGBM,2017.3838383838383,1001.7498958336879
Afternoons Special,LightGBM,2017.4848484848485,1001.7498958336879
Afternoons Special,LightGBM,2017.5858585858587,1001.7301458824146
Afternoons Special,LightGBM,2017.6868686868686,1001.7301458824146
Afternoons Special,LightGBM,2017.7878787878788,1001.7301458824146
Afternoons Special,LightGBM,2017.888888888889,1001.7301458824146
Afternoons Special,LightGBM,2017.989898989899,1001.7301458824146
Afternoons Special,LightGBM,2018.090909090909,1001.7301458824146
Afternoons Special,LightGBM,2018.1919191919192,1001.7301458824146
Afternoons Special,LightGBM,2018.2929292929293,1001.7301458824146
Afternoons Special,LightGBM,2018.3939393939395,1001.7301458824146
Afternoons Special,LightGBM,2018.4949494949494,1001.7301458824146
Afternoons Special,LightGBM,2018.5959595959596,996.0350446788323
Afternoons Special,LightGBM,2018.6969696969697,996.0350446788323
Afternoons Special,LightGBM,2018.79797979798,996.0350446788323
Afternoons Special,LightGBM,2018.8989898989898,996.0350446788323
Afternoons Special,LightGBM,2019.0,996.0350446788323
Afternoons Special,XGBoost,2009.0,833.412841796875
Afternoons Special,XGBoost,2009.1010101010102,833.412841796875
Afternoons Special,XGBoost,2009.20202020202,833.412841796875
Afternoons Special,XGBoost,2009.3030303030303,833.412841796875
Afternoons Special,XGBoost,2009.4040404040404,833.412841796875
Afternoons Special,XGBoost,2009.5050505050506,833.412841796875
Afternoons Special,XGBoost,2009.6060606060605,833.412841796875
Afternoons Special,XGBoost,2009.7070707070707,833.412841796875
Afternoons Special,XGBoost,2009.8080808080808,833.412841796875
Afternoons Special,XGBoost,2009.909090909091,833.412841796875
Afternoons Special,XGBoost,2010.010101010101,814.3765869140625
Afternoons Special,XGBoost,2010.111111111111,814.3765869140625
Afternoons Special,XGBoost,2010.2121212121212,814.3765869140625
Afternoons Special,XGBoost,2010.3131313131314,814.3765869140625
Afternoons Special,XGBoost,2010.4141414141413,814.3765869140625
Afternoons Special,XGBoost,2010.5151515151515,814.3765869140625
Afternoons Special,XGBoost,2010.6161616161617,814.3765869140625
Afternoons Special,XGBoost,2010.7171717171718,814.3765869140625
Afternoons Special,XGBoost,2010.8181818181818,814.3765869140625
Afternoons Special,XGBoost,2010.919191919192,814.3765869140625
Afternoons Special,XGBoost,2011.020202020202,848.9806518554688
Afternoons Special,XGBoost,2011.121212121212,848.9806518554688
Afternoons Special,XGBoost,2011.2222222222222,848.9806518554688
Afternoons Special,XGBoost,2011.3232323232323,848.9806518554688
Afternoons Special,XGBoost,2011.4242424242425,848.9806518554688
Afternoons Special,XGBoost,2011.5252525252524,848.9806518554688
Afternoons Special,XGBoost,2011.6262626262626,848.9806518554688
Afternoons Special,XGBoost,2011.7272727272727,848.9806518554688
Afternoons Special,XGBoost,2011.828282828283,848.9806518554688
Afternoons Special,XGBoost,2011.9292929292928,848.9806518554688
Afternoons Special,XGBoost,2012.030303030303,871.28662109375
Afternoons Special,XGBoost,2012.1313131313132,871.28662109375
Afternoons Special,XGBoost,2012.2323232323233,871.28662109375
Afternoons Special,XGBoost,2012.3333333333333,871.28662109375
Afternoons Special,XGBoost,2012.4343434343434,871.28662109375
Afternoons Special,XGBoost,2012.5353535353536,871.28662109375
Afternoons Special,XGBoost,2012.6363636363637,871.28662109375
Afternoons Special,XGBoost,2012.7373737373737,871.28662109375
Afternoons Special,XGBoost,2012.8383838383838,871.28662109375
Afternoons Special,XGBoost,2012.939393939394,871.28662109375
Afternoons Special,XGBoost,2013.040404040404,900.9659423828125
Afternoons Special,XGBoost,2013.141414141414,900.9659423828125
Afternoons Special,XGBoost,2013.2424242424242,900.9659423828125
Afternoons Special,XGBoost,2013.3434343434344,900.9659423828125
Afternoons Special,XGBoost,2013.4444444444443,900.9659423828125
Afternoons Special,XGBoost,2013.5454545454545,900.9659423828125
Afternoons Special,XGBoost,2013.6464646464647,900.9659423828125
Afternoons Special,XGBoost,2013.7474747474748,900.9659423828125
Afternoons Special,XGBoost,2013.8484848484848,900.9659423828125
Afternoons Special,XGBoost,2013.949494949495,900.9659423828125
Afternoons Special,XGBoost,2014.050505050505,901.8268432617188
Afternoons Special,XGBoost,2014.1515151515152,901.8268432617188
Afternoons Special,XGBoost,2014.2525252525252,901.8268432617188
Afternoons Special,XGBoost,2014.3535353535353,901.8268432617188
Afternoons Special,XGBoost,2014.4545454545455,901.8268432617188
Afternoons Special,XGBoost,2014.5555555555557,901.8268432617188
Afternoons Special,XGBoost,2014.6565656565656,901.8268432617188
Afternoons Special,XGBoost,2014.7575757575758,901.8268432617188
Afternoons Special,XGBoost,2014.858585858586,901.8268432617188
Afternoons Special,XGBoost,2014.959595959596,901.8268432617188
Afternoons Special,XGBoost,2015.060606060606,984.196044921875
Afternoons Special,XGBoost,2015.1616161616162,984.196044921875
Afternoons Special,XGBoost,2015.2626262626263,984.196044921875
Afternoons Special,XGBoost,2015.3636363636363,984.196044921875
Afternoons Special,XGBoost,2015.4646464646464,984.196044921875
Afternoons Special,XGBoost,2015.5656565656566,984.196044921875
Afternoons Special,XGBoost,2015.6666666666667,984.196044921875
Afternoons Special,XGBoost,2015.7676767676767,984.196044921875
Afternoons Special,XGBoost,2015.8686868686868,984.196044921875
Afternoons Special,XGBoost,2015.969696969697,984.196044921875
Afternoons Special,XGBoost,2016.0707070707072,1027.194580078125
Afternoons Special,XGBoost,2016.171717171717,1027.194580078125
Afternoons Special,XGBoost,2016.2727272727273,1027.194580078125
Afternoons Special,XGBoost,2016.3737373737374,1027.194580078125
Afternoons Special,XGBoost,2016.4747474747476,1027.194580078125
Afternoons Special,XGBoost,2016.5757575757575,1027.194580078125
Afternoons Special,XGBoost,2016.6767676767677,1027.194580078125
Afternoons Special,XGBoost,2016.7777777777778,1027.194580078125
Afternoons Special,XGBoost,2016.878787878788,1027.194580078125
Afternoons Special,XGBoost,2016.979797979798,1027.194580078125
Afternoons Special,XGBoost,2017.080808080808,1024.8861083984375
Afternoons Special,XGBoost,2017.1818181818182,1024.8861083984375
Afternoons Special,XGBoost,2017.2828282828282,1024.8861083984375
Afternoons Special,XGBoost,2017.3838383838383,1024.8861083984375
Afternoons Special,XGBoost,2017.4848484848485,1024.8861083984375
Afternoons Special,XGBoost,2017.5858585858587,1024.8861083984375
Afternoons Special,XGBoost,2017.6868686868686,1024.8861083984375
Afternoons Special,XGBoost,2017.7878787878788,1024.8861083984375
Afternoons Special,XGBoost,2017.888888888889,1024.8861083984375
Afternoons Special,XGBoost,2017.989898989899,1024.8861083984375
Afternoons Special,XGBoost,2018.090909090909,1021.29931640625
Afternoons Special,XGBoost,2018.1919191919192,1021.29931640625
Afternoons Special,XGBoost,2018.2929292929293,1021.29931640625
Afternoons Special,XGBoost,2018.3939393939395,1021.29931640625
Afternoons Special,XGBoost,2018.4949494949494,1021.29931640625
Afternoons Special,XGBoost,2018.5959595959596,1021.29931640625
Afternoons Special,XGBoost,2018.6969696969697,1021.29931640625
Afternoons Special,XGBoost,2018.79797979798,1021.29931640625
Afternoons Special,XGBoost,2018.8989898989898,1021.29931640625
Afternoons Special,XGBoost,2019.0,996.3744506835938
Evenings Special,CatBoost,2009.0,449.6566539112389
Evenings Special,CatBoost,2009.1010101010102,449.6566539112389
Evenings Special,CatBoost,2009.20202020202,449.6566539112389
Evenings Special,CatBoost,2009.3030303030303,449.6566539112389
Evenings Special,CatBoost,2009.4040404040404,449.6566539112389
Evenings Special,CatBoost,2009.5050505050506,440.0615360208072
Evenings Special,CatBoost,2009.6060606060605,440.0615360208072
Evenings Special,CatBoost,2009.7070707070707,440.0615360208072
Evenings Special,CatBoost,2009.8080808080808,440.0615360208072
Evenings Special,CatBoost,2009.909090909091,440.0615360208072
Evenings Special,CatBoost,2010.010101010101,440.0615360208072
Evenings Special,CatBoost,2010.111111111111,440.0615360208072
Evenings Special,CatBoost,2010.2121212121212,440.0615360208072
Evenings Special,CatBoost,2010.3131313131314,440.0615360208072
Evenings Special,CatBoost,2010.4141414141413,440.0615360208072
Evenings Special,CatBoost,2010.5151515151515,451.7328971449354
Evenings Special,CatBoost,2010.6161616161617,451.7328971449354
Evenings Special,CatBoost,2010.7171717171718,451.7328971449354
Evenings Special,CatBoost,2010.8181818181818,451.7328971449354
Evenings Special,CatBoost,2010.919191919192,451.7328971449354
Evenings Special,CatBoost,2011.020202020202,451.7328971449354
Evenings Special,CatBoost,2011.121212121212,451.7328971449354
Evenings Special,CatBoost,2011.2222222222222,451.7328971449354
Evenings Special,CatBoost,2011.3232323232323,451.7328971449354
Evenings Special,CatBoost,2011.4242424242425,451.7328971449354
Evenings Special,CatBoost,2011.5252525252524,487.61129129318584
Evenings Special,CatBoost,2011.6262626262626,487.61129129318584
Evenings Special,CatBoost,2011.7272727272727,487.61129129318584
Evenings Special,CatBoost,2011.828282828283,487.61129129318584
Evenings Special,CatBoost,2011.9292929292928,487.61129129318584
Evenings Special,CatBoost,2012.030303030303,487.61129129318584
Evenings Special,CatBoost,2012.1313131313132,487.61129129318584
Evenings Special,CatBoost,2012.2323232323233,487.61129129318584
Evenings Special,CatBoost,2012.3333333333333,487.61129129318584
Evenings Special,CatBoost,2012.4343434343434,487.61129129318584
Evenings Special,CatBoost,2012.5353535353536,514.8018590590527
Evenings Special,CatBoost,2012.6363636363637,514.8018590590527
Evenings Special,CatBoost,2012.7373737373737,514.8018590590527
Evenings Special,CatBoost,2012.8383838383838,514.8018590590527
Evenings Special,CatBoost,2012.939393939394,514.8018590590527
Evenings Special,CatBoost,2013.040404040404,514.8018590590527
Evenings Special,CatBoost,2013.141414141414,514.8018590590527
Evenings Special,CatBoost,2013.2424242424242,514.8018590590527
Evenings Special,CatBoost,2013.3434343434344,514.8018590590527
Evenings Special,CatBoost,2013.4444444444443,514.8018590590527
Evenings Special,CatBoost,2013.5454545454545,519.2353043210924
Evenings Special,CatBoost,2013.6464646464647,519.2353043210924
Evenings Special,CatBoost,2013.7474747474748,519.2353043210924
Evenings Special,CatBoost,2013.8484848484848,519.2353043210924
Evenings Special,CatBoost,2013.949494949495,519.2353043210924
Evenings Special,CatBoost,2014.050505050505,519.2353043210924
Evenings Special,CatBoost,2014.1515151515152,519.2353043210924
Evenings Special,CatBoost,2014.2525252525252,519.2353043210924
Evenings Special,CatBoost,2014.3535353535353,519.2353043210924
Evenings Special,CatBoost,2014.4545454545455,519.2353043210924
Evenings Special,CatBoost,2014.5555555555557,586.3494206910686
Evenings Special,CatBoost,2014.6565656565656,586.3494206910686
Evenings Special,CatBoost,2014.7575757575758,586.3494206910686
Evenings Special,CatBoost,2014.858585858586,586.3494206910686
Evenings Special,CatBoost,2014.959595959596,586.3494206910686
Evenings Special,CatBoost,2015.060606060606,586.3494206910686
Evenings Special,CatBoost,2015.1616161616162,586.3494206910686
Evenings Special,CatBoost,2015.2626262626263,586.3494206910686
Evenings Special,CatBoost,2015.3636363636363,586.3494206910686
Evenings Special,CatBoost,2015.4646464646464,586.3494206910686
Evenings Special,CatBoost,2015.5656565656566,609.1900267671552
Evenings Special,CatBoost,2015.6666666666667,609.1900267671552
Evenings Special,CatBoost,2015.7676767676767,609.1900267671552
Evenings Special,CatBoost,2015.8686868686868,609.1900267671552
Evenings Special,CatBoost,2015.969696969697,609.1900267671552
Evenings Special,CatBoost,2016.0707070707072,609.1900267671552
Evenings Special,CatBoost,2016.171717171717,609.1900267671552
Evenings Special,CatBoost,2016.2727272727273,609.1900267671552
Evenings Special,CatBoost,2016.3737373737374,609.1900267671552
Evenings Special,CatBoost,2016.4747474747476,609.1900267671552
Evenings Special,CatBoost,2016.5757575757575,613.7224280124601
Evenings Special,CatBoost,2016.6767676767677,613.7224280124601
Evenings Special,CatBoost,2016.7777777777778,613.7224280124601
Evenings Special,CatBoost,2016.878787878788,613.7224280124601
Evenings Special,CatBoost,2016.979797979798,613.7224280124601
Evenings Special,CatBoost,2017.080808080808,613.7224280124601
Evenings Special,CatBoost,2017.1818181818182,613.7224280124601
Evenings Special,CatBoost,2017.2828282828282,613.7224280124601
Evenings Special,CatBoost,2017.3838383838383,613.7224280124601
Evenings Special,CatBoost,2017.4848484848485,613.7224280124601
Evenings Special,CatBoost,2017.5858585858587,614.0642195616908
Evenings Special,CatBoost,2017.6868686868686,614.0642195616908
Evenings Special,CatBoost,2017.7878787878788,614.0642195616908
Evenings Special,CatBoost,2017.888888888889,614.0642195616908
Evenings Special,CatBoost,2017.989898989899,614.0642195616908
Evenings Special,CatBoost,2018.090909090909,614.0642195616908
Evenings Special,CatBoost,2018.1919191919192,614.0642195616908
Evenings Special,CatBoost,2018.2929292929293,614.0642195616908
Evenings Special,CatBoost,2018.3939393939395,614.0642195616908
Evenings Special,CatBoost,2018.4949494949494,614.0642195616908
Evenings Special,CatBoost,2018.5959595959596,621.8901661291585
Evenings Special,CatBoost,2018.6969696969697,621.8901661291585
Evenings Special,CatBoost,2018.79797979798,621.8901661291585
Evenings Special,CatBoost,2018.8989898989898,621.8901661291585
Evenings Special,CatBoost,2019.0,621.8901661291585
